vehicle_id,timestamp,voltage_v,current_a,temperature_c,soc_percent,remaining_capacity_kwh,estimated_range_km,mileage_km
EV000157,2025-01-01T00:00:00Z,375.076,40.225,24.358,55.75,38.36,308.98,110144.0
EV000132,2025-01-01T06:00:00Z,359.826,67.292,46.118,18.07,50.576,389.42,67361.4
EV000070,2025-01-01T12:00:00Z,364.026,43.072,27.456,18.02,48.649,402.18,128147.7
EV000381,2025-01-01T18:00:00Z,361.705,39.819,18.278,32.52,54.516,424.12,25087.6
EV000325,2025-01-02T00:00:00Z,360.413,26.792,27.12,80.09,41.022,319.62,57196.3
EV000081,2025-01-02T06:00:00Z,368.888,46.626,28.226,54.62,53.329,447.73,26929.4
EV000380,2025-01-02T12:00:00Z,370.015,38.054,48.025,28.27,51.882,415.05,16269.7
EV000147,2025-01-02T18:00:00Z,359.875,37.634,28.079,22.14,53.401,426.66,32297.9
EV000346,2025-01-03T00:00:00Z,360.744,58.305,29.528,43.66,41.858,331.7,9016.1
EV000214,2025-01-03T06:00:00Z,353.179,22.833,28.033,80.43,53.283,417.54,33813.7
EV000291,2025-01-03T12:00:00Z,369.614,32.693,29.76,84.64,49.33,403.02,82262.7
EV000075,2025-01-03T18:00:00Z,369.101,46.922,28.754,37.98,50.233,396.89,64896.1
EV000101,2025-01-04T00:00:00Z,364.498,23.796,25.273,65.24,43.845,338.65,8487.9
EV000138,2025-01-04T06:00:00Z,365.549,59.216,26.539,21.7,54.247,432.49,28232.0
EV000231,2025-01-04T12:00:00Z,357.602,55.62,27.269,89.48,53.884,427.22,9594.7
EV000358,2025-01-04T18:00:00Z,364.978,62.39,23.908,17.07,35.378,272.9,100045.2
EV000236,2025-01-05T00:00:00Z,368.507,69.74,29.968,85.85,52.94,415.73,42000.6
EV000356,2025-01-05T06:00:00Z,358.429,46.195,45.944,60.81,46.922,375.62,117270.0
EV000249,2025-01-05T12:00:00Z,347.629,40.634,25.495,78.01,52.508,417.48,57482.5
EV000419,2025-01-05T18:00:00Z,371.012,45.467,30.956,88.35,47.651,395.65,96015.9
EV000002,2025-01-06T00:00:00Z,376.726,38.736,45.018,39.9,47.519,391.77,96981.9
EV000455,2025-01-06T06:00:00Z,356.807,59.317,31.384,81.19,46.74,383.92,112527.3
EV000079,2025-01-06T12:00:00Z,364.061,36.848,27.923,56.85,49.232,401.96,82022.8
EV000129,2025-01-06T18:00:00Z,364.874,40.293,33.316,22.69,38.185,301.07,52178.7
EV000383,2025-01-07T00:00:00Z,354.022,27.241,26.47,94.94,38.915,305.08,14847.1
EV000372,2025-01-07T06:00:00Z,366.512,75.151,30.989,56.13,51.013,412.41,11518.6
EV000320,2025-01-07T12:00:00Z,368.303,70.193,33.03,82.96,49.657,398.16,73631.9
EV000079,2025-01-07T18:00:00Z,366.965,58.241,29.007,18.11,47.041,376.19,119847.0
EV000077,2025-01-08T00:00:00Z,343.0,43.835,26.455,84.97,52.639,417.04,38214.0
EV000339,2025-01-08T06:00:00Z,379.878,31.2,28.977,34.02,50.489,396.86,118454.4
EV000336,2025-01-08T12:00:00Z,359.001,26.36,28.587,84.14,51.739,394.52,52362.4
EV000010,2025-01-08T18:00:00Z,361.144,55.719,25.766,92.73,46.73,375.89,136128.1
EV000176,2025-01-09T00:00:00Z,369.807,31.541,32.174,45.69,44.972,357.42,119726.6
EV000019,2025-01-09T06:00:00Z,363.206,37.625,25.508,37.75,53.824,433.53,17577.8
EV000418,2025-01-09T12:00:00Z,349.131,40.052,29.188,88.68,35.266,299.73,94208.0
EV000419,2025-01-09T18:00:00Z,372.27,53.365,31.251,47.48,48.031,384.77,127418.7
EV000061,2025-01-10T00:00:00Z,349.08,64.043,31.375,38.8,40.747,328.05,47505.5
EV000362,2025-01-10T06:00:00Z,359.39,47.254,30.217,36.07,50.525,414.17,74777.1
EV000038,2025-01-10T12:00:00Z,373.066,36.046,32.229,29.97,47.443,369.16,114110.8
EV000150,2025-01-10T18:00:00Z,369.784,50.64,25.245,59.7,48.822,396.69,80254.5
EV000376,2025-01-11T00:00:00Z,370.445,48.993,25.399,56.58,47.735,382.96,110546.5
EV000375,2025-01-11T06:00:00Z,360.707,43.728,30.287,63.52,54.958,435.99,23829.7
EV000450,2025-01-11T12:00:00Z,362.626,20.874,46.324,43.41,46.574,359.45,129777.0
EV000157,2025-01-11T18:00:00Z,375.284,37.162,28.762,87.41,44.468,358.05,21759.8
EV000271,2025-01-12T00:00:00Z,369.072,47.878,26.93,58.29,51.536,440.88,46966.3
EV000280,2025-01-12T06:00:00Z,363.634,53.484,26.561,67.57,48.275,383.89,98022.6
EV000169,2025-01-12T12:00:00Z,368.373,37.95,31.881,82.25,52.106,404.34,51612.5
EV000388,2025-01-12T18:00:00Z,364.867,37.14,30.123,51.0,48.675,402.75,129832.2
EV000247,2025-01-13T00:00:00Z,371.014,34.643,34.153,18.74,38.781,313.71,48220.7
EV000096,2025-01-13T06:00:00Z,361.094,33.475,43.866,21.74,53.358,423.64,41910.3
EV000208,2025-01-13T12:00:00Z,367.268,39.506,29.762,34.52,49.016,391.54,114040.1
EV000182,2025-01-13T18:00:00Z,378.39,35.772,48.483,39.28,47.607,381.18,96491.2
EV000444,2025-01-14T00:00:00Z,361.865,38.501,29.224,60.23,39.714,324.53,43767.7
EV000177,2025-01-14T06:00:00Z,373.726,40.747,26.366,57.1,54.783,437.75,13356.4
EV000458,2025-01-14T12:00:00Z,374.488,38.911,24.779,89.21,39.34,332.82,60824.7
EV000337,2025-01-14T18:00:00Z,347.858,59.003,30.45,16.29,52.372,404.17,52198.5
EV000228,2025-01-15T00:00:00Z,350.75,72.393,27.81,71.41,46.981,385.16,124114.4
EV000109,2025-01-15T06:00:00Z,352.081,42.458,43.836,28.99,48.089,391.06,127222.7
EV000472,2025-01-15T12:00:00Z,358.762,27.815,46.922,30.34,49.457,408.72,78210.0
EV000310,2025-01-15T18:00:00Z,359.761,30.32,26.868,69.62,47.192,390.41,135511.6
EV000436,2025-01-16T00:00:00Z,377.476,45.2,31.952,36.41,50.861,400.4,48898.6
EV000378,2025-01-16T06:00:00Z,369.795,49.405,26.682,58.84,48.583,396.77,88196.7
EV000226,2025-01-16T12:00:00Z,362.506,48.247,28.932,81.67,51.208,401.47,44867.1
EV000116,2025-01-16T18:00:00Z,357.725,32.182,30.2,70.18,54.072,422.25,11809.6
EV000238,2025-01-17T00:00:00Z,355.992,58.477,48.385,75.6,52.471,418.62,18068.2
EV000183,2025-01-17T06:00:00Z,370.113,39.314,33.971,65.49,53.644,425.37,6946.9
EV000184,2025-01-17T12:00:00Z,363.496,79.909,25.768,23.64,52.0,408.94,17762.8
EV000023,2025-01-17T18:00:00Z,362.545,26.57,41.376,36.55,44.914,362.36,139453.2
EV000277,2025-01-18T00:00:00Z,364.409,27.545,30.285,94.31,53.768,441.6,16689.9
EV000269,2025-01-18T06:00:00Z,359.103,23.579,28.469,44.97,46.039,369.43,123225.1
EV000024,2025-01-18T12:00:00Z,364.739,12.699,27.255,82.67,45.561,354.88,126314.0
EV000253,2025-01-18T18:00:00Z,373.069,30.752,26.311,90.73,48.765,399.27,76327.2
EV000206,2025-01-19T00:00:00Z,355.193,52.818,31.713,64.05,39.605,313.45,74945.5
EV000343,2025-01-19T06:00:00Z,360.94,45.305,32.106,89.06,48.002,367.92,98982.4
EV000462,2025-01-19T12:00:00Z,366.163,37.478,32.281,80.36,38.461,303.23,38523.4
EV000271,2025-01-19T18:00:00Z,353.532,24.219,29.726,40.47,51.497,413.19,43757.0
EV000450,2025-01-20T00:00:00Z,366.443,35.338,51.393,65.48,55.808,441.7,6463.7
EV000432,2025-01-20T06:00:00Z,371.125,63.934,28.094,35.58,55.563,451.94,28149.5
EV000082,2025-01-20T12:00:00Z,360.105,39.501,50.288,36.18,49.294,401.59,79281.8
EV000423,2025-01-20T18:00:00Z,388.239,47.134,42.008,17.59,51.836,406.48,46421.5
EV000088,2025-01-21T00:00:00Z,372.396,6.075,44.751,61.35,47.583,393.47,117088.9
EV000059,2025-01-21T06:00:00Z,361.515,26.743,27.796,16.15,49.837,406.77,114341.7
EV000093,2025-01-21T12:00:00Z,369.322,40.311,22.487,61.02,49.795,397.73,58603.8
EV000296,2025-01-21T18:00:00Z,363.919,67.858,34.315,65.07,37.156,297.61,101501.1
EV000025,2025-01-22T00:00:00Z,357.421,23.494,30.086,85.5,46.195,382.18,116265.8
EV000343,2025-01-22T06:00:00Z,353.629,30.234,29.557,48.28,46.342,386.53,110407.4
EV000317,2025-01-22T12:00:00Z,362.642,59.675,29.624,19.53,43.953,332.51,132749.5
EV000232,2025-01-22T18:00:00Z,364.446,42.553,30.058,84.58,49.905,392.44,33455.8
EV000014,2025-01-23T00:00:00Z,359.17,41.552,33.715,35.45,37.307,307.11,85784.3
EV000138,2025-01-23T06:00:00Z,373.768,41.725,33.396,34.87,50.019,394.18,68076.8
EV000284,2025-01-23T12:00:00Z,360.477,45.435,45.16,26.9,51.58,404.55,5472.1
EV000076,2025-01-23T18:00:00Z,366.213,30.076,46.251,42.35,49.435,400.52,101872.0
EV000304,2025-01-24T00:00:00Z,349.919,62.976,28.95,75.68,42.72,355.57,16821.3
EV000377,2025-01-24T06:00:00Z,360.538,47.137,30.518,39.99,54.53,449.66,29944.1
EV000387,2025-01-24T12:00:00Z,361.623,43.606,28.782,77.91,48.019,403.14,106164.5
EV000009,2025-01-24T18:00:00Z,359.237,38.995,46.904,71.9,45.319,361.61,130782.1
EV000240,2025-01-25T00:00:00Z,361.36,25.786,31.591,16.49,48.71,388.7,103124.3
EV000263,2025-01-25T06:00:00Z,373.674,36.379,31.858,16.88,46.693,356.79,124240.8
EV000158,2025-01-25T12:00:00Z,373.633,29.352,30.137,18.23,49.52,402.42,74364.6
EV000497,2025-01-25T18:00:00Z,377.998,38.46,28.352,90.32,39.622,324.08,70699.8
EV000180,2025-01-26T00:00:00Z,366.088,38.249,28.809,31.16,53.726,428.18,43391.4
EV000361,2025-01-26T06:00:00Z,356.593,46.54,46.157,21.85,53.598,406.23,14292.7
EV000331,2025-01-26T12:00:00Z,384.477,57.642,30.809,90.33,51.117,401.18,27689.7
EV000084,2025-01-26T18:00:00Z,365.918,42.441,29.394,90.84,52.922,423.32,35143.8
EV000032,2025-01-27T00:00:00Z,352.462,37.824,32.683,25.87,48.39,398.1,122888.5
EV000425,2025-01-27T06:00:00Z,368.103,65.636,28.586,29.31,56.427,460.65,5317.5
EV000127,2025-01-27T12:00:00Z,349.181,56.88,43.454,78.86,49.673,410.03,61984.5
EV000329,2025-01-27T18:00:00Z,384.473,49.533,31.259,15.7,46.759,361.51,136183.7
EV000217,2025-01-28T00:00:00Z,365.223,51.299,24.209,48.06,44.701,342.21,127412.3
EV000392,2025-01-28T06:00:00Z,357.481,33.795,31.358,53.73,55.85,442.09,19988.8
EV000256,2025-01-28T12:00:00Z,369.422,41.711,28.693,53.55,34.522,281.96,105458.6
EV000134,2025-01-28T18:00:00Z,370.439,33.198,27.482,32.35,45.559,375.9,122724.5
EV000099,2025-01-29T00:00:00Z,358.22,38.681,27.209,49.61,52.278,405.84,30334.4
EV000472,2025-01-29T06:00:00Z,361.497,29.869,41.443,51.74,53.946,432.88,38978.4
EV000339,2025-01-29T12:00:00Z,366.353,60.357,23.489,56.27,46.839,384.21,97294.8
EV000340,2025-01-29T18:00:00Z,375.673,35.827,27.808,51.02,46.833,387.6,107284.9
EV000287,2025-01-30T00:00:00Z,365.986,60.479,30.542,66.82,36.136,300.19,123203.4
EV000118,2025-01-30T06:00:00Z,360.22,40.489,26.508,54.48,39.2,284.64,58716.4
EV000124,2025-01-30T12:00:00Z,364.107,34.781,31.653,45.78,50.791,404.85,11461.3
EV000174,2025-01-30T18:00:00Z,372.354,21.746,26.083,86.72,47.854,354.39,136834.6
EV000467,2025-01-31T00:00:00Z,372.698,29.539,30.26,23.92,54.734,437.99,39938.0
EV000089,2025-01-31T06:00:00Z,367.333,63.051,28.331,61.16,39.072,316.87,108943.1
EV000232,2025-01-31T12:00:00Z,379.533,52.294,26.796,20.28,47.533,391.67,129107.7
EV000005,2025-01-31T18:00:00Z,363.258,35.735,25.375,23.14,52.34,411.79,78060.2
EV000061,2025-02-01T00:00:00Z,363.17,43.958,32.023,77.44,37.925,300.82,75685.1
EV000038,2025-02-01T06:00:00Z,368.317,65.165,28.455,49.88,51.393,401.95,37444.5
EV000376,2025-02-01T12:00:00Z,361.466,42.264,23.458,31.03,56.623,453.75,13228.8
EV000077,2025-02-01T18:00:00Z,377.242,31.694,27.433,17.55,54.503,424.98,19924.1
EV000099,2025-02-02T00:00:00Z,357.811,41.563,25.376,82.9,49.694,387.72,102678.1
EV000436,2025-02-02T06:00:00Z,369.612,45.451,27.701,24.12,55.043,425.9,31863.6
EV000361,2025-02-02T12:00:00Z,358.05,51.342,49.71,23.36,50.355,412.26,71906.5
EV000305,2025-02-02T18:00:00Z,371.047,37.546,31.291,37.4,50.098,400.02,74987.9
EV000451,2025-02-03T00:00:00Z,366.529,49.839,30.232,45.54,48.651,401.08,130121.2
EV000223,2025-02-03T06:00:00Z,371.256,47.435,44.961,54.4,51.211,410.02,77954.9
EV000281,2025-02-03T12:00:00Z,360.977,17.475,31.348,42.34,38.738,306.65,88095.1
EV000260,2025-02-03T18:00:00Z,388.769,38.368,30.971,84.38,37.052,284.72,114513.8
EV000435,2025-02-04T00:00:00Z,362.605,40.154,31.641,88.23,50.278,409.77,45671.4
EV000472,2025-02-04T06:00:00Z,353.488,33.819,42.468,16.12,49.37,386.06,97830.6
EV000147,2025-02-04T12:00:00Z,364.287,45.349,30.035,55.14,53.257,412.7,18236.7
EV000196,2025-02-04T18:00:00Z,372.813,36.585,32.296,94.59,43.399,358.85,14585.6
EV000321,2025-02-05T00:00:00Z,367.335,47.923,25.297,38.14,46.771,371.49,135819.0
EV000201,2025-02-05T06:00:00Z,352.243,40.116,29.2,42.04,39.486,313.92,47641.4
EV000086,2025-02-05T12:00:00Z,370.371,37.378,44.509,71.59,50.66,402.28,66835.9
EV000089,2025-02-05T18:00:00Z,361.573,39.574,27.292,15.82,42.667,337.01,25626.1
EV000044,2025-02-06T00:00:00Z,367.728,36.988,44.676,47.72,51.603,423.35,46047.0
EV000074,2025-02-06T06:00:00Z,367.455,60.657,27.016,65.85,48.074,403.73,126756.5
EV000395,2025-02-06T12:00:00Z,377.44,22.97,43.898,61.66,43.534,342.86,130862.3
EV000012,2025-02-06T18:00:00Z,369.47,27.846,28.941,91.25,50.361,399.77,89227.4
EV000355,2025-02-07T00:00:00Z,356.275,32.757,30.406,37.53,53.777,452.2,32513.1
EV000277,2025-02-07T06:00:00Z,375.45,48.022,27.601,70.47,46.321,367.1,134054.7
EV000467,2025-02-07T12:00:00Z,371.654,48.795,29.081,91.24,45.714,368.1,110645.2
EV000285,2025-02-07T18:00:00Z,362.837,33.667,23.398,32.8,54.819,436.16,18300.8
EV000459,2025-02-08T00:00:00Z,369.245,70.05,32.003,24.43,47.571,391.87,97257.6
EV000264,2025-02-08T06:00:00Z,370.068,52.852,28.766,41.95,41.915,314.45,60818.9
EV000437,2025-02-08T12:00:00Z,366.997,59.681,27.091,59.18,46.694,373.23,9788.2
EV000370,2025-02-08T18:00:00Z,358.939,30.122,20.719,53.23,52.665,425.12,38368.6
EV000311,2025-02-09T00:00:00Z,370.001,29.152,30.541,69.34,50.664,397.76,78862.5
EV000074,2025-02-09T06:00:00Z,361.229,33.909,25.841,24.81,49.996,397.74,82463.4
EV000280,2025-02-09T12:00:00Z,375.59,59.491,31.91,83.37,45.161,338.66,135280.1
EV000289,2025-02-09T18:00:00Z,365.235,68.653,26.037,47.59,39.48,322.26,68022.9
EV000125,2025-02-10T00:00:00Z,383.537,55.031,23.207,75.89,49.613,398.97,51617.4
EV000473,2025-02-10T06:00:00Z,366.365,18.574,31.371,43.08,44.64,354.93,124842.4
EV000092,2025-02-10T12:00:00Z,373.845,60.832,29.241,72.09,51.908,372.84,73989.7
EV000304,2025-02-10T18:00:00Z,360.676,50.627,21.902,42.62,39.981,293.76,78618.9
EV000225,2025-02-11T00:00:00Z,364.705,29.727,33.944,89.78,50.926,394.28,31491.6
EV000389,2025-02-11T06:00:00Z,376.84,22.671,26.093,44.32,35.805,283.25,110871.9
EV000303,2025-02-11T12:00:00Z,358.959,40.792,20.849,38.8,47.314,373.36,110512.3
EV000254,2025-02-11T18:00:00Z,361.072,43.202,34.911,31.84,47.508,411.94,80218.9
EV000204,2025-02-12T00:00:00Z,364.172,41.586,25.925,19.04,40.62,316.62,55034.0
EV000055,2025-02-12T06:00:00Z,364.286,50.92,24.765,87.15,34.367,293.18,83007.6
EV000488,2025-02-12T12:00:00Z,375.974,28.029,28.639,43.1,34.336,278.9,116016.4
EV000493,2025-02-12T18:00:00Z,369.15,38.821,29.355,17.07,38.278,312.37,96394.9
EV000416,2025-02-13T00:00:00Z,360.639,33.03,26.682,84.01,46.037,373.22,125898.5
EV000175,2025-02-13T06:00:00Z,362.042,25.907,30.831,36.89,52.238,428.72,63619.0
EV000312,2025-02-13T12:00:00Z,369.532,39.755,29.213,36.37,47.678,380.1,93157.2
EV000087,2025-02-13T18:00:00Z,371.326,61.802,34.528,82.98,37.373,288.96,82145.0
EV000204,2025-02-14T00:00:00Z,354.006,28.077,29.398,55.21,39.755,311.96,93210.6
EV000287,2025-02-14T06:00:00Z,355.381,51.018,26.842,70.05,38.179,306.01,71723.8
EV000029,2025-02-14T12:00:00Z,360.914,51.023,31.189,38.82,49.725,388.27,80126.8
EV000061,2025-02-14T18:00:00Z,367.593,32.634,29.349,53.04,35.75,265.91,60692.1
EV000450,2025-02-15T00:00:00Z,361.404,30.945,45.979,25.81,51.446,429.09,77147.8
EV000187,2025-02-15T06:00:00Z,351.903,43.009,28.16,35.65,41.997,337.98,42275.3
EV000385,2025-02-15T12:00:00Z,364.317,38.689,33.047,41.08,48.272,374.9,126566.9
EV000274,2025-02-15T18:00:00Z,358.718,28.478,31.453,68.23,40.511,321.68,49283.0
EV000170,2025-02-16T00:00:00Z,366.204,28.849,29.035,86.15,39.96,318.75,122753.8
EV000004,2025-02-16T06:00:00Z,363.033,42.654,29.077,29.66,48.65,391.99,116206.0
EV000082,2025-02-16T12:00:00Z,360.833,38.796,43.059,38.1,47.752,383.03,100896.6
EV000444,2025-02-16T18:00:00Z,364.396,44.454,25.105,77.78,38.464,299.13,88300.4
EV000385,2025-02-17T00:00:00Z,361.32,27.409,26.399,89.04,48.878,388.18,112861.8
EV000121,2025-02-17T06:00:00Z,366.75,32.974,45.419,39.63,45.558,352.1,104662.1
EV000262,2025-02-17T12:00:00Z,365.959,32.547,27.05,73.46,38.37,303.43,77617.7
EV000287,2025-02-17T18:00:00Z,374.516,30.976,28.659,73.85,37.754,272.2,9054.3
EV000344,2025-02-18T00:00:00Z,363.601,46.177,50.352,89.18,51.064,416.77,66221.8
EV000337,2025-02-18T06:00:00Z,362.049,58.516,21.268,75.1,49.906,400.48,49930.5
EV000319,2025-02-18T12:00:00Z,363.873,35.385,26.144,41.31,48.212,387.08,136460.0
EV000204,2025-02-18T18:00:00Z,352.158,33.606,27.476,29.49,39.714,312.12,53130.3
EV000323,2025-02-19T00:00:00Z,357.969,50.089,27.346,72.65,51.796,431.94,95205.0
EV000455,2025-02-19T06:00:00Z,384.331,42.442,29.418,30.96,53.68,437.39,40625.3
EV000064,2025-02-19T12:00:00Z,361.624,25.14,29.624,15.1,45.681,362.78,135663.1
EV000390,2025-02-19T18:00:00Z,374.967,59.712,29.421,22.39,48.253,392.46,136672.7
EV000211,2025-02-20T00:00:00Z,363.683,10.071,28.306,34.82,47.703,387.21,81809.2
EV000332,2025-02-20T06:00:00Z,371.273,35.732,34.476,93.85,44.609,340.11,139256.1
EV000240,2025-02-20T12:00:00Z,363.793,59.877,25.54,90.66,50.741,401.37,57587.6
EV000295,2025-02-20T18:00:00Z,376.813,39.837,25.149,80.45,43.71,336.98,8060.2
EV000325,2025-02-21T00:00:00Z,368.156,57.638,31.161,29.06,33.153,264.02,130254.5
EV000400,2025-02-21T06:00:00Z,362.914,65.574,45.726,31.15,52.964,426.9,39990.2
EV000232,2025-02-21T12:00:00Z,357.786,43.75,26.426,63.79,49.59,397.34,79795.0
EV000046,2025-02-21T18:00:00Z,359.202,54.168,29.376,59.09,36.777,292.3,129718.3
EV000025,2025-02-22T00:00:00Z,347.187,35.507,28.846,94.8,54.517,444.27,37299.1
EV000440,2025-02-22T06:00:00Z,369.754,34.968,25.797,63.95,50.68,405.77,77191.4
EV000439,2025-02-22T12:00:00Z,363.399,36.408,28.047,50.72,49.998,395.37,78963.8
EV000163,2025-02-22T18:00:00Z,352.903,40.518,30.466,82.78,49.415,407.68,79058.2
EV000465,2025-02-23T00:00:00Z,365.987,31.196,27.422,91.08,47.378,381.39,88827.9
EV000025,2025-02-23T06:00:00Z,359.722,24.395,34.256,78.24,50.287,400.7,62556.7
EV000421,2025-02-23T12:00:00Z,364.828,55.257,25.149,21.02,51.544,396.34,66129.0
EV000183,2025-02-23T18:00:00Z,352.115,42.606,26.054,87.74,48.008,390.8,96942.6
EV000132,2025-02-24T00:00:00Z,357.616,59.584,48.918,34.97,47.794,384.83,132229.6
EV000169,2025-02-24T06:00:00Z,367.305,53.351,30.489,93.72,45.844,365.76,129020.0
EV000396,2025-02-24T12:00:00Z,356.69,45.328,44.211,80.47,49.864,400.17,52407.2
EV000500,2025-02-24T18:00:00Z,360.946,51.884,31.707,76.12,51.376,426.55,45883.1
EV000096,2025-02-25T00:00:00Z,356.48,27.615,43.28,37.57,50.011,392.71,73842.6
EV000145,2025-02-25T06:00:00Z,378.486,51.315,31.199,73.83,48.213,396.33,114355.5
EV000116,2025-02-25T12:00:00Z,365.326,26.442,27.637,64.43,48.673,385.83,106071.3
EV000172,2025-02-25T18:00:00Z,359.491,18.008,25.872,23.73,54.601,438.21,23131.8
EV000135,2025-02-26T00:00:00Z,361.926,29.815,23.534,28.54,48.793,372.65,132718.1
EV000417,2025-02-26T06:00:00Z,363.845,23.54,29.776,66.98,42.439,327.33,63066.0
EV000436,2025-02-26T12:00:00Z,362.106,40.93,25.971,68.02,50.225,411.65,41431.9
EV000406,2025-02-26T18:00:00Z,379.687,38.999,52.779,85.47,51.226,420.61,86802.3
EV000457,2025-02-27T00:00:00Z,346.19,46.128,31.182,28.56,53.984,450.75,56417.6
EV000231,2025-02-27T06:00:00Z,361.734,50.227,27.828,20.98,49.193,385.01,105579.2
EV000400,2025-02-27T12:00:00Z,363.841,39.793,43.753,82.94,48.873,383.44,107931.0
EV000437,2025-02-27T18:00:00Z,379.622,66.632,34.188,72.66,33.386,254.84,121369.5
EV000225,2025-02-28T00:00:00Z,370.909,35.702,32.642,40.95,47.106,401.43,113018.2
EV000008,2025-02-28T06:00:00Z,373.015,31.162,30.496,51.65,42.671,326.98,139519.8
EV000416,2025-02-28T12:00:00Z,362.926,20.204,25.98,75.76,54.354,438.38,36440.2
EV000363,2025-02-28T18:00:00Z,358.793,38.537,30.355,87.89,38.849,321.72,79935.8
EV000442,2025-03-01T00:00:00Z,363.244,41.761,23.972,18.61,40.582,307.27,62871.4
EV000040,2025-03-01T06:00:00Z,359.987,58.858,27.47,33.97,48.794,365.97,114733.7
EV000489,2025-03-01T12:00:00Z,374.75,49.196,32.91,30.53,49.965,375.52,98803.3
EV000086,2025-03-01T18:00:00Z,364.275,42.543,43.414,31.61,51.824,404.55,70517.7
EV000343,2025-03-02T00:00:00Z,361.883,38.609,25.017,49.84,47.01,388.6,101432.8
EV000481,2025-03-02T06:00:00Z,366.623,29.486,25.901,54.45,48.274,402.83,68766.0
EV000460,2025-03-02T12:00:00Z,370.3,39.772,23.89,76.46,48.816,399.43,131013.3
EV000494,2025-03-02T18:00:00Z,369.142,38.453,45.138,65.92,50.692,391.29,66285.4
EV000470,2025-03-03T00:00:00Z,356.884,49.711,26.922,36.81,51.39,421.01,51428.8
EV000319,2025-03-03T06:00:00Z,351.223,66.251,30.718,83.41,50.677,397.37,71581.2
EV000338,2025-03-03T12:00:00Z,369.266,32.342,32.113,83.3,40.564,320.97,63600.2
EV000225,2025-03-03T18:00:00Z,357.782,45.721,24.931,62.92,50.25,398.6,69989.5
EV000211,2025-03-04T00:00:00Z,387.784,55.188,30.497,72.65,47.862,386.42,102971.8
EV000437,2025-03-04T06:00:00Z,368.653,17.071,36.188,26.66,38.162,303.73,64683.9
EV000204,2025-03-04T12:00:00Z,366.798,38.947,27.794,30.57,40.301,310.67,72796.9
EV000208,2025-03-04T18:00:00Z,356.668,27.044,30.579,30.15,53.636,435.95,14704.0
EV000118,2025-03-05T00:00:00Z,379.173,59.019,30.686,93.07,36.007,298.19,107776.4
EV000276,2025-03-05T06:00:00Z,361.366,57.338,27.573,74.82,37.43,294.63,135208.4
EV000469,2025-03-05T12:00:00Z,353.774,42.294,24.627,82.98,49.891,381.14,99659.8
EV000055,2025-03-05T18:00:00Z,371.196,30.21,28.105,56.33,35.862,298.55,122538.0
EV000320,2025-03-06T00:00:00Z,371.09,54.727,23.254,23.7,49.32,388.49,48379.5
EV000259,2025-03-06T06:00:00Z,363.537,68.65,29.842,84.65,44.793,363.39,128099.7
EV000359,2025-03-06T12:00:00Z,360.614,35.03,26.78,51.32,54.345,438.99,16887.8
EV000068,2025-03-06T18:00:00Z,368.119,41.821,30.073,15.71,47.175,368.21,138495.4
EV000042,2025-03-07T00:00:00Z,355.373,21.884,27.491,18.19,45.185,378.47,126343.6
EV000160,2025-03-07T06:00:00Z,378.377,55.512,28.389,62.08,32.964,284.54,139555.5
EV000268,2025-03-07T12:00:00Z,369.272,36.314,28.759,42.33,51.856,424.83,53081.1
EV000124,2025-03-07T18:00:00Z,378.127,32.232,26.13,67.24,51.148,407.93,9874.8
EV000289,2025-03-08T00:00:00Z,358.797,50.341,27.367,57.44,36.01,285.6,109837.3
EV000367,2025-03-08T06:00:00Z,370.82,28.433,24.3,92.33,53.82,442.3,22923.6
EV000008,2025-03-08T12:00:00Z,367.195,26.916,29.695,39.66,49.993,421.59,106043.7
EV000325,2025-03-08T18:00:00Z,364.754,34.103,31.82,23.63,40.254,294.75,55834.4
EV000179,2025-03-09T00:00:00Z,361.401,12.826,32.545,43.8,41.594,342.09,25086.2
EV000419,2025-03-09T06:00:00Z,369.224,26.318,25.295,16.02,52.282,427.99,47639.7
EV000470,2025-03-09T12:00:00Z,362.15,66.14,28.439,41.52,55.57,461.85,18125.9
EV000445,2025-03-09T18:00:00Z,361.59,34.287,31.236,37.35,52.469,409.66,71919.0
EV000081,2025-03-10T00:00:00Z,365.05,47.021,28.392,49.68,51.195,408.75,42735.7
EV000056,2025-03-10T06:00:00Z,363.362,37.867,48.324,29.13,51.234,404.41,39496.5
EV000402,2025-03-10T12:00:00Z,375.86,57.088,30.903,90.1,56.34,451.15,5547.2
EV000495,2025-03-10T18:00:00Z,365.851,38.609,29.397,29.23,49.167,385.77,107825.5
EV000131,2025-03-11T00:00:00Z,376.779,50.587,28.024,39.86,50.081,386.16,112067.6
EV000426,2025-03-11T06:00:00Z,363.15,67.035,31.307,58.57,47.902,359.27,79544.6
EV000291,2025-03-11T12:00:00Z,355.542,39.932,27.562,68.99,50.392,382.9,83343.8
EV000177,2025-03-11T18:00:00Z,372.38,20.376,26.795,40.64,48.201,378.08,106158.8
EV000031,2025-03-12T00:00:00Z,361.489,35.84,29.034,80.84,44.904,363.64,135736.1
EV000286,2025-03-12T06:00:00Z,355.425,55.08,29.044,72.02,48.459,392.06,117351.1
EV000312,2025-03-12T12:00:00Z,384.812,47.248,26.595,81.62,47.371,388.23,79646.4
EV000037,2025-03-12T18:00:00Z,368.795,60.027,31.944,93.25,35.636,283.49,132531.0
EV000188,2025-03-13T00:00:00Z,360.066,26.64,23.025,75.82,47.013,367.53,94442.6
EV000106,2025-03-13T06:00:00Z,367.404,27.767,31.374,93.31,50.881,398.47,53817.2
EV000055,2025-03-13T12:00:00Z,375.737,35.331,31.499,37.28,37.447,288.78,100574.7
EV000159,2025-03-13T18:00:00Z,369.213,37.434,31.051,51.68,46.476,371.44,99077.3
EV000049,2025-03-14T00:00:00Z,370.356,56.47,31.79,38.28,34.956,277.74,134602.3
EV000256,2025-03-14T06:00:00Z,364.431,64.004,28.953,23.68,38.621,300.81,75116.6
EV000407,2025-03-14T12:00:00Z,381.843,43.935,26.82,35.49,49.584,391.05,67142.0
EV000045,2025-03-14T18:00:00Z,361.158,46.928,36.697,60.7,54.473,445.8,7276.1
EV000376,2025-03-15T00:00:00Z,365.915,35.361,34.089,33.51,50.218,404.17,78403.4
EV000495,2025-03-15T06:00:00Z,373.05,36.754,28.963,67.46,50.096,386.24,41973.6
EV000095,2025-03-15T12:00:00Z,374.398,21.051,45.554,18.51,46.267,366.76,110415.7
EV000453,2025-03-15T18:00:00Z,358.994,41.635,28.722,20.9,50.432,415.55,127205.1
EV000487,2025-03-16T00:00:00Z,374.286,56.191,29.188,86.01,49.463,391.23,124960.4
EV000195,2025-03-16T06:00:00Z,378.219,30.434,52.697,19.2,55.008,429.35,17080.4
EV000034,2025-03-16T12:00:00Z,354.716,38.174,48.059,51.83,50.031,405.87,88908.2
EV000412,2025-03-16T18:00:00Z,357.028,55.844,26.583,48.12,47.648,395.08,94451.5
EV000024,2025-03-17T00:00:00Z,348.941,70.142,27.725,16.46,52.302,427.46,40454.0
EV000253,2025-03-17T06:00:00Z,379.972,31.758,28.841,44.51,48.493,384.41,74936.9
EV000164,2025-03-17T12:00:00Z,363.305,27.069,25.682,67.59,38.64,302.59,85453.4
EV000122,2025-03-17T18:00:00Z,376.218,50.329,27.508,50.73,51.734,429.02,40818.9
EV000231,2025-03-18T00:00:00Z,361.152,23.045,29.736,89.8,49.365,383.89,61982.6
EV000274,2025-03-18T06:00:00Z,371.353,47.371,27.193,53.22,37.772,294.54,118872.5
EV000070,2025-03-18T12:00:00Z,361.696,25.713,23.653,33.55,53.696,434.01,31647.1
EV000068,2025-03-18T18:00:00Z,363.242,46.409,33.192,30.07,47.79,405.04,139798.1
EV000480,2025-03-19T00:00:00Z,371.609,33.952,27.616,88.63,50.419,394.86,91663.2
EV000318,2025-03-19T06:00:00Z,364.037,33.071,31.339,41.46,34.665,282.15,139730.4
EV000357,2025-03-19T12:00:00Z,362.901,49.555,26.159,79.72,50.218,373.78,79363.6
EV000421,2025-03-19T18:00:00Z,365.836,44.47,31.229,44.43,46.318,396.07,108935.7
EV000092,2025-03-20T00:00:00Z,360.597,34.492,28.564,31.34,48.039,363.93,117483.3
EV000022,2025-03-20T06:00:00Z,376.053,32.989,27.735,48.62,51.739,396.8,45481.3
EV000207,2025-03-20T12:00:00Z,362.188,18.953,30.183,43.12,49.146,393.19,128023.6
EV000042,2025-03-20T18:00:00Z,360.908,45.042,26.378,39.06,53.616,415.69,20405.7
EV000107,2025-03-21T00:00:00Z,352.492,50.934,48.906,73.79,48.466,386.18,107962.5
EV000129,2025-03-21T06:00:00Z,366.644,63.661,33.583,19.28,37.938,303.6,72755.6
EV000071,2025-03-21T12:00:00Z,370.948,33.825,27.42,28.22,38.167,315.96,132406.7
EV000082,2025-03-21T18:00:00Z,375.756,56.306,43.735,37.52,50.693,384.89,75861.5
EV000471,2025-03-22T00:00:00Z,345.85,36.713,31.336,37.52,48.454,375.48,104845.8
EV000047,2025-03-22T06:00:00Z,370.053,35.448,33.304,71.93,41.383,314.55,54300.3
EV000130,2025-03-22T12:00:00Z,378.872,51.277,27.255,23.06,39.598,301.66,51471.0
EV000377,2025-03-22T18:00:00Z,369.924,62.682,31.079,50.68,49.444,403.06,100340.9
EV000105,2025-03-23T00:00:00Z,371.403,43.26,32.114,33.11,41.074,325.27,36106.6
EV000121,2025-03-23T06:00:00Z,368.751,17.025,43.172,27.64,50.155,412.29,44570.7
EV000158,2025-03-23T12:00:00Z,360.108,18.033,25.075,31.13,49.86,415.89,77975.7
EV000375,2025-03-23T18:00:00Z,369.545,75.883,30.686,33.01,46.873,370.91,109222.5
EV000445,2025-03-24T00:00:00Z,365.797,45.562,33.236,50.53,48.897,407.87,91075.7
EV000146,2025-03-24T06:00:00Z,365.339,78.225,25.834,38.36,56.436,453.23,31527.8
EV000412,2025-03-24T12:00:00Z,355.995,59.02,31.859,88.54,46.458,362.45,127916.9
EV000223,2025-03-24T18:00:00Z,369.223,32.492,45.634,30.51,49.823,409.22,64706.3
EV000363,2025-03-25T00:00:00Z,376.763,34.867,30.769,36.07,42.741,358.77,24179.9
EV000369,2025-03-25T06:00:00Z,363.398,38.655,32.787,84.93,49.157,405.14,105155.2
EV000235,2025-03-25T12:00:00Z,369.589,30.471,27.769,24.23,37.434,300.75,108088.3
EV000457,2025-03-25T18:00:00Z,364.884,46.356,23.403,83.0,54.299,426.69,11116.4
EV000006,2025-03-26T00:00:00Z,362.852,29.986,26.858,52.54,36.609,294.38,112572.1
EV000230,2025-03-26T06:00:00Z,343.564,49.756,27.187,77.51,48.735,370.55,65375.8
EV000139,2025-03-26T12:00:00Z,359.846,55.843,31.142,84.93,51.109,413.77,47498.4
EV000174,2025-03-26T18:00:00Z,368.029,39.908,26.845,91.18,49.174,399.43,92975.7
EV000172,2025-03-27T00:00:00Z,367.188,50.519,25.933,87.21,52.627,428.55,72780.3
EV000330,2025-03-27T06:00:00Z,366.643,39.745,27.588,89.37,34.736,274.82,99599.8
EV000381,2025-03-27T12:00:00Z,360.4,53.25,32.292,17.78,46.58,383.93,135687.5
EV000124,2025-03-27T18:00:00Z,363.18,61.815,26.053,63.46,52.183,443.48,29402.2
EV000151,2025-03-28T00:00:00Z,367.408,44.856,30.406,70.46,52.854,428.98,40869.7
EV000119,2025-03-28T06:00:00Z,381.19,58.476,24.934,93.47,47.06,391.19,105658.4
EV000449,2025-03-28T12:00:00Z,361.418,58.666,53.731,68.45,50.728,412.89,103381.9
EV000075,2025-03-28T18:00:00Z,358.005,36.083,22.703,81.97,55.554,441.89,22064.5
EV000451,2025-03-29T00:00:00Z,359.844,51.398,30.333,68.93,53.296,431.69,47214.8
EV000143,2025-03-29T06:00:00Z,363.065,60.838,30.081,71.12,48.211,382.75,83811.8
EV000391,2025-03-29T12:00:00Z,366.473,45.563,26.166,23.87,35.413,291.0,127882.2
EV000281,2025-03-29T18:00:00Z,360.975,33.999,27.19,15.6,36.366,273.1,111407.6
EV000010,2025-03-30T00:00:00Z,373.046,18.802,28.932,76.29,49.713,388.98,136011.5
EV000317,2025-03-30T06:00:00Z,352.108,47.865,28.577,16.75,49.675,383.07,66848.2
EV000242,2025-03-30T12:00:00Z,358.055,53.447,27.219,52.8,48.427,379.1,113095.6
EV000467,2025-03-30T18:00:00Z,368.968,34.671,28.285,74.91,45.771,373.77,127113.4
EV000171,2025-03-31T00:00:00Z,371.349,48.352,22.326,38.35,49.612,392.66,63725.0
EV000144,2025-03-31T06:00:00Z,349.995,39.501,31.669,66.85,47.904,393.83,130171.0
EV000165,2025-03-31T12:00:00Z,386.413,43.76,29.632,46.76,52.83,440.25,56211.5
EV000375,2025-03-31T18:00:00Z,362.5,62.609,32.971,43.6,52.428,401.72,65425.2
EV000035,2025-04-01T00:00:00Z,367.954,20.82,26.741,69.2,51.507,416.94,40770.3
EV000315,2025-04-01T06:00:00Z,350.837,56.015,27.147,85.18,52.384,417.15,15702.1
EV000197,2025-04-01T12:00:00Z,350.944,70.813,28.471,38.84,50.49,413.86,82446.4
EV000474,2025-04-01T18:00:00Z,359.705,32.93,28.262,65.71,48.318,380.14,115251.2
EV000240,2025-04-02T00:00:00Z,358.156,59.255,31.689,17.76,46.612,382.19,119404.8
EV000483,2025-04-02T06:00:00Z,383.651,46.058,30.679,79.28,50.199,387.8,123827.9
EV000478,2025-04-02T12:00:00Z,360.023,32.122,27.925,25.32,53.982,447.61,16902.1
EV000236,2025-04-02T18:00:00Z,358.627,43.529,28.556,59.28,46.998,402.05,117286.5
EV000112,2025-04-03T00:00:00Z,363.327,35.461,29.485,83.26,46.503,355.67,104104.3
EV000203,2025-04-03T06:00:00Z,369.424,24.756,32.763,74.88,47.647,382.74,125885.9
EV000140,2025-04-03T12:00:00Z,389.588,61.769,45.817,54.26,53.42,423.34,20248.7
EV000420,2025-04-03T18:00:00Z,368.026,48.971,28.429,91.2,41.2,339.61,61708.9
EV000493,2025-04-04T00:00:00Z,367.074,22.939,28.532,75.06,40.611,326.58,38315.9
EV000012,2025-04-04T06:00:00Z,362.254,62.592,28.639,64.06,51.556,420.8,19427.8
EV000179,2025-04-04T12:00:00Z,356.969,28.862,33.997,79.03,36.519,297.35,91967.3
EV000369,2025-04-04T18:00:00Z,368.219,27.58,31.183,26.82,48.791,382.97,93322.4
EV000441,2025-04-05T00:00:00Z,361.066,38.988,44.293,74.64,48.743,401.0,117779.2
EV000421,2025-04-05T06:00:00Z,377.209,44.469,22.837,24.95,45.604,357.35,137182.2
EV000227,2025-04-05T12:00:00Z,376.055,51.171,36.126,18.2,42.942,349.93,46077.5
EV000445,2025-04-05T18:00:00Z,364.45,46.693,26.54,85.06,56.841,462.35,20302.8
EV000354,2025-04-06T00:00:00Z,370.353,35.41,28.923,23.19,49.688,388.7,73354.1
EV000011,2025-04-06T06:00:00Z,356.973,39.994,28.578,78.98,46.735,392.54,136419.5
EV000427,2025-04-06T12:00:00Z,390.848,43.217,30.959,25.92,46.732,369.83,134184.0
EV000307,2025-04-06T18:00:00Z,379.294,44.211,30.053,34.4,42.403,345.14,43696.8
EV000484,2025-04-07T00:00:00Z,361.595,59.854,27.89,80.45,40.098,314.82,41106.1
EV000203,2025-04-07T06:00:00Z,360.505,37.686,33.091,17.77,49.0,398.02,73123.7
EV000125,2025-04-07T12:00:00Z,362.971,27.729,26.4,63.75,48.032,383.85,119688.4
EV000035,2025-04-07T18:00:00Z,344.64,59.689,33.514,78.54,46.107,355.91,112598.4
EV000060,2025-04-08T00:00:00Z,358.91,41.775,31.419,55.12,42.542,343.57,43913.1
EV000399,2025-04-08T06:00:00Z,359.208,46.295,50.402,51.95,53.989,448.7,60631.7
EV000329,2025-04-08T12:00:00Z,363.962,32.38,33.35,57.58,53.419,416.59,43465.6
EV000206,2025-04-08T18:00:00Z,370.747,33.872,30.026,83.76,31.478,244.38,138515.4
EV000319,2025-04-09T00:00:00Z,357.263,23.85,33.521,90.73,52.204,392.07,5940.8
EV000288,2025-04-09T06:00:00Z,353.116,39.71,27.375,68.53,53.267,424.55,53578.2
EV000153,2025-04-09T12:00:00Z,376.113,60.117,33.122,48.89,35.162,272.25,133424.2
EV000183,2025-04-09T18:00:00Z,370.719,37.618,28.054,28.68,51.513,392.26,92878.3
EV000066,2025-04-10T00:00:00Z,373.795,35.217,31.311,76.47,53.197,426.69,24137.0
EV000150,2025-04-10T06:00:00Z,360.156,36.873,31.825,91.58,53.605,424.69,9384.4
EV000467,2025-04-10T12:00:00Z,369.391,46.834,30.662,69.97,47.871,388.71,129109.5
EV000402,2025-04-10T18:00:00Z,347.411,57.57,35.25,80.37,50.301,405.6,93590.4
EV000216,2025-04-11T00:00:00Z,353.517,38.995,30.984,15.89,44.248,367.48,133889.3
EV000414,2025-04-11T06:00:00Z,364.958,59.203,39.61,87.73,46.74,388.15,121218.9
EV000146,2025-04-11T12:00:00Z,375.651,33.808,24.027,90.62,54.055,428.25,26296.6
EV000074,2025-04-11T18:00:00Z,361.45,36.384,26.829,93.08,50.126,387.3,53497.8
EV000084,2025-04-12T00:00:00Z,366.936,5.158,24.973,91.64,47.698,381.3,87418.2
EV000254,2025-04-12T06:00:00Z,365.934,19.875,23.975,87.94,52.359,419.97,45755.9
EV000363,2025-04-12T12:00:00Z,372.629,47.9,28.808,60.19,37.658,307.68,56170.8
EV000071,2025-04-12T18:00:00Z,376.674,20.795,29.472,93.32,36.923,282.83,134063.0
EV000491,2025-04-13T00:00:00Z,362.67,36.478,29.433,46.96,36.3,300.36,98394.4
EV000060,2025-04-13T06:00:00Z,362.293,54.647,32.47,72.24,33.459,263.09,128183.9
EV000100,2025-04-13T12:00:00Z,356.833,9.316,29.078,80.17,39.679,317.3,47193.0
EV000064,2025-04-13T18:00:00Z,371.833,30.482,27.922,20.93,47.645,398.42,125556.9
EV000337,2025-04-14T00:00:00Z,365.168,28.657,25.916,93.9,53.24,417.81,47284.6
EV000395,2025-04-14T06:00:00Z,354.273,23.33,45.683,72.45,49.142,379.77,92449.4
EV000125,2025-04-14T12:00:00Z,356.32,31.01,28.277,91.0,47.112,396.27,99619.6
EV000393,2025-04-14T18:00:00Z,369.248,56.951,28.68,19.26,37.172,311.08,34521.3
EV000077,2025-04-15T00:00:00Z,381.717,35.11,27.452,49.8,50.421,387.89,78978.7
EV000224,2025-04-15T06:00:00Z,357.065,20.874,25.877,78.31,34.45,251.78,133072.0
EV000178,2025-04-15T12:00:00Z,361.227,29.918,30.898,49.15,47.552,396.34,107985.4
EV000090,2025-04-15T18:00:00Z,362.885,42.261,27.982,41.38,53.776,421.49,38147.3
EV000371,2025-04-16T00:00:00Z,364.486,21.102,27.247,49.0,52.857,430.24,28639.0
EV000013,2025-04-16T06:00:00Z,365.256,61.099,44.231,48.27,53.243,454.65,6956.6
EV000023,2025-04-16T12:00:00Z,364.405,48.506,40.11,86.78,47.632,365.71,122033.7
EV000039,2025-04-16T18:00:00Z,356.229,58.001,26.38,82.11,54.405,448.06,21171.2
EV000033,2025-04-17T00:00:00Z,366.231,54.299,30.749,24.19,43.288,342.68,13826.0
EV000459,2025-04-17T06:00:00Z,351.278,46.525,29.384,22.29,52.041,409.98,38983.8
EV000106,2025-04-17T12:00:00Z,380.813,57.278,31.284,36.88,56.398,456.42,6327.4
EV000164,2025-04-17T18:00:00Z,356.942,52.004,33.45,27.97,40.709,339.08,42447.6
EV000349,2025-04-18T00:00:00Z,359.829,49.363,23.146,36.48,54.033,428.08,9729.6
EV000060,2025-04-18T06:00:00Z,365.675,52.641,27.329,89.35,40.195,314.96,56281.3
EV000102,2025-04-18T12:00:00Z,372.014,19.962,28.499,38.16,48.452,378.55,110222.0
EV000464,2025-04-18T18:00:00Z,359.081,49.531,30.233,29.53,32.95,263.65,111678.8
EV000470,2025-04-19T00:00:00Z,365.258,44.963,29.316,88.66,51.78,416.42,89159.5
EV000463,2025-04-19T06:00:00Z,378.918,49.116,30.6,18.14,51.655,395.94,30149.6
EV000112,2025-04-19T12:00:00Z,357.507,21.798,27.474,54.27,46.383,364.09,134370.2
EV000217,2025-04-19T18:00:00Z,363.241,53.287,27.035,52.33,49.584,403.29,81092.6
EV000291,2025-04-20T00:00:00Z,368.306,55.204,32.949,33.73,55.657,448.62,14701.1
EV000166,2025-04-20T06:00:00Z,362.708,36.691,33.219,16.52,49.582,400.87,95194.1
EV000035,2025-04-20T12:00:00Z,365.72,43.089,32.816,37.73,46.68,370.03,137686.6
EV000116,2025-04-20T18:00:00Z,356.698,78.608,34.976,88.24,47.941,399.22,129637.6
EV000013,2025-04-21T00:00:00Z,371.0,62.949,44.504,62.97,51.932,427.82,49434.4
EV000290,2025-04-21T06:00:00Z,361.923,23.511,32.252,55.27,41.789,328.34,23373.2
EV000497,2025-04-21T12:00:00Z,364.05,28.109,28.647,65.14,34.851,283.82,130238.1
EV000117,2025-04-21T18:00:00Z,365.304,33.021,28.504,92.45,48.755,374.22,73384.6
EV000031,2025-04-22T00:00:00Z,363.186,31.761,37.714,47.08,46.502,382.68,124731.5
EV000122,2025-04-22T06:00:00Z,379.078,34.899,23.837,39.14,47.555,360.83,107207.1
EV000303,2025-04-22T12:00:00Z,360.1,33.875,29.513,50.61,48.352,394.8,100696.9
EV000465,2025-04-22T18:00:00Z,352.461,48.653,30.088,77.05,47.058,366.66,128719.0
EV000484,2025-04-23T00:00:00Z,366.978,40.58,32.135,74.73,35.123,270.79,127844.6
EV000030,2025-04-23T06:00:00Z,362.404,39.973,31.994,61.89,46.909,371.87,139266.6
EV000051,2025-04-23T12:00:00Z,368.941,36.461,42.869,31.75,50.812,370.87,39817.3
EV000095,2025-04-23T18:00:00Z,367.894,38.603,47.604,88.97,48.497,392.93,115779.4
EV000160,2025-04-24T00:00:00Z,359.394,33.261,29.494,16.35,44.436,362.14,9878.5
EV000040,2025-04-24T06:00:00Z,364.981,54.514,34.902,21.9,45.627,364.18,127010.1
EV000227,2025-04-24T12:00:00Z,376.351,43.782,31.582,56.74,38.939,338.97,93777.2
EV000019,2025-04-24T18:00:00Z,365.333,37.84,31.02,43.17,50.255,410.45,89774.6
EV000498,2025-04-25T00:00:00Z,361.656,39.902,28.452,68.39,52.583,417.51,19100.5
EV000050,2025-04-25T06:00:00Z,358.821,45.215,30.993,35.51,36.958,315.89,53916.8
EV000299,2025-04-25T12:00:00Z,368.576,35.695,26.821,52.69,44.493,357.58,27430.3
EV000461,2025-04-25T18:00:00Z,354.726,35.387,29.553,17.8,47.026,364.23,130496.5
EV000269,2025-04-26T00:00:00Z,374.221,38.98,33.686,41.81,49.771,385.65,91350.5
EV000475,2025-04-26T06:00:00Z,354.408,46.032,25.792,40.17,52.798,443.08,14511.7
EV000170,2025-04-26T12:00:00Z,360.168,43.312,25.569,69.07,41.679,313.4,57815.0
EV000490,2025-04-26T18:00:00Z,363.32,29.928,26.802,34.82,56.044,435.86,14432.0
EV000049,2025-04-27T00:00:00Z,374.033,24.967,29.437,16.33,37.266,294.58,101226.5
EV000172,2025-04-27T06:00:00Z,371.44,14.017,27.156,39.11,47.894,390.11,99674.9
EV000303,2025-04-27T12:00:00Z,366.683,80.436,30.666,93.64,54.095,431.03,8279.4
EV000488,2025-04-27T18:00:00Z,359.689,48.923,30.612,27.29,38.695,322.71,57886.7
EV000443,2025-04-28T00:00:00Z,367.391,31.088,28.949,60.26,39.824,340.31,14337.6
EV000461,2025-04-28T06:00:00Z,367.193,62.476,28.675,55.29,49.142,380.27,95100.3
EV000208,2025-04-28T12:00:00Z,360.598,45.326,26.7,91.65,49.979,401.18,57234.5
EV000162,2025-04-28T18:00:00Z,363.142,52.442,30.045,25.62,49.447,401.72,37469.2
EV000438,2025-04-29T00:00:00Z,371.092,45.976,26.933,39.61,53.161,436.84,24178.4
EV000294,2025-04-29T06:00:00Z,364.338,51.17,29.286,15.8,46.808,366.95,112138.1
EV000023,2025-04-29T12:00:00Z,356.289,32.86,45.851,24.04,44.6,359.54,139744.1
EV000317,2025-04-29T18:00:00Z,361.829,52.791,25.966,92.02,54.658,449.23,35812.7
EV000311,2025-04-30T00:00:00Z,361.279,40.353,26.445,68.48,44.356,362.33,123170.9
EV000089,2025-04-30T06:00:00Z,368.616,65.123,40.003,71.7,37.264,309.38,74851.2
EV000280,2025-04-30T12:00:00Z,377.093,51.843,33.112,65.39,48.178,364.42,94216.1
EV000385,2025-04-30T18:00:00Z,361.942,59.061,30.971,31.14,47.007,360.72,114848.5
EV000312,2025-05-01T00:00:00Z,366.066,37.078,27.759,75.89,49.971,403.25,23824.3
EV000307,2025-05-01T06:00:00Z,369.809,20.307,30.612,44.66,41.486,336.35,18089.9
EV000035,2025-05-01T12:00:00Z,356.97,48.051,31.625,45.15,52.675,421.14,41375.5
EV000161,2025-05-01T18:00:00Z,373.268,56.212,29.763,47.29,37.863,308.75,113806.4
EV000301,2025-05-02T00:00:00Z,365.676,47.153,26.453,57.14,40.8,326.15,30739.2
EV000370,2025-05-02T06:00:00Z,375.433,24.169,28.523,91.38,47.742,378.54,112176.6
EV000308,2025-05-02T12:00:00Z,366.826,21.755,30.62,15.57,52.027,408.32,89870.8
EV000227,2025-05-02T18:00:00Z,389.541,37.948,27.047,29.64,38.766,323.89,86617.3
EV000410,2025-05-03T00:00:00Z,376.349,48.403,32.212,22.12,44.042,339.76,16529.5
EV000065,2025-05-03T06:00:00Z,370.793,27.84,23.657,74.3,49.742,414.19,100426.4
EV000152,2025-05-03T12:00:00Z,370.182,28.251,24.75,75.74,49.338,409.23,84148.8
EV000211,2025-05-03T18:00:00Z,359.662,38.096,31.218,78.78,48.58,382.43,105050.5
EV000498,2025-05-04T00:00:00Z,371.757,37.969,26.991,75.39,49.879,405.69,51067.1
EV000059,2025-05-04T06:00:00Z,370.119,54.092,27.796,94.91,48.139,391.7,92057.3
EV000291,2025-05-04T12:00:00Z,375.484,48.8,23.304,75.73,50.943,411.55,7019.8
EV000205,2025-05-04T18:00:00Z,370.179,26.973,30.208,39.59,40.81,298.77,69591.2
EV000105,2025-05-05T00:00:00Z,354.116,35.85,30.855,46.7,40.592,325.52,47849.4
EV000126,2025-05-05T06:00:00Z,365.26,48.192,35.513,81.72,47.806,388.54,132500.3
EV000235,2025-05-05T12:00:00Z,357.992,10.762,23.848,80.85,37.594,277.23,111800.8
EV000037,2025-05-05T18:00:00Z,365.343,46.337,27.314,18.41,33.5,263.53,138595.1
EV000291,2025-05-06T00:00:00Z,364.921,48.659,34.943,18.57,52.673,434.49,61824.5
EV000072,2025-05-06T06:00:00Z,353.876,50.81,29.386,67.01,52.075,429.24,43500.7
EV000377,2025-05-06T12:00:00Z,365.484,57.177,29.437,20.29,50.595,394.49,87963.5
EV000052,2025-05-06T18:00:00Z,371.891,28.509,30.961,77.24,48.8,403.12,90933.8
EV000089,2025-05-07T00:00:00Z,369.115,58.132,27.886,49.69,41.075,322.73,42839.3
EV000373,2025-05-07T06:00:00Z,361.766,21.56,29.132,59.42,49.492,411.99,80318.1
EV000356,2025-05-07T12:00:00Z,362.627,61.151,45.719,24.0,54.542,439.92,17747.9
EV000436,2025-05-07T18:00:00Z,362.413,62.059,33.262,65.37,47.568,369.47,131359.0
EV000118,2025-05-08T00:00:00Z,365.54,64.753,28.581,72.73,44.413,385.2,15673.7
EV000129,2025-05-08T06:00:00Z,362.589,39.363,30.088,72.83,35.171,305.27,132182.9
EV000147,2025-05-08T12:00:00Z,364.727,46.52,29.404,72.28,51.226,426.11,77553.8
EV000208,2025-05-08T18:00:00Z,355.571,38.051,27.944,78.49,51.084,422.74,99281.1
EV000484,2025-05-09T00:00:00Z,344.902,54.777,26.752,63.51,38.263,300.56,85750.7
EV000450,2025-05-09T06:00:00Z,360.271,28.786,46.715,94.59,50.478,425.86,23801.9
EV000488,2025-05-09T12:00:00Z,349.459,51.472,29.746,69.73,37.335,297.92,98121.7
EV000170,2025-05-09T18:00:00Z,371.049,34.298,30.171,24.3,38.429,309.12,88682.7
EV000486,2025-05-10T00:00:00Z,357.678,22.132,32.531,63.76,52.822,398.69,37102.7
EV000312,2025-05-10T06:00:00Z,358.81,42.395,28.228,54.25,49.539,383.21,108672.0
EV000445,2025-05-10T12:00:00Z,360.886,23.822,30.25,46.43,46.648,364.88,136125.2
EV000361,2025-05-10T18:00:00Z,355.765,32.063,46.863,82.75,51.299,432.26,64087.5
EV000398,2025-05-11T00:00:00Z,369.834,51.512,26.603,20.52,47.069,386.89,113761.0
EV000300,2025-05-11T06:00:00Z,358.921,70.398,51.019,88.8,51.311,396.32,30303.5
EV000471,2025-05-11T12:00:00Z,380.947,60.254,32.24,43.18,50.366,410.45,52487.7
EV000495,2025-05-11T18:00:00Z,362.383,60.59,26.812,22.78,45.274,365.96,128239.0
EV000303,2025-05-12T00:00:00Z,366.392,50.999,29.117,39.97,54.016,415.44,50165.7
EV000032,2025-05-12T06:00:00Z,360.004,66.846,25.198,39.01,49.02,423.93,85748.9
EV000172,2025-05-12T12:00:00Z,352.508,33.7,28.886,50.95,51.155,411.18,18656.8
EV000054,2025-05-12T18:00:00Z,348.35,39.621,28.464,62.31,39.904,320.72,126683.0
EV000483,2025-05-13T00:00:00Z,374.13,32.26,31.415,65.82,51.463,418.05,83932.9
EV000494,2025-05-13T06:00:00Z,377.924,40.448,42.062,21.26,50.929,407.72,28400.6
EV000057,2025-05-13T12:00:00Z,365.462,44.722,25.944,30.59,36.238,291.04,89932.3
EV000283,2025-05-13T18:00:00Z,376.076,44.807,25.907,85.41,47.334,381.53,135325.9
EV000299,2025-05-14T00:00:00Z,368.982,21.826,25.389,84.34,41.481,335.13,36841.9
EV000187,2025-05-14T06:00:00Z,360.067,32.027,27.472,33.66,41.782,356.16,38159.3
EV000231,2025-05-14T12:00:00Z,379.169,29.75,30.496,19.63,53.712,420.77,17710.0
EV000471,2025-05-14T18:00:00Z,355.99,35.333,31.499,50.93,53.876,412.68,44316.6
EV000089,2025-05-15T00:00:00Z,361.643,53.744,26.875,34.99,40.128,318.04,104066.1
EV000455,2025-05-15T06:00:00Z,366.997,35.563,29.664,75.85,47.778,356.1,109504.9
EV000224,2025-05-15T12:00:00Z,360.667,76.872,29.293,57.87,45.044,355.23,32115.4
EV000442,2025-05-15T18:00:00Z,365.754,35.657,25.649,66.18,34.331,283.53,131913.0
EV000461,2025-05-16T00:00:00Z,368.546,33.155,32.476,19.92,48.626,386.59,68942.1
EV000015,2025-05-16T06:00:00Z,351.885,26.167,25.019,48.46,34.964,252.36,133113.2
EV000194,2025-05-16T12:00:00Z,360.713,41.273,33.073,31.2,36.127,278.62,133859.0
EV000204,2025-05-16T18:00:00Z,353.027,65.718,25.039,15.99,41.798,351.36,54494.1
EV000144,2025-05-17T00:00:00Z,371.685,14.843,31.084,32.34,49.363,398.95,85314.2
EV000417,2025-05-17T06:00:00Z,358.218,28.268,26.166,50.22,42.761,327.3,22092.6
EV000114,2025-05-17T12:00:00Z,363.95,59.394,28.652,35.39,50.717,416.88,132693.3
EV000211,2025-05-17T18:00:00Z,360.57,37.996,28.509,19.87,47.407,367.87,123859.9
EV000352,2025-05-18T00:00:00Z,366.831,23.646,27.712,51.3,41.417,334.59,36933.1
EV000346,2025-05-18T06:00:00Z,375.491,45.963,31.223,54.86,35.239,295.83,122619.6
EV000027,2025-05-18T12:00:00Z,359.27,66.736,30.64,90.65,51.478,428.63,47458.8
EV000412,2025-05-18T18:00:00Z,379.059,70.032,33.337,51.49,51.214,414.79,102922.9
EV000489,2025-05-19T00:00:00Z,381.114,41.416,26.775,52.09,49.804,410.58,93702.0
EV000338,2025-05-19T06:00:00Z,359.515,28.795,23.292,22.99,40.63,315.91,37502.9
EV000281,2025-05-19T12:00:00Z,366.97,33.29,32.343,22.76,35.681,281.97,85777.1
EV000141,2025-05-19T18:00:00Z,359.42,42.504,46.042,78.68,45.253,360.9,114697.5
EV000025,2025-05-20T00:00:00Z,361.714,33.541,29.01,46.56,46.328,384.52,133210.5
EV000360,2025-05-20T06:00:00Z,355.061,45.278,32.511,63.05,33.257,255.64,114606.5
EV000121,2025-05-20T12:00:00Z,367.117,36.466,46.876,80.3,49.366,397.5,131862.1
EV000472,2025-05-20T18:00:00Z,382.236,68.116,43.402,68.48,54.152,420.94,34531.7
EV000249,2025-05-21T00:00:00Z,371.546,39.796,31.48,85.92,53.613,412.88,57994.3
EV000214,2025-05-21T06:00:00Z,357.983,24.575,32.328,78.95,49.87,397.88,109492.2
EV000103,2025-05-21T12:00:00Z,368.968,16.854,42.451,25.85,49.455,372.48,117253.1
EV000155,2025-05-21T18:00:00Z,357.456,47.814,46.069,22.52,50.431,396.95,61083.9
EV000488,2025-05-22T00:00:00Z,356.79,24.226,26.011,67.47,37.085,301.91,62995.9
EV000321,2025-05-22T06:00:00Z,367.486,46.528,33.579,48.54,53.724,421.74,23118.0
EV000267,2025-05-22T12:00:00Z,365.231,41.764,34.103,16.43,34.755,277.38,99996.0
EV000122,2025-05-22T18:00:00Z,364.137,41.531,31.649,43.12,54.471,434.88,26660.7
EV000190,2025-05-23T00:00:00Z,364.694,42.208,30.497,20.31,50.058,432.61,86343.4
EV000168,2025-05-23T06:00:00Z,370.983,52.845,30.006,65.42,48.448,381.88,101132.6
EV000399,2025-05-23T12:00:00Z,365.813,54.089,42.763,74.22,51.397,403.41,76315.6
EV000187,2025-05-23T18:00:00Z,364.315,16.389,30.352,22.22,38.384,316.92,61096.8
EV000239,2025-05-24T00:00:00Z,353.258,46.164,32.659,16.17,51.704,424.78,36478.8
EV000420,2025-05-24T06:00:00Z,366.566,50.12,31.169,78.34,35.75,260.3,116285.3
EV000125,2025-05-24T12:00:00Z,364.639,48.649,30.619,36.19,45.614,366.21,104085.3
EV000373,2025-05-24T18:00:00Z,350.699,42.847,28.896,39.85,53.358,427.7,64259.7
EV000118,2025-05-25T00:00:00Z,354.798,32.402,25.425,87.18,40.406,327.09,69721.8
EV000429,2025-05-25T06:00:00Z,374.401,56.766,29.817,33.38,45.994,356.24,95350.0
EV000170,2025-05-25T12:00:00Z,371.335,48.579,37.655,76.73,39.199,314.26,36839.4
EV000002,2025-05-25T18:00:00Z,355.386,34.985,42.928,21.09,54.24,438.15,18771.4
EV000226,2025-05-26T00:00:00Z,357.302,43.621,26.492,63.14,53.586,445.2,23109.3
EV000091,2025-05-26T06:00:00Z,370.711,18.992,25.579,18.92,48.015,370.27,117309.2
EV000233,2025-05-26T12:00:00Z,361.27,28.629,28.377,66.54,49.774,403.89,117787.9
EV000457,2025-05-26T18:00:00Z,364.201,28.686,33.602,69.24,50.622,415.48,65798.2
EV000197,2025-05-27T00:00:00Z,350.424,33.796,29.696,69.28,53.535,430.33,17160.3
EV000299,2025-05-27T06:00:00Z,364.818,37.028,33.46,58.52,35.956,299.69,115224.4
EV000193,2025-05-27T12:00:00Z,370.151,65.881,28.729,37.9,37.108,270.18,97760.1
EV000474,2025-05-27T18:00:00Z,360.387,49.191,28.455,75.72,48.53,389.89,95484.1
EV000235,2025-05-28T00:00:00Z,366.98,48.276,34.786,67.63,39.264,291.79,102520.1
EV000195,2025-05-28T06:00:00Z,356.643,37.967,50.275,51.98,47.428,373.81,97310.9
EV000132,2025-05-28T12:00:00Z,353.499,41.796,42.936,63.22,53.053,417.34,19488.3
EV000102,2025-05-28T18:00:00Z,372.313,49.816,32.056,42.52,53.394,419.52,50901.5
EV000240,2025-05-29T00:00:00Z,361.084,37.609,27.424,69.23,52.416,444.5,58323.0
EV000323,2025-05-29T06:00:00Z,372.604,43.654,25.871,51.14,50.211,416.45,127357.4
EV000426,2025-05-29T12:00:00Z,358.076,32.89,30.501,31.24,52.285,414.13,37359.1
EV000104,2025-05-29T18:00:00Z,376.967,51.271,25.571,28.84,47.794,400.11,90130.7
EV000108,2025-05-30T00:00:00Z,360.581,39.699,30.559,85.49,53.914,431.51,5937.4
EV000141,2025-05-30T06:00:00Z,363.223,30.509,49.465,40.93,52.71,421.45,49256.9
EV000248,2025-05-30T12:00:00Z,369.304,54.78,27.405,72.77,51.544,406.05,59976.2
EV000206,2025-05-30T18:00:00Z,359.361,47.806,31.985,67.63,37.762,310.0,75882.9
EV000076,2025-05-31T00:00:00Z,354.651,20.869,43.096,33.37,44.299,357.14,137796.7
EV000378,2025-05-31T06:00:00Z,362.496,20.352,30.276,35.89,56.438,445.2,7052.0
EV000284,2025-05-31T12:00:00Z,375.137,12.398,46.956,52.26,52.549,416.4,90159.9
EV000272,2025-05-31T18:00:00Z,366.797,59.892,29.978,20.97,44.74,356.87,130335.6
EV000026,2025-06-01T00:00:00Z,371.047,47.469,28.923,41.59,49.23,401.97,104519.1
EV000283,2025-06-01T06:00:00Z,364.284,60.552,31.417,22.89,51.174,416.46,55247.3
EV000295,2025-06-01T12:00:00Z,349.864,39.228,30.421,74.85,36.688,295.57,104337.0
EV000244,2025-06-01T18:00:00Z,362.825,53.506,26.521,47.29,36.53,283.62,101199.3
EV000139,2025-06-02T00:00:00Z,360.206,38.118,31.668,64.29,49.782,407.21,51080.7
EV000475,2025-06-02T06:00:00Z,360.538,53.242,33.749,67.51,52.316,406.37,41590.2
EV000334,2025-06-02T12:00:00Z,366.377,3.28,43.204,54.18,49.85,387.7,90175.6
EV000499,2025-06-02T18:00:00Z,366.26,41.9,22.231,68.1,48.321,373.02,102747.7
EV000337,2025-06-03T00:00:00Z,359.671,58.484,31.437,58.04,52.658,406.9,53181.3
EV000251,2025-06-03T06:00:00Z,377.912,36.319,32.59,51.83,49.226,406.55,124433.8
EV000106,2025-06-03T12:00:00Z,368.583,58.981,26.251,93.35,50.173,375.67,82829.8
EV000270,2025-06-03T18:00:00Z,367.343,21.914,35.051,34.98,40.648,338.56,62000.3
EV000298,2025-06-04T00:00:00Z,364.065,23.45,27.292,54.28,50.782,396.46,91607.2
EV000004,2025-06-04T06:00:00Z,376.928,32.121,33.473,93.92,49.478,385.35,70023.3
EV000242,2025-06-04T12:00:00Z,363.47,30.262,32.596,62.26,51.543,409.47,40037.9
EV000382,2025-06-04T18:00:00Z,379.972,49.575,33.27,71.36,35.876,250.34,124818.3
EV000099,2025-06-05T00:00:00Z,375.791,48.671,29.296,55.55,52.774,436.04,31166.1
EV000351,2025-06-05T06:00:00Z,360.378,61.614,34.311,16.71,48.624,398.56,92084.6
EV000469,2025-06-05T12:00:00Z,356.369,49.277,27.586,16.72,45.665,370.35,133258.6
EV000039,2025-06-05T18:00:00Z,361.129,32.259,32.091,18.33,52.693,406.07,11143.0
EV000452,2025-06-06T00:00:00Z,368.074,40.135,31.614,16.17,49.906,409.04,40546.5
EV000066,2025-06-06T06:00:00Z,343.299,40.792,29.481,32.38,47.167,382.51,132644.3
EV000192,2025-06-06T12:00:00Z,370.212,32.581,30.347,25.23,42.561,343.41,23141.7
EV000029,2025-06-06T18:00:00Z,367.886,20.005,27.922,61.37,52.583,428.26,72985.5
EV000411,2025-06-07T00:00:00Z,374.893,44.987,32.998,83.85,48.541,399.78,135368.2
EV000215,2025-06-07T06:00:00Z,362.041,48.93,26.338,54.4,53.138,438.05,25609.6
EV000248,2025-06-07T12:00:00Z,362.873,45.737,30.071,47.34,55.371,459.91,14396.6
EV000284,2025-06-07T18:00:00Z,363.781,48.292,39.163,23.1,53.757,439.7,42742.6
EV000285,2025-06-08T00:00:00Z,371.963,65.198,32.497,76.92,53.969,433.64,24781.6
EV000040,2025-06-08T06:00:00Z,362.923,38.359,28.409,63.33,54.84,446.74,5397.1
EV000071,2025-06-08T12:00:00Z,356.779,59.421,29.538,27.29,40.321,313.84,70888.7
EV000476,2025-06-08T18:00:00Z,352.196,60.871,28.44,34.07,50.798,414.7,69525.4
EV000289,2025-06-09T00:00:00Z,365.989,42.354,29.909,23.18,31.96,253.97,137666.0
EV000027,2025-06-09T06:00:00Z,360.798,64.819,28.653,21.41,48.415,391.66,129081.6
EV000084,2025-06-09T12:00:00Z,356.302,35.69,33.429,85.11,51.475,397.66,5327.2
EV000078,2025-06-09T18:00:00Z,379.095,50.653,32.24,44.21,50.869,407.51,65011.0
EV000101,2025-06-10T00:00:00Z,370.497,34.45,26.689,87.32,39.969,314.27,31350.1
EV000395,2025-06-10T06:00:00Z,355.619,58.549,39.935,21.95,50.027,407.52,55551.0
EV000075,2025-06-10T12:00:00Z,355.125,30.522,33.406,88.13,51.727,417.6,52242.4
EV000328,2025-06-10T18:00:00Z,375.829,50.611,29.709,22.48,36.919,295.93,76558.4
EV000342,2025-06-11T00:00:00Z,378.551,40.76,27.685,46.07,54.667,450.67,19989.7
EV000425,2025-06-11T06:00:00Z,363.075,47.028,31.298,72.54,45.692,355.51,132431.7
EV000343,2025-06-11T12:00:00Z,371.746,44.419,22.689,37.88,49.33,393.09,78138.2
EV000454,2025-06-11T18:00:00Z,359.31,39.285,44.475,78.7,51.208,419.31,30115.8
EV000090,2025-06-12T00:00:00Z,369.738,40.304,31.169,66.3,52.372,422.09,62151.6
EV000492,2025-06-12T06:00:00Z,359.59,29.976,26.564,23.03,38.408,301.91,118249.8
EV000224,2025-06-12T12:00:00Z,362.959,33.577,24.85,36.55,40.785,303.26,61776.3
EV000305,2025-06-12T18:00:00Z,358.738,53.14,27.901,52.09,51.623,402.33,76232.1
EV000194,2025-06-13T00:00:00Z,360.783,24.419,28.879,90.64,35.675,300.55,120018.8
EV000288,2025-06-13T06:00:00Z,363.11,54.457,28.831,27.42,52.879,426.2,26268.0
EV000295,2025-06-13T12:00:00Z,359.626,61.618,32.557,88.35,31.61,256.24,133734.3
EV000008,2025-06-13T18:00:00Z,365.652,47.243,30.697,17.11,46.725,384.35,134627.8
EV000079,2025-06-14T00:00:00Z,370.771,23.915,28.174,53.45,52.351,397.59,39724.9
EV000237,2025-06-14T06:00:00Z,372.157,44.574,30.5,42.87,50.708,394.45,46407.5
EV000453,2025-06-14T12:00:00Z,358.773,53.458,30.231,72.72,52.079,428.89,89241.6
EV000141,2025-06-14T18:00:00Z,374.115,40.521,50.271,19.3,46.479,360.99,126950.4
EV000073,2025-06-15T00:00:00Z,365.753,38.708,31.51,81.3,39.761,329.22,35676.5
EV000031,2025-06-15T06:00:00Z,364.702,62.782,36.029,74.22,51.465,412.94,61491.9
EV000487,2025-06-15T12:00:00Z,355.934,46.256,30.846,77.06,46.687,379.28,137117.2
EV000311,2025-06-15T18:00:00Z,366.679,35.598,28.516,16.99,46.388,405.77,135815.2
EV000357,2025-06-16T00:00:00Z,369.775,23.545,28.65,63.03,48.207,401.44,100411.4
EV000023,2025-06-16T06:00:00Z,359.167,30.751,42.305,63.36,48.35,388.17,65328.5
EV000235,2025-06-16T12:00:00Z,361.901,35.676,26.474,51.09,43.406,353.93,45942.9
EV000316,2025-06-16T18:00:00Z,360.012,21.856,29.602,44.83,42.779,339.01,133660.4
EV000487,2025-06-17T00:00:00Z,363.542,50.405,32.1,50.84,50.008,418.82,73297.7
EV000482,2025-06-17T06:00:00Z,361.184,47.141,27.06,37.4,44.616,361.58,124196.7
EV000462,2025-06-17T12:00:00Z,364.519,26.555,26.32,15.42,36.936,287.39,115053.8
EV000209,2025-06-17T18:00:00Z,358.727,31.002,31.156,16.56,52.305,408.17,65351.6
EV000216,2025-06-18T00:00:00Z,365.148,32.415,26.413,76.56,52.374,420.66,21273.8
EV000328,2025-06-18T06:00:00Z,360.978,28.684,35.487,46.29,39.032,304.18,62573.6
EV000498,2025-06-18T12:00:00Z,369.923,28.587,33.436,39.75,48.148,360.74,110707.3
EV000005,2025-06-18T18:00:00Z,364.691,35.28,30.41,58.74,45.954,374.43,137538.9
EV000203,2025-06-19T00:00:00Z,373.905,60.475,28.793,89.08,51.698,412.8,66106.1
EV000178,2025-06-19T06:00:00Z,382.007,42.078,29.225,32.55,47.699,380.77,121491.0
EV000460,2025-06-19T12:00:00Z,355.632,31.515,30.416,74.94,51.867,394.5,40331.3
EV000056,2025-06-19T18:00:00Z,360.069,41.683,44.897,80.76,45.423,357.87,127380.8
EV000114,2025-06-20T00:00:00Z,370.145,31.549,27.729,55.23,53.749,434.59,44331.9
EV000127,2025-06-20T06:00:00Z,370.518,22.547,42.99,82.44,51.647,390.78,58263.6
EV000059,2025-06-20T12:00:00Z,371.176,29.175,32.956,75.73,49.337,415.46,103713.7
EV000013,2025-06-20T18:00:00Z,374.491,68.91,44.013,62.95,47.42,377.06,120821.9
EV000234,2025-06-21T00:00:00Z,367.103,44.401,29.13,57.27,40.959,342.56,32506.7
EV000246,2025-06-21T06:00:00Z,356.535,47.785,34.861,64.5,49.762,406.22,77159.8
EV000010,2025-06-21T12:00:00Z,376.726,49.94,29.357,33.81,52.447,416.79,76968.1
EV000389,2025-06-21T18:00:00Z,367.44,53.917,26.568,30.34,35.53,272.22,123721.3
EV000152,2025-06-22T00:00:00Z,365.988,44.75,30.715,72.98,49.851,396.65,82288.9
EV000366,2025-06-22T06:00:00Z,356.935,42.216,25.945,74.07,52.424,422.55,45432.2
EV000450,2025-06-22T12:00:00Z,370.012,49.8,46.457,69.63,52.477,425.88,21727.4
EV000492,2025-06-22T18:00:00Z,369.131,44.034,29.609,44.84,41.945,328.74,69033.4
EV000352,2025-06-23T00:00:00Z,367.151,68.996,26.929,19.45,39.394,322.38,12910.6
EV000451,2025-06-23T06:00:00Z,357.503,33.591,29.712,79.1,48.117,384.26,122252.8
EV000237,2025-06-23T12:00:00Z,375.827,37.545,28.695,28.46,50.782,415.49,70190.6
EV000354,2025-06-23T18:00:00Z,360.784,41.629,29.163,20.61,49.363,385.13,77448.8
EV000403,2025-06-24T00:00:00Z,368.829,40.219,27.835,51.31,50.651,411.55,39853.3
EV000381,2025-06-24T06:00:00Z,374.986,57.688,28.376,62.63,49.083,381.71,117118.6
EV000269,2025-06-24T12:00:00Z,361.129,77.609,26.361,31.72,48.531,395.12,109045.3
EV000292,2025-06-24T18:00:00Z,362.818,40.743,38.197,18.59,52.684,399.41,26860.4
EV000376,2025-06-25T00:00:00Z,370.099,53.307,37.41,45.87,46.881,369.88,131183.4
EV000009,2025-06-25T06:00:00Z,373.72,33.625,46.088,78.49,53.348,440.59,56735.1
EV000500,2025-06-25T12:00:00Z,374.249,29.989,30.952,44.9,52.488,407.82,25673.9
EV000383,2025-06-25T18:00:00Z,355.341,36.387,28.652,81.93,41.474,319.85,18536.1
EV000472,2025-06-26T00:00:00Z,371.024,67.643,42.624,27.28,49.659,382.19,100660.9
EV000308,2025-06-26T06:00:00Z,368.662,56.216,28.204,15.57,51.482,416.43,38423.4
EV000311,2025-06-26T12:00:00Z,352.193,59.706,38.553,84.27,47.176,367.0,99868.3
EV000467,2025-06-26T18:00:00Z,356.374,55.697,29.485,44.23,48.863,371.14,105685.4
EV000219,2025-06-27T00:00:00Z,364.246,40.564,23.15,86.61,41.518,327.18,6221.1
EV000094,2025-06-27T06:00:00Z,368.475,33.862,29.585,54.26,35.786,283.71,119590.7
EV000229,2025-06-27T12:00:00Z,379.658,30.235,28.89,45.47,36.921,279.62,113238.5
EV000466,2025-06-27T18:00:00Z,370.884,54.819,34.685,38.56,50.826,372.16,60770.8
EV000122,2025-06-28T00:00:00Z,372.596,32.249,29.611,62.09,48.438,389.71,104275.4
EV000082,2025-06-28T06:00:00Z,364.695,49.458,43.531,29.12,49.808,405.91,72933.5
EV000285,2025-06-28T12:00:00Z,368.822,48.714,26.069,88.14,49.385,407.04,80041.4
EV000033,2025-06-28T18:00:00Z,374.797,67.413,25.585,45.14,43.806,359.55,27737.6
EV000310,2025-06-29T00:00:00Z,363.092,52.884,30.122,77.62,54.795,443.26,72502.0
EV000317,2025-06-29T06:00:00Z,360.207,32.869,24.177,41.3,50.934,418.97,29084.7
EV000179,2025-06-29T12:00:00Z,365.028,41.895,26.224,25.33,37.465,313.28,115529.1
EV000163,2025-06-29T18:00:00Z,361.367,44.287,28.882,65.26,53.141,425.57,24441.3
EV000099,2025-06-30T00:00:00Z,354.196,28.379,33.102,61.55,50.57,409.62,76566.8
EV000267,2025-06-30T06:00:00Z,353.287,17.162,29.885,60.16,34.442,262.58,114109.0
EV000009,2025-06-30T12:00:00Z,374.404,44.521,45.281,15.63,47.808,380.89,129440.3
EV000189,2025-06-30T18:00:00Z,355.763,30.274,46.198,93.66,48.775,421.67,89501.1
EV000049,2025-07-01T00:00:00Z,359.997,34.004,31.828,53.03,40.728,329.65,62602.6
EV000091,2025-07-01T06:00:00Z,361.289,31.707,30.337,84.91,51.41,413.34,70234.6
EV000123,2025-07-01T12:00:00Z,358.716,33.539,32.283,55.41,49.118,367.82,128301.1
EV000429,2025-07-01T18:00:00Z,354.106,45.59,32.125,58.66,48.802,405.28,117875.9
EV000222,2025-07-02T00:00:00Z,369.507,44.198,28.667,62.9,40.339,339.69,73867.2
EV000402,2025-07-02T06:00:00Z,366.918,28.667,26.45,30.43,45.617,369.77,129529.9
EV000420,2025-07-02T12:00:00Z,368.832,56.349,29.161,89.88,40.651,337.23,43408.5
EV000144,2025-07-02T18:00:00Z,372.595,42.151,30.943,22.58,51.939,450.56,16021.3
EV000072,2025-07-03T00:00:00Z,371.25,34.403,28.609,57.61,48.02,387.8,137291.7
EV000167,2025-07-03T06:00:00Z,359.381,40.212,25.621,50.0,47.69,376.81,120704.5
EV000330,2025-07-03T12:00:00Z,371.225,53.72,29.256,81.18,38.009,313.25,82151.5
EV000383,2025-07-03T18:00:00Z,361.578,26.82,28.464,17.65,40.62,311.6,10220.9
EV000402,2025-07-04T00:00:00Z,379.609,25.531,29.103,24.57,47.153,384.2,96125.7
EV000228,2025-07-04T06:00:00Z,358.986,18.349,29.663,82.22,46.895,370.5,93456.3
EV000210,2025-07-04T12:00:00Z,364.83,57.014,32.679,72.88,53.398,445.8,25080.9
EV000351,2025-07-04T18:00:00Z,354.253,48.064,25.681,42.93,52.2,399.7,35055.2
EV000357,2025-07-05T00:00:00Z,365.49,30.191,23.614,48.83,51.573,418.97,42862.7
EV000459,2025-07-05T06:00:00Z,373.796,36.588,31.651,19.17,44.564,366.98,129407.2
EV000363,2025-07-05T12:00:00Z,380.078,52.87,29.527,91.95,42.537,324.03,14807.5
EV000419,2025-07-05T18:00:00Z,354.821,32.298,26.74,33.93,54.266,441.37,15880.0
EV000244,2025-07-06T00:00:00Z,367.168,36.891,26.0,22.23,43.112,357.7,41382.9
EV000299,2025-07-06T06:00:00Z,367.866,44.402,26.544,58.86,37.503,308.71,66953.4
EV000112,2025-07-06T12:00:00Z,364.734,29.449,32.627,62.08,51.428,410.3,57437.2
EV000394,2025-07-06T18:00:00Z,370.231,57.386,27.943,76.39,52.558,426.26,54497.6
EV000329,2025-07-07T00:00:00Z,361.023,36.319,28.19,33.03,47.958,372.39,90063.4
EV000093,2025-07-07T06:00:00Z,354.552,47.456,24.381,34.08,52.302,410.2,51667.0
EV000213,2025-07-07T12:00:00Z,360.094,34.265,28.19,46.54,48.287,388.84,81435.4
EV000422,2025-07-07T18:00:00Z,374.955,33.608,29.71,30.7,41.74,333.75,74258.0
EV000351,2025-07-08T00:00:00Z,361.668,60.027,32.594,64.47,51.773,432.81,57532.4
EV000125,2025-07-08T06:00:00Z,373.835,50.315,29.759,36.62,52.963,439.6,29768.1
EV000416,2025-07-08T12:00:00Z,370.241,49.894,25.864,42.29,54.436,440.76,23303.8
EV000212,2025-07-08T18:00:00Z,342.236,47.764,23.521,76.06,40.052,327.33,44436.8
EV000323,2025-07-09T00:00:00Z,357.762,30.092,28.541,62.65,43.703,367.53,125207.1
EV000305,2025-07-09T06:00:00Z,367.862,48.096,31.85,89.25,46.28,369.81,137654.7
EV000090,2025-07-09T12:00:00Z,368.47,42.028,25.67,86.6,53.616,430.99,19251.8
EV000163,2025-07-09T18:00:00Z,375.997,40.91,29.749,79.24,48.294,385.63,129233.6
EV000457,2025-07-10T00:00:00Z,367.998,40.668,25.459,40.61,52.232,398.31,45698.9
EV000414,2025-07-10T06:00:00Z,377.401,42.613,52.679,69.75,51.179,412.38,35592.5
EV000050,2025-07-10T12:00:00Z,361.098,29.923,27.138,15.54,40.13,320.29,17671.8
EV000298,2025-07-10T18:00:00Z,365.891,48.281,25.29,70.94,52.185,398.53,31194.8
EV000378,2025-07-11T00:00:00Z,370.454,37.775,29.771,21.54,52.195,427.97,20352.6
EV000475,2025-07-11T06:00:00Z,366.895,36.309,25.112,94.06,50.519,411.62,45255.6
EV000263,2025-07-11T12:00:00Z,369.728,48.379,25.128,33.5,46.001,366.82,136682.4
EV000140,2025-07-11T18:00:00Z,356.867,43.668,46.001,94.35,48.604,392.77,127648.3
EV000423,2025-07-12T00:00:00Z,366.215,40.4,49.813,81.53,49.793,410.19,112935.2
EV000351,2025-07-12T06:00:00Z,365.493,52.838,27.622,71.71,48.557,393.43,107219.5
EV000463,2025-07-12T12:00:00Z,368.433,43.047,27.306,92.89,50.983,397.79,68843.2
EV000078,2025-07-12T18:00:00Z,358.855,40.567,23.356,60.29,54.979,456.0,43680.8
EV000227,2025-07-13T00:00:00Z,375.579,42.881,31.552,62.45,38.892,311.1,61828.0
EV000086,2025-07-13T06:00:00Z,369.097,44.15,45.482,93.85,50.96,406.03,87782.8
EV000034,2025-07-13T12:00:00Z,358.196,51.789,43.778,93.19,50.121,418.18,75193.7
EV000258,2025-07-13T18:00:00Z,371.991,64.06,32.782,16.86,50.647,401.46,77927.2
EV000344,2025-07-14T00:00:00Z,365.505,54.675,41.872,17.11,50.942,412.05,48450.0
EV000451,2025-07-14T06:00:00Z,371.106,55.766,33.17,67.37,51.788,411.71,25857.6
EV000234,2025-07-14T12:00:00Z,372.277,35.168,26.233,79.57,37.903,285.98,88460.5
EV000237,2025-07-14T18:00:00Z,358.333,12.796,32.323,80.06,46.324,380.02,100816.4
EV000276,2025-07-15T00:00:00Z,362.912,39.185,26.231,71.94,35.754,279.21,138919.9
EV000279,2025-07-15T06:00:00Z,359.04,43.411,26.009,63.52,47.841,386.81,120122.2
EV000156,2025-07-15T12:00:00Z,375.201,48.252,30.42,49.62,49.536,415.2,90429.4
EV000476,2025-07-15T18:00:00Z,367.193,44.3,28.923,39.7,47.495,367.26,78947.1
EV000413,2025-07-16T00:00:00Z,369.498,34.448,31.512,37.25,55.105,444.45,27504.4
EV000102,2025-07-16T06:00:00Z,369.963,65.087,27.058,39.18,50.049,402.97,86995.2
EV000483,2025-07-16T12:00:00Z,361.645,34.233,28.087,55.68,53.532,425.26,9231.9
EV000421,2025-07-16T18:00:00Z,364.082,23.088,30.037,32.76,51.445,391.37,51146.9
EV000324,2025-07-17T00:00:00Z,366.219,27.939,41.865,79.52,55.103,425.74,18311.9
EV000383,2025-07-17T06:00:00Z,362.528,49.877,27.487,44.57,34.736,272.13,138417.4
EV000357,2025-07-17T12:00:00Z,361.041,62.751,27.117,93.87,51.826,386.06,108145.9
EV000334,2025-07-17T18:00:00Z,360.915,30.413,45.656,47.34,52.017,411.63,39157.4
EV000274,2025-07-18T00:00:00Z,356.362,58.585,27.608,15.18,34.341,275.21,116502.4
EV000190,2025-07-18T06:00:00Z,358.923,38.343,27.416,57.29,50.775,386.66,58550.8
EV000039,2025-07-18T12:00:00Z,364.399,50.942,29.181,72.55,51.395,399.61,50829.7
EV000434,2025-07-18T18:00:00Z,352.638,53.892,23.129,69.72,47.723,371.4,91907.4
EV000204,2025-07-19T00:00:00Z,368.554,63.232,27.073,75.87,37.449,302.93,37708.9
EV000485,2025-07-19T06:00:00Z,370.607,38.601,27.377,70.76,53.587,415.04,13109.8
EV000467,2025-07-19T12:00:00Z,357.35,33.992,29.507,75.37,49.752,401.75,74573.9
EV000193,2025-07-19T18:00:00Z,363.9,25.061,26.922,83.39,37.841,301.01,122680.2
EV000404,2025-07-20T00:00:00Z,368.726,20.707,26.689,36.33,52.21,427.99,38341.0
EV000209,2025-07-20T06:00:00Z,355.245,60.851,23.734,24.08,51.642,425.54,67348.0
EV000238,2025-07-20T12:00:00Z,385.462,42.58,46.316,47.92,53.477,422.06,13805.3
EV000369,2025-07-20T18:00:00Z,368.984,28.852,25.433,74.11,48.683,384.58,137674.2
EV000466,2025-07-21T00:00:00Z,369.442,21.448,31.463,33.28,52.238,422.43,21827.8
EV000263,2025-07-21T06:00:00Z,377.571,17.196,30.166,56.56,48.828,399.15,106019.0
EV000425,2025-07-21T12:00:00Z,373.712,36.441,24.769,90.79,51.674,420.28,53704.7
EV000104,2025-07-21T18:00:00Z,370.23,46.278,27.913,53.52,53.483,417.24,16274.3
EV000172,2025-07-22T00:00:00Z,371.444,26.591,32.299,59.06,47.295,384.3,126982.6
EV000446,2025-07-22T06:00:00Z,372.144,44.884,28.002,60.61,54.429,466.39,19371.1
EV000474,2025-07-22T12:00:00Z,360.77,28.831,31.103,59.92,52.387,433.04,13915.6
EV000338,2025-07-22T18:00:00Z,365.999,18.775,27.235,56.63,39.519,313.49,55928.9
EV000127,2025-07-23T00:00:00Z,360.661,39.49,47.208,89.26,54.62,458.32,26277.6
EV000221,2025-07-23T06:00:00Z,362.611,53.267,21.059,47.79,50.674,403.02,99939.7
EV000267,2025-07-23T12:00:00Z,367.869,24.703,30.676,74.82,33.506,268.65,128381.7
EV000207,2025-07-23T18:00:00Z,352.355,43.489,23.24,64.13,54.342,428.26,28735.6
EV000277,2025-07-24T00:00:00Z,366.296,24.793,26.037,18.42,47.485,397.93,109415.0
EV000316,2025-07-24T06:00:00Z,368.736,25.704,28.098,72.39,50.489,404.2,73124.2
EV000085,2025-07-24T12:00:00Z,366.664,38.791,31.849,92.39,52.165,418.93,19777.5
EV000155,2025-07-24T18:00:00Z,354.145,36.212,43.263,16.12,53.914,423.06,63907.3
EV000382,2025-07-25T00:00:00Z,365.874,17.556,30.046,40.4,36.569,308.07,81449.3
EV000310,2025-07-25T06:00:00Z,374.485,48.706,27.741,49.75,52.02,395.44,42852.0
EV000052,2025-07-25T12:00:00Z,374.762,46.195,34.625,34.96,52.448,444.92,21178.1
EV000059,2025-07-25T18:00:00Z,365.902,30.287,24.29,55.34,50.599,387.58,82340.3
EV000266,2025-07-26T00:00:00Z,354.394,37.936,35.596,54.59,47.978,412.08,119014.4
EV000196,2025-07-26T06:00:00Z,364.942,67.947,28.584,27.93,40.248,344.31,53406.0
EV000167,2025-07-26T12:00:00Z,354.166,42.156,30.229,35.06,54.539,444.47,13543.7
EV000404,2025-07-26T18:00:00Z,366.406,24.317,29.263,23.78,47.698,370.62,87839.5
EV000341,2025-07-27T00:00:00Z,359.547,28.635,27.391,43.59,48.983,395.09,131948.5
EV000070,2025-07-27T06:00:00Z,366.382,35.652,28.835,59.96,48.484,390.59,136782.0
EV000015,2025-07-27T12:00:00Z,357.23,59.708,27.558,81.18,36.61,284.32,118936.2
EV000351,2025-07-27T18:00:00Z,367.946,70.764,32.196,56.97,53.813,420.69,18699.0
EV000403,2025-07-28T00:00:00Z,365.322,59.498,32.596,52.84,50.124,404.56,72293.4
EV000357,2025-07-28T06:00:00Z,357.314,61.837,27.428,67.16,48.66,377.94,73994.5
EV000370,2025-07-28T12:00:00Z,374.542,66.764,30.788,26.08,54.033,442.95,24737.2
EV000371,2025-07-28T18:00:00Z,358.099,43.52,30.923,25.27,54.23,425.69,15292.7
EV000251,2025-07-29T00:00:00Z,372.05,54.201,27.395,82.75,49.828,387.67,90169.5
EV000017,2025-07-29T06:00:00Z,355.616,24.436,33.365,46.8,53.008,448.57,13925.1
EV000172,2025-07-29T12:00:00Z,352.348,25.729,29.86,40.76,47.057,398.43,125123.0
EV000414,2025-07-29T18:00:00Z,362.14,35.593,44.021,86.32,49.101,388.93,68751.2
EV000227,2025-07-30T00:00:00Z,371.647,52.111,29.83,46.7,41.257,326.45,20136.2
EV000131,2025-07-30T06:00:00Z,359.811,12.609,23.83,25.1,51.058,386.61,54714.6
EV000323,2025-07-30T12:00:00Z,368.676,33.75,27.117,73.24,50.31,382.58,94606.2
EV000087,2025-07-30T18:00:00Z,358.564,41.342,33.977,26.84,39.501,324.03,36208.3
EV000076,2025-07-31T00:00:00Z,369.581,18.418,45.665,78.11,51.875,417.63,35100.0
EV000052,2025-07-31T06:00:00Z,374.835,53.272,29.219,44.16,53.02,402.57,52704.3
EV000438,2025-07-31T12:00:00Z,369.361,50.601,27.66,74.33,49.725,388.8,29500.4
EV000299,2025-07-31T18:00:00Z,355.935,33.414,26.191,90.53,43.825,343.41,8334.7
EV000114,2025-08-01T00:00:00Z,362.942,29.019,26.532,80.78,47.437,388.09,137727.9
EV000359,2025-08-01T06:00:00Z,364.635,42.229,36.421,33.0,48.386,388.43,95370.7
EV000038,2025-08-01T12:00:00Z,356.33,40.085,27.707,20.84,48.864,416.51,119197.0
EV000319,2025-08-01T18:00:00Z,349.454,36.765,28.588,46.22,50.003,395.02,93381.3
EV000241,2025-08-02T00:00:00Z,363.561,42.412,27.119,83.7,39.535,307.49,36705.8
EV000462,2025-08-02T06:00:00Z,362.875,32.118,26.716,50.86,39.239,327.13,92656.4
EV000267,2025-08-02T12:00:00Z,362.842,27.498,27.616,23.23,37.237,279.34,72024.5
EV000194,2025-08-02T18:00:00Z,374.565,12.712,31.448,53.52,41.493,314.37,37082.1
EV000307,2025-08-03T00:00:00Z,372.984,45.869,22.884,42.87,37.114,275.84,61314.0
EV000052,2025-08-03T06:00:00Z,375.952,29.332,26.664,61.31,51.006,410.2,56831.7
EV000264,2025-08-03T12:00:00Z,371.663,34.304,32.421,82.78,35.11,303.01,137985.9
EV000146,2025-08-03T18:00:00Z,355.086,48.673,25.775,46.67,48.719,388.01,121082.5
EV000128,2025-08-04T00:00:00Z,348.509,45.896,33.03,29.46,41.835,329.36,36671.4
EV000099,2025-08-04T06:00:00Z,364.311,48.445,27.721,63.69,54.232,423.61,9489.1
EV000231,2025-08-04T12:00:00Z,374.124,40.767,23.414,86.07,49.113,399.64,86700.0
EV000361,2025-08-04T18:00:00Z,370.669,42.084,47.645,34.94,53.987,421.47,7501.1
EV000100,2025-08-05T00:00:00Z,363.49,40.614,23.031,63.06,36.374,291.06,130440.1
EV000387,2025-08-05T06:00:00Z,369.065,56.622,28.981,66.97,48.329,376.21,138943.6
EV000303,2025-08-05T12:00:00Z,358.583,62.365,30.085,41.51,49.379,393.87,67540.5
EV000241,2025-08-05T18:00:00Z,369.278,50.891,29.81,20.74,41.006,337.39,22587.2
EV000443,2025-08-06T00:00:00Z,375.096,32.873,27.777,18.92,37.99,300.35,93434.8
EV000132,2025-08-06T06:00:00Z,370.157,49.348,49.37,35.17,46.029,347.02,123270.0
EV000036,2025-08-06T12:00:00Z,370.422,53.739,26.629,54.24,47.063,357.1,85792.0
EV000228,2025-08-06T18:00:00Z,360.338,19.093,32.669,67.95,47.126,370.2,113772.4
EV000037,2025-08-07T00:00:00Z,367.553,48.718,26.399,66.64,36.59,304.83,107445.1
EV000335,2025-08-07T06:00:00Z,363.09,20.363,45.84,88.96,55.591,428.82,21141.7
EV000079,2025-08-07T12:00:00Z,364.517,65.122,26.434,85.86,49.594,381.71,85786.3
EV000085,2025-08-07T18:00:00Z,363.413,31.075,25.558,39.18,52.899,409.05,50765.5
EV000465,2025-08-08T00:00:00Z,366.097,37.218,26.305,64.29,46.986,364.98,133263.0
EV000262,2025-08-08T06:00:00Z,365.303,54.83,23.927,47.64,35.563,275.58,107488.1
EV000293,2025-08-08T12:00:00Z,359.204,29.737,28.464,85.38,54.883,435.99,18542.7
EV000119,2025-08-08T18:00:00Z,360.013,43.568,24.1,55.6,50.472,389.49,48932.0
EV000293,2025-08-09T00:00:00Z,367.459,40.109,29.763,82.73,52.674,413.09,63706.9
EV000384,2025-08-09T06:00:00Z,371.671,44.527,33.251,87.67,46.473,354.42,136010.9
EV000287,2025-08-09T12:00:00Z,371.949,63.564,28.323,59.54,36.654,290.3,105467.7
EV000263,2025-08-09T18:00:00Z,378.388,25.327,32.603,27.03,49.324,379.61,117323.7
EV000163,2025-08-10T00:00:00Z,353.915,50.385,25.974,53.68,52.101,416.06,29525.0
EV000244,2025-08-10T06:00:00Z,370.783,54.547,28.379,15.38,38.979,307.8,82051.1
EV000083,2025-08-10T12:00:00Z,364.403,37.596,27.533,85.49,37.34,319.12,103263.1
EV000258,2025-08-10T18:00:00Z,360.714,56.242,30.101,43.54,50.574,394.27,45139.6
EV000183,2025-08-11T00:00:00Z,376.659,57.183,34.727,64.16,44.859,356.54,132729.7
EV000172,2025-08-11T06:00:00Z,360.597,54.071,28.059,47.96,52.033,443.82,36774.9
EV000195,2025-08-11T12:00:00Z,363.804,52.579,43.357,32.96,47.613,374.63,120388.1
EV000428,2025-08-11T18:00:00Z,370.589,41.265,32.166,50.72,47.222,383.89,111359.9
EV000410,2025-08-12T00:00:00Z,365.897,60.896,34.663,16.48,34.964,290.93,132146.4
EV000012,2025-08-12T06:00:00Z,359.034,51.459,30.019,26.08,46.308,359.5,114955.2
EV000309,2025-08-12T12:00:00Z,360.656,59.631,32.524,48.46,37.148,310.63,94604.0
EV000134,2025-08-12T18:00:00Z,377.049,54.336,31.481,80.62,49.277,395.41,89558.7
EV000126,2025-08-13T00:00:00Z,354.333,38.425,30.982,79.15,52.755,421.03,30228.4
EV000157,2025-08-13T06:00:00Z,379.898,36.505,23.617,24.41,38.609,312.79,17257.4
EV000180,2025-08-13T12:00:00Z,361.185,44.351,33.764,40.94,50.61,410.26,61215.0
EV000091,2025-08-13T18:00:00Z,378.798,31.372,36.219,62.28,50.346,412.58,60081.7
EV000338,2025-08-14T00:00:00Z,369.568,37.026,26.455,50.75,40.746,335.08,48239.7
EV000344,2025-08-14T06:00:00Z,377.366,26.902,44.296,69.64,49.28,400.97,61353.6
EV000460,2025-08-14T12:00:00Z,382.918,49.052,29.136,89.65,50.48,403.27,53285.8
EV000013,2025-08-14T18:00:00Z,357.374,52.134,45.424,68.49,53.703,434.15,28974.6
EV000048,2025-08-15T00:00:00Z,357.773,48.467,29.399,67.85,49.481,365.21,98265.9
EV000306,2025-08-15T06:00:00Z,362.9,25.689,30.758,17.71,49.837,397.14,40271.1
EV000227,2025-08-15T12:00:00Z,359.891,35.783,28.636,53.15,38.092,315.16,65884.1
EV000371,2025-08-15T18:00:00Z,367.593,27.324,32.22,51.48,48.783,375.49,114939.6
EV000251,2025-08-16T00:00:00Z,359.481,0.523,26.189,74.82,55.101,436.93,19688.0
EV000138,2025-08-16T06:00:00Z,382.367,73.768,31.119,16.62,50.878,415.49,122358.7
EV000027,2025-08-16T12:00:00Z,367.149,55.156,31.287,84.08,45.66,366.06,134543.9
EV000138,2025-08-16T18:00:00Z,370.966,33.541,30.473,82.97,51.086,403.03,83468.9
EV000010,2025-08-17T00:00:00Z,385.185,33.279,30.852,50.37,49.095,394.86,78809.1
EV000228,2025-08-17T06:00:00Z,370.174,39.625,30.088,31.78,53.444,438.96,46937.4
EV000156,2025-08-17T12:00:00Z,361.383,43.11,27.361,83.62,54.711,447.61,7272.9
EV000170,2025-08-17T18:00:00Z,353.556,62.816,28.127,79.73,39.055,309.86,90576.1
EV000416,2025-08-18T00:00:00Z,367.915,55.869,25.074,44.03,53.86,412.91,6023.0
EV000135,2025-08-18T06:00:00Z,353.524,29.632,33.78,93.53,44.203,354.88,136943.5
EV000440,2025-08-18T12:00:00Z,360.76,42.704,24.954,41.59,54.986,431.2,20098.8
EV000324,2025-08-18T18:00:00Z,364.616,48.381,47.256,64.7,46.526,389.71,109954.7
EV000327,2025-08-19T00:00:00Z,361.762,41.512,26.923,88.81,53.76,443.56,7004.8
EV000138,2025-08-19T06:00:00Z,371.844,47.168,30.894,27.09,43.777,348.81,130338.9
EV000444,2025-08-19T12:00:00Z,365.276,41.011,27.711,50.86,41.916,330.58,6863.9
EV000348,2025-08-19T18:00:00Z,363.38,31.847,36.124,43.39,52.591,416.5,61365.6
EV000393,2025-08-20T00:00:00Z,348.405,61.5,30.788,23.18,40.844,324.0,18393.3
EV000185,2025-08-20T06:00:00Z,365.705,41.788,30.587,56.14,49.891,397.29,68835.5
EV000064,2025-08-20T12:00:00Z,355.454,16.773,27.77,16.98,46.161,355.73,112748.4
EV000422,2025-08-20T18:00:00Z,371.817,37.813,27.139,92.22,40.103,316.85,45122.8
EV000063,2025-08-21T00:00:00Z,369.627,22.498,26.133,46.03,40.89,358.05,41028.4
EV000474,2025-08-21T06:00:00Z,364.008,50.283,31.317,17.51,49.38,401.92,72588.9
EV000415,2025-08-21T12:00:00Z,374.612,54.455,26.057,64.26,47.172,375.67,111066.7
EV000370,2025-08-21T18:00:00Z,371.213,28.704,30.397,65.09,46.702,376.45,96235.9
EV000224,2025-08-22T00:00:00Z,370.735,40.623,27.373,90.83,37.673,304.83,106981.4
EV000176,2025-08-22T06:00:00Z,361.213,37.524,29.495,91.53,48.103,368.96,109165.7
EV000265,2025-08-22T12:00:00Z,376.537,61.007,43.009,60.64,46.795,376.15,117309.4
EV000302,2025-08-22T18:00:00Z,366.419,43.828,28.978,63.17,50.097,411.89,77226.8
EV000113,2025-08-23T00:00:00Z,362.146,52.884,42.349,93.34,50.802,416.74,80538.3
EV000389,2025-08-23T06:00:00Z,355.375,48.795,29.02,19.28,35.688,290.2,97949.0
EV000379,2025-08-23T12:00:00Z,347.566,50.802,27.424,84.0,51.311,389.96,84169.8
EV000181,2025-08-23T18:00:00Z,357.962,32.895,43.477,72.88,49.496,394.53,50880.5
EV000418,2025-08-24T00:00:00Z,361.469,45.874,27.447,91.42,38.482,319.86,49990.6
EV000273,2025-08-24T06:00:00Z,367.211,56.784,30.188,67.05,54.605,416.79,5454.5
EV000116,2025-08-24T12:00:00Z,366.645,24.61,24.581,69.91,47.355,384.14,131145.4
EV000063,2025-08-24T18:00:00Z,357.847,26.604,27.344,63.52,34.961,275.65,73805.8
EV000225,2025-08-25T00:00:00Z,368.724,42.581,19.866,58.21,51.857,432.98,15510.4
EV000244,2025-08-25T06:00:00Z,371.239,62.925,33.684,35.28,37.831,290.3,126501.5
EV000408,2025-08-25T12:00:00Z,355.623,27.679,32.126,72.09,37.123,292.89,95005.3
EV000206,2025-08-25T18:00:00Z,366.587,40.6,30.637,70.7,35.748,273.1,136106.8
EV000263,2025-08-26T00:00:00Z,359.537,13.601,30.122,26.51,54.474,437.44,25807.9
EV000139,2025-08-26T06:00:00Z,361.76,55.374,28.463,36.23,49.492,406.46,58154.7
EV000434,2025-08-26T12:00:00Z,355.31,61.03,32.624,47.69,52.921,420.89,37077.7
EV000114,2025-08-26T18:00:00Z,350.317,48.156,27.824,63.76,50.66,395.3,53674.4
EV000232,2025-08-27T00:00:00Z,352.468,35.733,27.295,75.95,53.022,431.24,33755.0
EV000060,2025-08-27T06:00:00Z,372.257,54.191,27.174,52.3,39.563,300.99,26843.5
EV000380,2025-08-27T12:00:00Z,351.568,45.642,49.39,24.56,51.917,417.32,89263.5
EV000045,2025-08-27T18:00:00Z,366.268,28.231,29.302,78.37,55.41,438.15,17362.0
EV000125,2025-08-28T00:00:00Z,372.09,23.491,31.445,58.9,50.68,388.75,51032.9
EV000011,2025-08-28T06:00:00Z,374.84,26.014,30.458,30.3,49.371,390.0,64634.4
EV000105,2025-08-28T12:00:00Z,365.129,22.331,35.299,71.65,35.358,270.4,136672.9
EV000057,2025-08-28T18:00:00Z,360.102,47.584,24.609,35.6,37.304,304.16,83208.5
EV000261,2025-08-29T00:00:00Z,396.377,55.246,26.721,62.45,52.004,405.99,43940.1
EV000487,2025-08-29T06:00:00Z,365.729,21.838,27.263,82.85,51.741,404.99,43907.2
EV000286,2025-08-29T12:00:00Z,348.096,54.025,30.323,62.87,48.225,382.91,116277.7
EV000087,2025-08-29T18:00:00Z,378.922,37.347,29.689,82.12,36.596,305.16,109911.3
EV000119,2025-08-30T00:00:00Z,366.252,30.798,29.208,86.5,48.485,401.06,80169.4
EV000195,2025-08-30T06:00:00Z,353.996,33.007,46.38,38.56,50.474,420.25,93497.3
EV000203,2025-08-30T12:00:00Z,353.437,53.148,28.046,60.65,49.81,410.8,75493.7
EV000496,2025-08-30T18:00:00Z,361.429,40.06,30.378,60.12,33.162,240.1,139198.4
EV000199,2025-08-31T00:00:00Z,384.105,46.729,30.316,59.89,47.364,380.89,138391.3
EV000202,2025-08-31T06:00:00Z,369.434,32.866,51.099,90.36,49.076,395.27,124237.1
EV000338,2025-08-31T12:00:00Z,355.485,30.53,30.541,30.99,39.056,319.01,89186.1
EV000434,2025-08-31T18:00:00Z,352.986,26.198,30.667,93.93,54.271,428.97,19269.1
EV000031,2025-09-01T00:00:00Z,370.655,34.762,26.878,38.86,45.761,376.8,87700.2
EV000132,2025-09-01T06:00:00Z,350.21,21.437,46.664,22.54,49.204,373.26,99626.6
EV000376,2025-09-01T12:00:00Z,366.299,50.803,26.543,91.45,53.448,431.88,58985.5
EV000479,2025-09-01T18:00:00Z,361.928,45.903,31.273,34.34,47.341,382.78,96998.8
EV000144,2025-09-02T00:00:00Z,365.581,37.628,33.73,75.07,55.238,470.75,11217.2
EV000222,2025-09-02T06:00:00Z,373.919,29.723,31.327,56.53,40.681,334.03,56204.5
EV000130,2025-09-02T12:00:00Z,367.684,14.3,30.251,70.62,43.045,349.56,9557.8
EV000333,2025-09-02T18:00:00Z,360.731,33.145,27.027,15.13,51.932,420.0,77456.9
EV000407,2025-09-03T00:00:00Z,361.562,19.242,28.386,23.78,54.672,454.76,31725.6
EV000161,2025-09-03T06:00:00Z,354.365,47.52,31.163,27.15,42.288,342.71,21804.4
EV000052,2025-09-03T12:00:00Z,374.945,45.628,30.562,32.37,47.684,386.9,113147.1
EV000104,2025-09-03T18:00:00Z,369.006,43.878,25.815,18.24,50.723,420.64,115019.5
EV000238,2025-09-04T00:00:00Z,377.355,14.269,43.955,55.33,47.488,380.7,114682.4
EV000099,2025-09-04T06:00:00Z,351.088,49.352,22.05,75.86,48.023,400.73,87218.8
EV000408,2025-09-04T12:00:00Z,366.662,33.842,30.178,55.02,40.346,321.59,47206.5
EV000119,2025-09-04T18:00:00Z,356.131,51.871,30.773,91.64,55.859,440.19,8688.8
EV000434,2025-09-05T00:00:00Z,354.849,21.316,25.605,66.81,52.533,431.2,36763.0
EV000275,2025-09-05T06:00:00Z,364.58,44.965,29.909,83.82,46.483,359.13,133165.0
EV000392,2025-09-05T12:00:00Z,363.362,43.663,26.523,55.49,50.982,419.27,64921.7
EV000282,2025-09-05T18:00:00Z,367.787,51.574,26.754,58.16,49.777,402.81,97106.4
EV000178,2025-09-06T00:00:00Z,367.447,34.163,33.105,38.12,48.259,382.28,86400.3
EV000350,2025-09-06T06:00:00Z,376.035,35.487,31.009,93.55,38.038,291.84,116889.9
EV000377,2025-09-06T12:00:00Z,368.134,17.315,25.369,44.45,47.529,388.55,89273.9
EV000200,2025-09-06T18:00:00Z,377.268,8.497,27.203,24.6,47.98,374.43,98701.4
EV000395,2025-09-07T00:00:00Z,369.344,18.175,47.616,27.34,51.131,400.52,71311.0
EV000068,2025-09-07T06:00:00Z,363.311,57.876,32.516,69.36,55.797,450.43,8944.2
EV000027,2025-09-07T12:00:00Z,371.295,39.228,27.642,50.62,49.596,409.14,86607.8
EV000311,2025-09-07T18:00:00Z,350.447,33.128,29.328,33.02,53.292,451.01,88826.9
EV000051,2025-09-08T00:00:00Z,352.974,32.058,47.187,17.85,46.077,368.56,123806.2
EV000056,2025-09-08T06:00:00Z,347.004,7.997,44.416,77.17,51.671,405.94,96253.0
EV000114,2025-09-08T12:00:00Z,354.784,37.324,26.475,42.11,50.783,398.98,77876.5
EV000473,2025-09-08T18:00:00Z,363.057,51.577,28.914,87.49,48.526,397.88,82740.9
EV000429,2025-09-09T00:00:00Z,370.783,20.75,25.75,33.91,47.27,387.61,74526.4
EV000381,2025-09-09T06:00:00Z,362.048,51.954,34.057,54.48,48.329,410.86,108988.8
EV000489,2025-09-09T12:00:00Z,365.317,60.558,29.53,26.22,46.567,366.83,99804.1
EV000287,2025-09-09T18:00:00Z,365.076,37.874,25.496,48.98,36.129,284.05,84821.1
EV000073,2025-09-10T00:00:00Z,375.126,46.682,25.486,29.88,40.12,310.64,58836.5
EV000056,2025-09-10T06:00:00Z,361.204,39.798,47.123,22.94,47.984,360.27,107889.4
EV000229,2025-09-10T12:00:00Z,368.128,62.084,30.67,50.42,39.846,323.8,76812.6
EV000236,2025-09-10T18:00:00Z,360.456,46.605,25.123,39.82,49.866,374.1,38736.6
EV000228,2025-09-11T00:00:00Z,361.209,34.063,27.877,62.09,52.12,414.72,50538.0
EV000077,2025-09-11T06:00:00Z,359.845,55.566,29.802,24.02,56.999,476.78,15519.4
EV000123,2025-09-11T12:00:00Z,376.13,31.747,31.666,93.13,53.075,423.1,21495.5
EV000490,2025-09-11T18:00:00Z,349.209,34.229,31.88,18.7,44.474,355.47,125198.9
EV000176,2025-09-12T00:00:00Z,366.18,15.885,28.837,74.19,48.126,388.27,110045.1
EV000209,2025-09-12T06:00:00Z,378.745,24.615,22.214,55.29,53.381,422.19,35769.7
EV000354,2025-09-12T12:00:00Z,363.422,39.221,27.681,51.97,56.122,455.47,8545.3
EV000329,2025-09-12T18:00:00Z,383.907,14.257,29.23,67.29,52.917,420.3,12766.9
EV000334,2025-09-13T00:00:00Z,363.3,36.049,44.3,88.3,53.914,429.63,31224.5
EV000058,2025-09-13T06:00:00Z,359.679,40.583,30.388,61.24,47.688,379.63,116545.0
EV000179,2025-09-13T12:00:00Z,349.941,35.159,28.464,43.05,43.591,341.36,21559.8
EV000215,2025-09-13T18:00:00Z,361.844,23.012,25.093,70.02,52.369,417.04,27841.3
EV000227,2025-09-14T00:00:00Z,371.421,52.513,22.412,70.14,34.332,285.93,103019.5
EV000082,2025-09-14T06:00:00Z,385.835,37.18,43.006,64.36,47.016,396.69,118296.6
EV000050,2025-09-14T12:00:00Z,361.658,42.729,26.356,74.91,36.932,313.11,120340.3
EV000289,2025-09-14T18:00:00Z,357.857,42.09,30.204,34.64,33.908,241.56,135442.5
EV000412,2025-09-15T00:00:00Z,367.144,17.588,30.562,50.47,47.542,376.91,90369.6
EV000491,2025-09-15T06:00:00Z,366.918,15.838,31.831,68.91,36.037,279.02,101854.5
EV000021,2025-09-15T12:00:00Z,363.706,42.409,25.953,32.99,35.233,297.48,129669.4
EV000219,2025-09-15T18:00:00Z,369.718,66.005,31.86,51.93,34.404,279.45,131849.6
EV000455,2025-09-16T00:00:00Z,368.483,44.927,28.676,37.39,53.466,415.16,5766.8
EV000355,2025-09-16T06:00:00Z,337.123,62.077,25.559,84.94,47.043,358.87,104676.0
EV000114,2025-09-16T12:00:00Z,376.443,22.857,31.181,31.14,49.408,410.09,94581.1
EV000045,2025-09-16T18:00:00Z,367.564,49.994,31.373,41.24,47.875,381.05,120057.8
EV000113,2025-09-17T00:00:00Z,364.837,52.162,49.549,17.27,53.402,440.31,34520.4
EV000126,2025-09-17T06:00:00Z,360.951,22.708,25.935,32.61,51.732,394.36,105435.0
EV000475,2025-09-17T12:00:00Z,358.805,52.917,25.21,87.89,44.606,356.51,125799.2
EV000063,2025-09-17T18:00:00Z,358.984,50.104,32.329,31.21,42.38,368.87,13260.3
EV000136,2025-09-18T00:00:00Z,372.959,22.533,42.825,91.01,50.884,404.86,38594.6
EV000090,2025-09-18T06:00:00Z,352.299,46.229,28.992,33.53,51.337,422.82,68961.9
EV000374,2025-09-18T12:00:00Z,372.723,63.491,33.942,30.93,36.073,281.54,123176.9
EV000082,2025-09-18T18:00:00Z,364.354,38.797,44.341,28.26,48.93,382.17,126662.1
EV000098,2025-09-19T00:00:00Z,355.026,22.743,27.777,65.9,53.22,432.49,52361.6
EV000323,2025-09-19T06:00:00Z,369.686,25.794,28.448,26.09,47.686,384.79,133962.4
EV000209,2025-09-19T12:00:00Z,356.555,45.767,30.443,23.17,48.913,384.71,122979.9
EV000232,2025-09-19T18:00:00Z,373.833,33.012,32.953,49.4,51.443,402.58,46542.5
EV000361,2025-09-20T00:00:00Z,378.199,34.39,43.871,31.83,44.874,360.91,130634.4
EV000290,2025-09-20T06:00:00Z,374.762,19.745,28.761,93.76,44.119,365.55,23087.9
EV000448,2025-09-20T12:00:00Z,362.651,58.556,30.671,80.0,50.701,402.62,43206.0
EV000307,2025-09-20T18:00:00Z,356.495,39.394,30.828,54.47,40.604,328.17,86654.5
EV000063,2025-09-21T00:00:00Z,358.962,65.168,29.608,48.54,42.217,338.94,21671.8
EV000168,2025-09-21T06:00:00Z,351.085,31.39,28.169,47.6,49.678,390.84,66493.5
EV000110,2025-09-21T12:00:00Z,365.135,33.212,31.503,65.77,47.777,380.6,110574.4
EV000427,2025-09-21T18:00:00Z,356.349,33.356,29.271,49.34,53.032,422.69,20518.8
EV000215,2025-09-22T00:00:00Z,360.899,43.427,27.069,61.71,47.624,375.09,101890.8
EV000261,2025-09-22T06:00:00Z,368.22,27.662,27.892,24.19,47.505,390.13,124216.4
EV000399,2025-09-22T12:00:00Z,355.42,43.174,43.399,72.55,47.036,392.1,126731.5
EV000438,2025-09-22T18:00:00Z,353.575,46.794,24.807,40.42,49.916,394.33,110509.4
EV000297,2025-09-23T00:00:00Z,372.957,33.521,27.124,58.58,49.096,381.58,96767.1
EV000396,2025-09-23T06:00:00Z,357.295,56.576,45.499,48.93,46.452,389.54,111120.0
EV000033,2025-09-23T12:00:00Z,369.613,37.477,30.749,23.13,41.16,323.33,21477.4
EV000352,2025-09-23T18:00:00Z,362.484,54.401,25.549,19.03,36.978,294.39,80807.8
EV000247,2025-09-24T00:00:00Z,360.255,43.438,32.873,43.61,36.75,288.24,134427.7
EV000254,2025-09-24T06:00:00Z,356.78,14.316,20.504,47.69,47.484,388.19,134159.5
EV000462,2025-09-24T12:00:00Z,368.741,57.565,26.431,36.09,36.622,276.34,85559.5
EV000417,2025-09-24T18:00:00Z,372.179,55.817,29.041,61.91,37.119,280.96,87882.6
EV000090,2025-09-25T00:00:00Z,361.882,40.974,32.174,89.01,48.562,383.55,85384.3
EV000342,2025-09-25T06:00:00Z,357.621,73.506,25.327,82.32,49.645,394.96,64604.6
EV000203,2025-09-25T12:00:00Z,370.299,34.744,30.344,56.37,54.876,439.48,44142.6
EV000374,2025-09-25T18:00:00Z,363.484,47.852,36.142,26.07,39.996,329.98,37928.2
EV000073,2025-09-26T00:00:00Z,359.401,61.93,29.761,50.16,38.046,299.22,68162.8
EV000032,2025-09-26T06:00:00Z,371.688,61.451,26.787,19.68,50.799,400.24,34020.5
EV000137,2025-09-26T12:00:00Z,364.961,35.067,45.077,66.28,50.097,390.03,36621.8
EV000199,2025-09-26T18:00:00Z,369.437,30.959,30.073,68.75,53.964,428.85,16823.1
EV000467,2025-09-27T00:00:00Z,365.043,30.987,25.156,54.65,46.88,373.08,65403.9
EV000329,2025-09-27T06:00:00Z,372.446,39.346,26.991,42.07,50.109,401.01,85293.6
EV000484,2025-09-27T12:00:00Z,364.707,28.346,28.426,30.79,36.868,297.96,75113.8
EV000036,2025-09-27T18:00:00Z,366.874,29.784,26.749,77.47,56.766,467.7,24606.7
EV000065,2025-09-28T00:00:00Z,363.814,23.143,30.236,77.12,47.533,401.82,117655.6
EV000254,2025-09-28T06:00:00Z,378.905,26.489,30.801,25.91,48.296,403.62,96357.1
EV000242,2025-09-28T12:00:00Z,366.598,30.747,31.094,29.83,49.02,388.48,89074.6
EV000270,2025-09-28T18:00:00Z,363.018,44.39,34.437,40.77,39.204,311.01,31872.7
EV000232,2025-09-29T00:00:00Z,369.111,25.887,30.415,68.26,49.101,416.47,104362.0
EV000130,2025-09-29T06:00:00Z,352.103,25.598,28.753,65.04,36.256,281.33,100227.2
EV000298,2025-09-29T12:00:00Z,364.947,24.595,27.508,30.84,50.804,405.66,63578.1
EV000147,2025-09-29T18:00:00Z,370.636,19.605,28.854,31.67,49.912,405.54,97933.7
EV000018,2025-09-30T00:00:00Z,369.523,45.461,27.427,68.9,53.521,430.9,38687.0
EV000365,2025-09-30T06:00:00Z,370.769,31.961,31.75,42.56,50.233,387.4,81797.8
EV000222,2025-09-30T12:00:00Z,376.738,24.763,35.664,31.95,41.007,332.07,60607.2
EV000041,2025-09-30T18:00:00Z,356.674,54.615,45.537,70.35,49.966,400.25,70414.2
EV000399,2025-10-01T00:00:00Z,370.728,38.817,49.388,91.47,51.394,398.42,70834.1
EV000006,2025-10-01T06:00:00Z,384.994,34.651,29.828,52.55,38.442,313.74,59346.7
EV000187,2025-10-01T12:00:00Z,364.163,42.426,26.435,49.24,38.288,311.42,37196.7
EV000466,2025-10-01T18:00:00Z,359.039,51.073,32.416,89.13,49.346,403.28,64701.5
EV000179,2025-10-02T00:00:00Z,368.208,27.708,29.458,23.93,37.162,295.24,104705.1
EV000356,2025-10-02T06:00:00Z,382.466,55.022,45.444,84.44,51.765,421.16,87773.9
EV000348,2025-10-02T12:00:00Z,346.895,65.016,27.961,81.89,50.531,426.56,84425.0
EV000279,2025-10-02T18:00:00Z,372.355,40.126,25.396,74.57,50.638,401.37,64903.4
EV000287,2025-10-03T00:00:00Z,353.019,57.924,29.518,67.71,33.836,244.32,125888.3
EV000387,2025-10-03T06:00:00Z,360.091,64.305,31.34,60.53,52.511,413.47,34685.1
EV000154,2025-10-03T12:00:00Z,364.145,43.372,29.377,83.66,50.66,404.7,104005.1
EV000134,2025-10-03T18:00:00Z,355.315,47.896,25.494,16.92,49.213,394.89,62421.2
EV000076,2025-10-04T00:00:00Z,368.678,27.81,42.188,49.46,52.079,414.98,5909.4
EV000343,2025-10-04T06:00:00Z,354.163,31.838,37.194,33.04,53.114,409.71,58360.9
EV000102,2025-10-04T12:00:00Z,356.161,51.403,28.038,53.18,48.546,384.52,89604.1
EV000299,2025-10-04T18:00:00Z,372.155,47.442,28.265,88.14,33.96,267.01,136889.0
EV000457,2025-10-05T00:00:00Z,377.221,38.737,32.246,40.76,47.259,374.93,121361.8
EV000150,2025-10-05T06:00:00Z,372.489,56.004,29.609,32.31,47.007,397.08,113819.8
EV000031,2025-10-05T12:00:00Z,368.658,40.119,30.905,17.65,44.871,341.5,135513.4
EV000146,2025-10-05T18:00:00Z,366.013,45.589,25.008,52.03,49.333,387.49,84659.2
EV000362,2025-10-06T00:00:00Z,369.291,59.436,30.261,71.54,54.578,430.38,7099.7
EV000243,2025-10-06T06:00:00Z,365.673,65.768,32.691,41.94,51.429,438.83,37061.9
EV000135,2025-10-06T12:00:00Z,367.265,47.407,32.307,53.05,47.663,370.66,115680.7
EV000044,2025-10-06T18:00:00Z,372.165,56.404,41.313,72.23,54.879,444.53,54078.0
EV000085,2025-10-07T00:00:00Z,374.538,43.981,31.775,68.05,45.77,351.87,114067.2
EV000359,2025-10-07T06:00:00Z,354.023,73.099,29.384,33.64,52.316,397.87,53003.3
EV000213,2025-10-07T12:00:00Z,356.025,54.622,30.805,41.35,51.244,421.53,35260.1
EV000458,2025-10-07T18:00:00Z,347.765,37.851,30.022,65.29,40.332,332.77,53418.2
EV000031,2025-10-08T00:00:00Z,373.664,37.286,30.642,16.65,51.95,409.51,30272.4
EV000454,2025-10-08T06:00:00Z,365.143,19.869,49.099,43.88,53.207,406.13,24874.5
EV000087,2025-10-08T12:00:00Z,361.434,50.701,30.717,30.18,38.644,315.59,65830.8
EV000295,2025-10-08T18:00:00Z,361.82,19.139,25.377,42.94,33.399,277.5,136884.1
EV000411,2025-10-09T00:00:00Z,362.754,31.322,32.678,41.39,48.526,385.65,131117.9
EV000107,2025-10-09T06:00:00Z,371.283,32.292,46.879,70.95,50.79,408.7,107830.1
EV000180,2025-10-09T12:00:00Z,362.78,46.622,23.622,20.44,46.554,371.25,106378.2
EV000005,2025-10-09T18:00:00Z,379.837,20.075,30.681,47.73,48.522,393.92,92107.3
EV000300,2025-10-10T00:00:00Z,377.303,36.968,50.383,32.47,48.834,387.63,102998.9
EV000273,2025-10-10T06:00:00Z,370.329,42.453,29.565,24.05,49.681,397.18,51896.6
EV000189,2025-10-10T12:00:00Z,360.482,34.571,44.916,56.66,46.664,363.83,123094.7
EV000124,2025-10-10T18:00:00Z,365.531,40.235,29.599,45.94,49.366,396.53,110757.7
EV000028,2025-10-11T00:00:00Z,368.567,38.939,28.978,27.97,37.283,298.78,110973.6
EV000145,2025-10-11T06:00:00Z,370.164,64.885,28.635,77.72,49.821,405.3,64001.6
EV000027,2025-10-11T12:00:00Z,368.61,40.321,34.995,78.08,51.329,396.34,60126.3
EV000333,2025-10-11T18:00:00Z,367.873,47.311,28.051,43.6,47.051,357.01,122466.4
EV000300,2025-10-12T00:00:00Z,368.623,46.753,53.155,86.25,46.128,364.04,131006.9
EV000062,2025-10-12T06:00:00Z,374.046,36.173,25.783,65.94,47.214,392.5,124146.0
EV000130,2025-10-12T12:00:00Z,363.081,46.589,25.816,34.39,41.138,341.76,78515.2
EV000301,2025-10-12T18:00:00Z,361.265,80.982,32.728,85.06,40.399,308.23,25821.5
EV000418,2025-10-13T00:00:00Z,367.397,42.304,27.299,20.5,38.627,304.25,83644.9
EV000374,2025-10-13T06:00:00Z,361.538,56.7,34.047,38.49,41.935,333.9,36060.6
EV000469,2025-10-13T12:00:00Z,360.795,10.359,27.847,23.46,47.979,367.95,123048.3
EV000018,2025-10-13T18:00:00Z,363.839,46.718,29.129,31.62,47.47,382.11,132173.3
EV000261,2025-10-14T00:00:00Z,362.384,43.42,28.307,33.06,48.695,400.61,83741.2
EV000281,2025-10-14T06:00:00Z,367.123,51.694,34.527,67.83,37.583,294.38,93479.3
EV000034,2025-10-14T12:00:00Z,367.638,44.046,50.185,90.95,53.205,421.88,25125.6
EV000361,2025-10-14T18:00:00Z,365.971,71.781,46.958,63.27,53.062,415.95,37329.8
EV000164,2025-10-15T00:00:00Z,366.903,27.95,28.164,72.62,36.938,286.2,125559.9
EV000217,2025-10-15T06:00:00Z,366.285,35.562,21.79,31.3,49.256,387.25,113815.2
EV000070,2025-10-15T12:00:00Z,366.102,25.971,30.084,40.56,49.241,410.64,110748.1
EV000151,2025-10-15T18:00:00Z,362.371,28.093,26.626,66.11,52.87,421.34,14096.6
EV000019,2025-10-16T00:00:00Z,361.177,55.332,29.555,46.81,50.866,392.23,27876.1
EV000079,2025-10-16T06:00:00Z,358.708,26.748,33.902,21.82,48.344,395.29,96658.3
EV000138,2025-10-16T12:00:00Z,362.085,43.697,33.702,28.47,47.237,354.43,99596.6
EV000478,2025-10-16T18:00:00Z,367.136,49.465,27.797,82.66,50.9,408.71,56542.4
EV000063,2025-10-17T00:00:00Z,363.813,26.54,30.501,56.03,41.666,342.15,48234.9
EV000204,2025-10-17T06:00:00Z,363.225,45.19,27.432,47.03,40.428,323.92,84495.5
EV000306,2025-10-17T12:00:00Z,361.854,14.431,26.087,76.06,53.297,443.56,18012.5
EV000098,2025-10-17T18:00:00Z,362.53,42.8,26.207,84.25,51.896,413.49,52799.1
EV000438,2025-10-18T00:00:00Z,364.383,29.965,31.806,46.99,52.413,448.29,74281.3
EV000026,2025-10-18T06:00:00Z,361.672,43.757,27.307,71.89,53.683,438.2,36872.0
EV000121,2025-10-18T12:00:00Z,354.701,48.281,47.038,75.48,55.356,457.77,11666.9
EV000118,2025-10-18T18:00:00Z,356.34,34.449,30.689,27.18,36.888,288.97,77698.8
EV000306,2025-10-19T00:00:00Z,356.984,33.5,32.622,25.22,51.077,423.14,34831.5
EV000415,2025-10-19T06:00:00Z,372.437,39.14,32.536,50.67,47.351,386.22,61942.7
EV000281,2025-10-19T12:00:00Z,374.32,57.291,27.33,29.43,41.27,336.4,25635.3
EV000093,2025-10-19T18:00:00Z,361.935,52.612,33.971,63.47,49.56,388.8,87258.5
EV000036,2025-10-20T00:00:00Z,352.554,11.437,24.754,51.27,52.887,430.31,41359.3
EV000336,2025-10-20T06:00:00Z,364.337,28.494,28.051,51.45,55.348,446.23,33229.7
EV000494,2025-10-20T12:00:00Z,356.946,35.051,43.97,41.38,45.445,368.0,137607.0
EV000459,2025-10-20T18:00:00Z,354.423,37.202,27.646,42.96,54.773,443.26,22892.2
EV000458,2025-10-21T00:00:00Z,350.47,37.924,27.699,56.1,35.458,272.11,130630.2
EV000193,2025-10-21T06:00:00Z,369.966,38.401,30.504,22.26,39.796,324.78,67145.9
EV000484,2025-10-21T12:00:00Z,361.994,41.002,29.759,43.71,37.291,307.28,89436.4
EV000266,2025-10-21T18:00:00Z,365.085,35.27,26.398,61.39,45.081,365.04,122202.9
EV000467,2025-10-22T00:00:00Z,377.981,27.35,37.192,47.36,49.945,413.96,63641.6
EV000078,2025-10-22T06:00:00Z,352.673,46.963,31.328,34.58,53.853,442.34,84196.3
EV000145,2025-10-22T12:00:00Z,360.268,43.623,32.339,15.18,53.077,424.71,12592.1
EV000115,2025-10-22T18:00:00Z,368.609,55.159,26.917,85.55,48.856,401.37,137871.8
EV000278,2025-10-23T00:00:00Z,369.583,36.276,28.768,55.82,55.182,419.28,5061.4
EV000194,2025-10-23T06:00:00Z,370.919,27.248,29.453,58.82,32.718,267.69,131144.3
EV000255,2025-10-23T12:00:00Z,354.679,40.91,45.725,45.35,51.299,404.42,69445.2
EV000342,2025-10-23T18:00:00Z,378.687,69.609,31.894,82.62,46.569,357.48,111405.6
EV000192,2025-10-24T00:00:00Z,345.609,58.123,31.772,38.61,36.179,280.21,95487.2
EV000243,2025-10-24T06:00:00Z,365.912,40.59,32.47,90.03,50.122,417.44,99689.0
EV000393,2025-10-24T12:00:00Z,367.118,37.539,28.226,26.86,37.0,307.11,104256.0
EV000425,2025-10-24T18:00:00Z,386.604,41.617,31.617,61.06,51.351,396.58,35319.5
EV000304,2025-10-25T00:00:00Z,363.042,22.76,25.852,64.47,36.613,295.99,85988.5
EV000374,2025-10-25T06:00:00Z,372.696,46.534,27.337,15.35,42.662,326.83,35786.2
EV000442,2025-10-25T12:00:00Z,372.189,35.798,27.267,48.0,41.444,345.03,11173.2
EV000284,2025-10-25T18:00:00Z,364.33,36.898,50.679,21.74,51.248,411.8,46259.0
EV000005,2025-10-26T00:00:00Z,366.636,28.184,32.04,83.75,54.378,441.27,48916.6
EV000217,2025-10-26T06:00:00Z,361.114,26.238,28.782,42.22,46.583,369.96,136875.1
EV000482,2025-10-26T12:00:00Z,368.452,50.603,31.96,60.56,51.87,405.08,34094.3
EV000280,2025-10-26T18:00:00Z,363.306,31.057,30.36,73.51,53.721,434.52,9237.3
EV000455,2025-10-27T00:00:00Z,360.054,53.629,26.041,30.07,45.06,364.46,124566.0
EV000218,2025-10-27T06:00:00Z,370.04,39.404,25.186,44.51,50.498,390.88,71777.2
EV000368,2025-10-27T12:00:00Z,361.883,35.346,28.028,50.99,52.927,397.52,17264.1
EV000234,2025-10-27T18:00:00Z,349.389,69.785,25.67,88.94,41.357,324.51,34737.5
EV000082,2025-10-28T00:00:00Z,351.098,34.16,48.029,79.77,44.372,361.94,136542.7
EV000153,2025-10-28T06:00:00Z,358.862,52.294,35.472,37.46,41.883,309.54,29901.5
EV000121,2025-10-28T12:00:00Z,379.482,24.342,45.274,82.21,47.63,379.45,56864.7
EV000086,2025-10-28T18:00:00Z,371.486,48.714,44.861,25.16,45.554,391.16,126362.9
EV000073,2025-10-29T00:00:00Z,357.186,39.864,25.837,81.05,36.67,287.11,135986.8
EV000483,2025-10-29T06:00:00Z,361.518,38.489,32.29,71.83,45.173,365.99,137220.5
EV000325,2025-10-29T12:00:00Z,372.684,37.841,25.282,23.91,43.533,336.13,15167.2
EV000024,2025-10-29T18:00:00Z,361.437,57.299,28.368,16.17,52.225,431.97,9553.0
EV000020,2025-10-30T00:00:00Z,376.546,46.758,32.699,45.41,44.605,337.59,122030.3
EV000026,2025-10-30T06:00:00Z,377.056,39.305,29.161,60.98,46.243,357.14,114823.9
EV000111,2025-10-30T12:00:00Z,348.014,60.216,42.775,56.63,51.395,401.59,41218.7
EV000055,2025-10-30T18:00:00Z,367.896,43.535,30.043,58.1,40.899,328.71,34924.8
EV000411,2025-10-31T00:00:00Z,361.647,32.001,28.417,88.35,53.258,422.34,8911.3
EV000200,2025-10-31T06:00:00Z,367.121,82.238,30.014,33.88,49.604,407.85,89760.1
EV000300,2025-10-31T12:00:00Z,356.131,56.344,45.043,38.65,50.533,389.3,67579.4
EV000255,2025-10-31T18:00:00Z,371.532,31.468,44.575,82.99,44.836,365.24,125978.7
EV000251,2025-11-01T00:00:00Z,358.638,30.911,31.481,24.62,52.916,423.58,59753.6
EV000153,2025-11-01T06:00:00Z,369.506,27.462,26.661,49.71,40.656,339.07,78421.3
EV000279,2025-11-01T12:00:00Z,370.261,64.853,30.021,46.14,50.846,409.52,72425.6
EV000372,2025-11-01T18:00:00Z,367.954,44.111,27.161,30.37,49.798,404.05,57107.2
EV000070,2025-11-02T00:00:00Z,374.996,28.792,30.434,91.96,50.802,407.53,59090.6
EV000181,2025-11-02T06:00:00Z,361.672,67.409,47.667,15.14,49.083,368.99,73470.4
EV000341,2025-11-02T12:00:00Z,378.439,54.556,28.938,55.08,45.411,386.48,134042.5
EV000062,2025-11-02T18:00:00Z,355.414,49.679,29.981,65.51,47.639,379.66,137942.1
EV000005,2025-11-03T00:00:00Z,359.285,46.781,28.99,19.02,50.684,411.45,57519.6
EV000215,2025-11-03T06:00:00Z,377.729,30.029,29.009,79.51,49.09,383.33,93971.0
EV000062,2025-11-03T12:00:00Z,371.947,47.073,26.948,15.62,48.757,381.31,116649.2
EV000223,2025-11-03T18:00:00Z,356.81,39.289,46.433,72.32,53.268,429.29,14431.0
EV000381,2025-11-04T00:00:00Z,366.593,26.857,33.409,15.74,50.23,393.54,81524.6
EV000255,2025-11-04T06:00:00Z,368.753,47.346,45.567,78.18,48.796,405.59,125781.0
EV000126,2025-11-04T12:00:00Z,368.989,37.028,24.734,61.22,49.34,412.25,87130.5
EV000149,2025-11-04T18:00:00Z,352.208,37.962,32.868,79.32,50.71,421.47,88531.3
EV000475,2025-11-05T00:00:00Z,356.61,50.071,24.766,89.5,50.862,412.15,81613.0
EV000207,2025-11-05T06:00:00Z,364.551,46.64,30.299,86.77,54.429,437.19,54576.9
EV000191,2025-11-05T12:00:00Z,368.39,60.495,23.501,80.96,51.454,415.46,38030.0
EV000174,2025-11-05T18:00:00Z,363.466,43.469,30.053,31.27,48.999,377.59,92569.1
EV000444,2025-11-06T00:00:00Z,366.539,26.825,37.065,21.22,35.739,297.98,78302.9
EV000091,2025-11-06T06:00:00Z,362.387,37.66,30.393,81.71,47.908,393.8,108351.2
EV000420,2025-11-06T12:00:00Z,368.681,58.344,32.165,25.09,43.152,324.48,25646.5
EV000179,2025-11-06T18:00:00Z,354.992,24.276,29.09,79.7,36.763,284.89,117085.7
EV000259,2025-11-07T00:00:00Z,366.752,69.883,29.851,90.88,53.47,398.38,29806.4
EV000323,2025-11-07T06:00:00Z,369.142,45.398,28.67,34.15,54.452,447.4,17034.1
EV000270,2025-11-07T12:00:00Z,370.702,53.563,32.664,49.36,38.931,314.61,84271.2
EV000488,2025-11-07T18:00:00Z,365.168,14.36,31.769,55.35,39.869,333.34,90258.7
EV000392,2025-11-08T00:00:00Z,362.527,35.149,29.742,29.63,48.974,370.85,69262.7
EV000247,2025-11-08T06:00:00Z,356.026,29.212,27.223,32.47,42.519,320.51,22976.2
EV000132,2025-11-08T12:00:00Z,374.064,48.528,41.746,31.81,51.489,402.54,64066.5
EV000244,2025-11-08T18:00:00Z,370.391,37.171,29.909,29.8,34.918,277.04,119823.7
EV000220,2025-11-09T00:00:00Z,358.5,14.384,30.49,90.39,54.947,446.19,10446.0
EV000140,2025-11-09T06:00:00Z,370.282,46.696,41.978,19.95,50.738,420.27,37005.6
EV000116,2025-11-09T12:00:00Z,370.64,32.104,29.479,62.38,49.87,395.88,45735.1
EV000201,2025-11-09T18:00:00Z,354.294,32.056,26.233,90.66,38.423,317.64,14726.5
EV000330,2025-11-10T00:00:00Z,358.149,56.447,24.348,45.1,36.535,295.73,98001.4
EV000449,2025-11-10T06:00:00Z,362.263,32.37,40.463,90.63,50.566,414.67,73270.7
EV000211,2025-11-10T12:00:00Z,372.969,63.975,28.809,48.05,51.107,412.05,78740.5
EV000100,2025-11-10T18:00:00Z,381.486,32.579,32.08,69.19,37.175,291.11,70349.2
EV000122,2025-11-11T00:00:00Z,375.887,57.594,33.454,29.35,52.32,412.93,80090.7
EV000233,2025-11-11T06:00:00Z,368.974,25.681,23.79,66.09,47.042,385.39,88513.8
EV000500,2025-11-11T12:00:00Z,363.265,32.5,31.803,32.43,58.18,465.58,11964.6
EV000473,2025-11-11T18:00:00Z,361.83,39.144,29.644,41.33,48.567,402.35,94289.5
EV000288,2025-11-12T00:00:00Z,358.803,36.082,27.835,52.15,44.483,365.8,122144.9
EV000353,2025-11-12T06:00:00Z,361.417,63.714,31.252,58.28,54.146,432.47,30786.8
EV000103,2025-11-12T12:00:00Z,359.114,43.284,44.543,36.21,50.807,403.37,33689.3
EV000306,2025-11-12T18:00:00Z,372.933,24.941,28.106,32.86,57.048,462.8,15375.4
EV000481,2025-11-13T00:00:00Z,375.441,53.138,29.416,41.65,52.752,420.0,22255.5
EV000273,2025-11-13T06:00:00Z,373.859,28.188,29.325,59.46,50.981,420.54,35006.2
EV000087,2025-11-13T12:00:00Z,381.39,15.473,27.452,54.31,37.091,303.25,52305.8
EV000008,2025-11-13T18:00:00Z,368.482,44.857,27.962,88.81,52.155,422.14,53492.5
EV000067,2025-11-14T00:00:00Z,380.7,34.377,29.029,52.37,53.42,419.48,16983.4
EV000280,2025-11-14T06:00:00Z,370.626,30.846,32.327,90.15,44.182,346.49,111843.9
EV000366,2025-11-14T12:00:00Z,369.414,53.439,23.794,79.93,51.528,432.95,61559.8
EV000176,2025-11-14T18:00:00Z,363.349,55.075,27.411,19.73,45.0,350.63,86459.6
EV000188,2025-11-15T00:00:00Z,367.655,29.698,31.411,91.85,50.005,399.29,59882.1
EV000076,2025-11-15T06:00:00Z,357.723,42.172,47.641,69.46,50.458,404.74,61161.2
EV000140,2025-11-15T12:00:00Z,365.07,47.82,43.934,89.68,53.781,432.03,23706.0
EV000204,2025-11-15T18:00:00Z,362.145,42.719,30.77,18.45,39.904,324.11,65554.8
EV000015,2025-11-16T00:00:00Z,367.989,48.536,25.924,26.03,40.781,308.58,66581.8
EV000243,2025-11-16T06:00:00Z,370.496,57.979,29.802,37.31,52.734,428.77,46441.8
EV000414,2025-11-16T12:00:00Z,369.539,68.102,50.015,49.6,52.976,419.19,81035.2
EV000360,2025-11-16T18:00:00Z,368.124,6.964,24.093,47.18,41.733,337.4,13821.5
EV000128,2025-11-17T00:00:00Z,363.257,73.477,30.197,89.87,36.693,289.78,102015.4
EV000301,2025-11-17T06:00:00Z,340.918,59.463,31.037,67.58,42.619,339.0,21850.8
EV000352,2025-11-17T12:00:00Z,374.69,34.394,25.608,26.0,39.493,310.08,69707.0
EV000123,2025-11-17T18:00:00Z,353.521,42.981,30.365,18.74,53.65,429.62,44308.4
EV000175,2025-11-18T00:00:00Z,370.838,63.758,29.872,40.72,51.395,405.15,68255.5
EV000301,2025-11-18T06:00:00Z,367.29,33.101,29.373,46.77,42.585,319.76,20614.7
EV000130,2025-11-18T12:00:00Z,367.809,28.884,29.609,72.64,36.979,298.32,102643.6
EV000246,2025-11-18T18:00:00Z,366.827,9.483,27.345,86.92,52.364,419.25,20840.7
EV000136,2025-11-19T00:00:00Z,370.597,24.787,45.395,15.46,48.93,404.97,99964.8
EV000206,2025-11-19T06:00:00Z,372.557,57.519,30.089,74.34,42.251,336.28,56521.3
EV000114,2025-11-19T12:00:00Z,378.077,37.817,32.713,32.27,52.395,418.9,26696.9
EV000309,2025-11-19T18:00:00Z,359.249,19.686,31.391,91.49,44.485,388.81,6400.6
EV000225,2025-11-20T00:00:00Z,371.207,57.395,32.581,49.33,52.896,421.77,55758.6
EV000225,2025-11-20T06:00:00Z,356.002,48.894,30.97,24.73,45.856,371.85,102007.6
EV000282,2025-11-20T12:00:00Z,376.248,20.659,30.326,30.79,50.397,409.21,67760.3
EV000330,2025-11-20T18:00:00Z,373.759,45.54,30.606,91.38,38.422,309.97,48675.2
EV000166,2025-11-21T00:00:00Z,350.097,28.294,33.81,27.76,50.771,402.12,108146.1
EV000464,2025-11-21T06:00:00Z,374.869,36.854,26.283,36.63,43.514,339.11,28180.5
EV000356,2025-11-21T12:00:00Z,369.732,50.019,46.309,41.14,50.247,401.66,126946.9
EV000278,2025-11-21T18:00:00Z,354.54,19.29,31.952,25.49,54.845,450.97,16957.4
EV000259,2025-11-22T00:00:00Z,357.969,34.846,33.441,42.93,49.99,418.58,100832.2
EV000319,2025-11-22T06:00:00Z,360.266,43.207,32.95,43.94,50.697,409.28,88172.7
EV000007,2025-11-22T12:00:00Z,384.915,37.742,28.741,73.25,50.529,395.35,45605.3
EV000140,2025-11-22T18:00:00Z,356.352,46.293,46.362,54.59,48.082,372.93,102363.5
EV000063,2025-11-23T00:00:00Z,345.089,34.522,32.556,49.94,38.912,309.69,78926.6
EV000167,2025-11-23T06:00:00Z,367.373,47.239,32.788,37.78,47.045,373.96,114649.7
EV000200,2025-11-23T12:00:00Z,347.193,36.017,28.475,62.25,47.156,368.55,66639.4
EV000061,2025-11-23T18:00:00Z,358.181,67.751,29.264,52.78,38.819,309.57,78113.0
EV000124,2025-11-24T00:00:00Z,362.868,43.032,32.275,71.91,50.58,413.58,89838.7
EV000307,2025-11-24T06:00:00Z,368.044,41.362,32.353,49.58,42.65,349.57,14168.6
EV000412,2025-11-24T12:00:00Z,360.639,38.445,30.591,69.89,57.058,446.44,21324.1
EV000149,2025-11-24T18:00:00Z,368.873,36.75,29.619,90.22,54.464,426.75,23193.3
EV000176,2025-11-25T00:00:00Z,349.777,75.948,33.139,89.21,50.208,398.78,95198.7
EV000112,2025-11-25T06:00:00Z,366.804,26.67,31.903,92.12,49.182,391.77,118529.7
EV000266,2025-11-25T12:00:00Z,376.852,4.875,24.877,26.19,54.464,418.39,44150.8
EV000475,2025-11-25T18:00:00Z,360.825,42.92,25.775,29.27,47.216,385.7,102029.6
EV000201,2025-11-26T00:00:00Z,384.442,60.743,27.06,88.89,41.596,331.71,38469.1
EV000174,2025-11-26T06:00:00Z,368.848,45.247,26.99,32.49,49.055,401.97,80458.4
EV000454,2025-11-26T12:00:00Z,356.729,16.738,42.283,46.22,45.808,358.97,110470.6
EV000128,2025-11-26T18:00:00Z,362.132,41.153,30.974,93.42,37.872,305.85,91417.9
EV000377,2025-11-27T00:00:00Z,354.163,32.085,27.808,92.42,48.967,409.05,115993.9
EV000139,2025-11-27T06:00:00Z,369.868,48.114,29.13,18.22,57.055,462.67,13049.8
EV000265,2025-11-27T12:00:00Z,359.668,41.768,46.562,39.23,51.267,409.93,62971.4
EV000321,2025-11-27T18:00:00Z,357.069,42.397,34.012,66.23,47.613,367.36,123408.0
EV000334,2025-11-28T00:00:00Z,366.943,50.329,44.5,75.26,52.508,435.16,46467.2
EV000257,2025-11-28T06:00:00Z,375.755,47.918,26.365,47.19,47.699,408.01,120586.3
EV000200,2025-11-28T12:00:00Z,377.491,24.04,28.31,73.78,50.837,404.64,38613.9
EV000286,2025-11-28T18:00:00Z,353.109,21.158,24.689,53.53,51.254,412.63,76868.1
EV000165,2025-11-29T00:00:00Z,370.541,58.94,24.048,83.2,49.972,414.86,82282.7
EV000160,2025-11-29T06:00:00Z,373.445,56.809,26.982,17.01,39.673,320.49,63047.1
EV000469,2025-11-29T12:00:00Z,381.841,45.875,32.869,46.94,48.184,393.16,90952.5
EV000476,2025-11-29T18:00:00Z,377.169,28.072,33.595,52.37,56.986,447.51,9310.4
EV000485,2025-11-30T00:00:00Z,371.657,14.711,29.722,42.08,52.583,433.73,31296.0
EV000163,2025-11-30T06:00:00Z,363.461,51.404,29.089,75.34,48.87,383.42,102476.4
EV000215,2025-11-30T12:00:00Z,366.142,55.87,26.718,49.66,51.457,419.74,29602.5
EV000039,2025-11-30T18:00:00Z,364.716,38.066,28.643,58.07,48.661,366.63,68094.4
EV000047,2025-12-01T00:00:00Z,356.684,17.597,30.06,29.27,37.504,284.59,87657.1
EV000300,2025-12-01T06:00:00Z,362.632,46.053,49.114,85.22,49.753,406.49,125933.9
EV000423,2025-12-01T12:00:00Z,359.777,40.606,50.254,69.21,45.197,362.9,91808.7
EV000460,2025-12-01T18:00:00Z,364.019,25.982,28.85,31.12,50.693,408.94,63703.4
EV000440,2025-12-02T00:00:00Z,364.69,43.133,26.997,88.04,46.118,375.45,130390.0
EV000095,2025-12-02T06:00:00Z,368.681,39.734,43.597,94.32,50.243,403.63,49421.8
EV000457,2025-12-02T12:00:00Z,370.459,15.982,25.456,17.49,46.515,365.11,130228.5
EV000078,2025-12-02T18:00:00Z,354.92,39.57,29.846,39.99,52.747,415.23,40128.7
EV000386,2025-12-03T00:00:00Z,369.551,48.401,28.866,46.23,50.759,402.06,66664.2
EV000009,2025-12-03T06:00:00Z,363.673,39.8,45.348,76.74,50.959,427.21,81235.6
EV000412,2025-12-03T12:00:00Z,363.249,26.607,30.43,92.22,48.734,397.87,109844.0
EV000447,2025-12-03T18:00:00Z,361.861,39.175,22.223,81.98,39.135,297.61,99555.1
EV000137,2025-12-04T00:00:00Z,360.068,51.401,45.026,65.02,51.345,421.27,22087.6
EV000268,2025-12-04T06:00:00Z,357.9,46.271,29.825,86.21,56.997,457.43,18322.0
EV000134,2025-12-04T12:00:00Z,365.311,45.227,26.605,24.47,49.944,402.5,94187.2
EV000379,2025-12-04T18:00:00Z,356.68,22.476,24.364,42.99,52.248,418.46,6932.4
EV000317,2025-12-05T00:00:00Z,370.48,60.431,29.2,60.57,55.378,451.51,21763.3
EV000497,2025-12-05T06:00:00Z,357.115,53.146,29.158,35.3,41.685,333.79,50336.8
EV000475,2025-12-05T12:00:00Z,372.509,23.937,27.402,71.89,46.791,375.19,114636.9
EV000395,2025-12-05T18:00:00Z,358.185,18.78,52.642,31.98,51.526,408.92,42482.8
EV000164,2025-12-06T00:00:00Z,363.032,45.158,23.885,60.41,37.471,287.22,57859.8
EV000318,2025-12-06T06:00:00Z,351.859,42.22,24.536,33.37,37.847,308.17,89552.8
EV000450,2025-12-06T12:00:00Z,361.02,36.318,43.029,50.66,47.902,396.15,123176.2
EV000143,2025-12-06T18:00:00Z,370.99,70.283,33.366,53.61,46.286,385.52,118141.5
EV000308,2025-12-07T00:00:00Z,364.549,55.652,24.535,65.93,48.325,387.81,90943.2
EV000041,2025-12-07T06:00:00Z,365.345,31.143,43.728,42.01,45.349,367.92,116919.9
EV000300,2025-12-07T12:00:00Z,363.558,68.696,43.406,23.18,51.782,424.41,28986.2
EV000158,2025-12-07T18:00:00Z,352.346,31.697,32.047,33.76,48.504,396.15,43584.8
EV000373,2025-12-08T00:00:00Z,373.936,41.919,26.851,52.98,50.896,391.67,79104.0
EV000018,2025-12-08T06:00:00Z,360.731,17.568,29.42,37.29,52.641,435.4,25051.1
EV000277,2025-12-08T12:00:00Z,362.663,27.305,33.658,25.24,49.798,390.63,72273.9
EV000424,2025-12-08T18:00:00Z,369.047,54.529,28.148,34.72,34.99,278.75,135006.1
EV000472,2025-12-09T00:00:00Z,374.755,38.43,39.931,79.51,49.705,417.22,69520.1
EV000377,2025-12-09T06:00:00Z,388.664,34.472,29.111,81.13,54.044,426.27,14649.8
EV000439,2025-12-09T12:00:00Z,369.441,38.495,33.778,94.9,48.355,375.29,103210.7
EV000338,2025-12-09T18:00:00Z,376.358,65.363,28.625,16.27,37.112,289.81,70305.7
EV000460,2025-12-10T00:00:00Z,378.652,19.319,30.987,78.24,49.207,392.25,78502.8
EV000286,2025-12-10T06:00:00Z,371.393,69.052,31.2,80.12,50.39,404.35,102588.8
EV000010,2025-12-10T12:00:00Z,383.919,12.063,29.749,84.74,53.936,417.85,28391.1
EV000312,2025-12-10T18:00:00Z,364.872,57.034,33.576,23.29,51.893,403.03,27300.3
EV000131,2025-12-11T00:00:00Z,357.758,53.371,26.443,29.56,50.832,407.38,96890.9
EV000243,2025-12-11T06:00:00Z,362.897,48.212,28.515,83.7,47.687,377.45,52343.0
EV000333,2025-12-11T12:00:00Z,356.631,54.56,27.13,93.87,48.865,389.73,84128.6
EV000035,2025-12-11T18:00:00Z,367.666,45.497,27.883,38.78,47.521,388.53,128482.3
EV000436,2025-12-12T00:00:00Z,364.468,34.698,35.192,89.79,54.617,432.93,21887.4
EV000494,2025-12-12T06:00:00Z,353.685,44.927,46.809,47.71,49.838,392.09,110233.2
EV000414,2025-12-12T12:00:00Z,355.853,30.921,50.837,53.6,47.752,393.52,99084.5
EV000095,2025-12-12T18:00:00Z,354.612,70.433,45.714,25.68,47.586,369.51,111289.4
EV000264,2025-12-13T00:00:00Z,359.483,23.172,31.572,30.81,43.061,343.14,30879.3
EV000023,2025-12-13T06:00:00Z,369.689,48.834,43.834,72.46,51.719,431.98,34247.3
EV000479,2025-12-13T12:00:00Z,358.816,38.279,25.477,20.08,49.09,384.17,57948.7
EV000258,2025-12-13T18:00:00Z,356.92,31.435,25.786,18.64,49.23,376.82,133154.1
EV000474,2025-12-14T00:00:00Z,369.603,39.3,33.509,24.54,51.959,406.27,13942.8
EV000060,2025-12-14T06:00:00Z,365.754,44.142,25.585,28.73,41.408,344.21,28544.2
EV000006,2025-12-14T12:00:00Z,371.733,20.181,22.77,86.44,41.902,328.37,5024.9
EV000190,2025-12-14T18:00:00Z,343.391,47.665,25.749,82.8,51.338,419.6,48012.9
EV000156,2025-12-15T00:00:00Z,360.346,33.695,36.84,55.2,49.752,404.42,34749.1
EV000416,2025-12-15T06:00:00Z,366.156,10.393,31.719,81.36,50.808,414.6,92503.4
EV000137,2025-12-15T12:00:00Z,362.575,51.003,42.08,64.39,50.483,388.38,71745.2
EV000210,2025-12-15T18:00:00Z,362.767,26.786,33.327,47.48,49.506,391.24,58649.8
EV000480,2025-12-16T00:00:00Z,361.33,33.101,27.044,28.86,52.912,427.59,32696.4
EV000125,2025-12-16T06:00:00Z,372.465,46.156,26.34,45.08,52.74,420.1,33637.9
EV000327,2025-12-16T12:00:00Z,376.45,60.492,22.559,16.05,49.774,402.88,67666.8
EV000262,2025-12-16T18:00:00Z,382.945,60.264,30.473,54.61,39.968,299.59,32869.1
EV000159,2025-12-17T00:00:00Z,357.303,37.846,25.87,73.95,52.111,392.72,39845.4
EV000093,2025-12-17T06:00:00Z,363.444,42.729,37.224,85.89,46.966,369.74,80050.1
EV000279,2025-12-17T12:00:00Z,382.899,68.71,29.059,16.38,48.218,389.21,85221.0
EV000173,2025-12-17T18:00:00Z,368.044,21.896,26.577,76.66,36.836,305.13,105106.5
EV000272,2025-12-18T00:00:00Z,375.201,48.054,30.893,66.82,50.062,392.0,82279.5
EV000479,2025-12-18T06:00:00Z,365.401,38.278,27.804,58.61,48.722,382.08,94247.4
EV000048,2025-12-18T12:00:00Z,377.832,24.37,28.845,17.06,49.777,417.76,105117.9
EV000113,2025-12-18T18:00:00Z,372.56,39.325,45.396,66.55,55.309,454.44,18657.2
EV000230,2025-12-19T00:00:00Z,377.571,36.355,31.107,54.75,53.325,426.91,15114.0
EV000407,2025-12-19T06:00:00Z,358.474,23.589,30.412,25.12,49.833,407.93,84912.0
EV000137,2025-12-19T12:00:00Z,367.826,41.078,46.4,80.03,53.714,418.42,11283.5
EV000461,2025-12-19T18:00:00Z,369.597,32.812,23.404,91.21,52.024,414.49,11858.7
EV000006,2025-12-20T00:00:00Z,364.175,63.136,31.325,41.94,41.036,330.53,27623.3
EV000498,2025-12-20T06:00:00Z,359.963,52.413,30.622,75.78,46.243,379.16,102574.0
EV000089,2025-12-20T12:00:00Z,367.713,50.817,21.356,43.62,40.821,302.94,47691.9
EV000001,2025-12-20T18:00:00Z,359.821,37.24,26.782,79.41,56.684,464.61,5102.6
EV000289,2025-12-21T00:00:00Z,352.005,30.369,26.803,75.21,39.289,307.18,79819.1
EV000002,2025-12-21T06:00:00Z,373.012,50.912,45.243,56.24,52.038,424.81,39079.2
EV000297,2025-12-21T12:00:00Z,356.268,34.627,30.84,49.91,50.007,401.56,41928.9
EV000069,2025-12-21T18:00:00Z,370.624,33.284,30.68,75.07,38.643,311.7,95097.2
EV000364,2025-12-22T00:00:00Z,375.718,13.691,26.514,26.74,36.398,297.15,68498.7
EV000300,2025-12-22T06:00:00Z,373.053,44.681,45.08,82.02,54.633,448.94,10481.0
EV000319,2025-12-22T12:00:00Z,355.613,69.207,29.078,21.74,50.924,400.71,57432.6
EV000265,2025-12-22T18:00:00Z,359.577,56.49,47.589,27.46,50.043,415.79,55403.5
EV000329,2025-12-23T00:00:00Z,367.139,31.901,33.479,80.77,47.81,389.11,112273.4
EV000422,2025-12-23T06:00:00Z,375.671,52.653,35.974,78.95,41.909,332.95,20110.2
EV000406,2025-12-23T12:00:00Z,350.382,28.911,47.922,67.4,49.349,393.79,81946.2
EV000033,2025-12-23T18:00:00Z,360.295,33.851,29.365,59.52,41.487,349.86,8372.7
EV000423,2025-12-24T00:00:00Z,361.123,46.876,42.74,23.44,47.262,403.18,126352.1
EV000228,2025-12-24T06:00:00Z,367.608,56.979,33.094,32.82,50.233,404.41,33267.5
EV000152,2025-12-24T12:00:00Z,356.966,23.199,28.167,23.83,49.271,397.12,110462.8
EV000395,2025-12-24T18:00:00Z,350.369,44.731,49.459,58.83,47.761,380.19,101502.2
EV000269,2025-12-25T00:00:00Z,370.639,39.213,32.763,30.59,46.888,371.46,123671.0
EV000323,2025-12-25T06:00:00Z,374.719,34.492,23.888,29.77,48.439,372.17,55757.2
EV000289,2025-12-25T12:00:00Z,372.094,39.86,27.718,57.44,39.855,328.57,63112.6
EV000172,2025-12-25T18:00:00Z,363.267,23.915,29.105,65.15,46.976,372.9,117727.3
EV000183,2025-12-26T00:00:00Z,387.952,34.043,29.685,81.68,54.09,439.31,49886.1
EV000101,2025-12-26T06:00:00Z,372.261,57.238,28.8,32.73,41.608,325.5,24913.8
EV000408,2025-12-26T12:00:00Z,366.423,31.185,30.158,47.66,37.77,299.49,88379.7
EV000207,2025-12-26T18:00:00Z,372.187,25.07,23.517,68.52,51.241,407.33,43353.7
EV000156,2025-12-27T00:00:00Z,338.954,41.996,30.389,22.79,50.243,391.99,50616.7
EV000078,2025-12-27T06:00:00Z,357.143,35.24,29.935,43.95,50.379,412.17,74872.8
EV000422,2025-12-27T12:00:00Z,369.016,45.507,28.011,15.38,38.759,332.5,66434.0
EV000083,2025-12-27T18:00:00Z,358.918,41.016,28.635,23.72,35.524,283.6,103889.0
EV000178,2025-12-28T00:00:00Z,368.7,20.732,24.991,65.78,48.154,398.43,131616.6
EV000411,2025-12-28T06:00:00Z,365.132,36.731,32.928,76.35,46.762,374.64,117856.2
EV000188,2025-12-28T12:00:00Z,372.052,34.732,30.861,19.66,55.44,432.45,54221.9
EV000029,2025-12-28T18:00:00Z,361.116,54.365,29.124,45.37,50.423,424.92,100396.5
EV000279,2025-12-29T00:00:00Z,371.317,40.583,28.701,75.73,52.276,413.11,39130.7
EV000422,2025-12-29T06:00:00Z,344.156,33.168,35.221,58.64,40.639,308.67,73646.6
EV000349,2025-12-29T12:00:00Z,371.007,17.397,31.615,44.45,51.495,411.42,28886.2
EV000069,2025-12-29T18:00:00Z,358.877,67.47,29.981,69.8,35.133,287.2,126593.0
EV000395,2025-12-30T00:00:00Z,363.323,54.012,45.372,31.07,50.655,419.64,44334.5
EV000084,2025-12-30T06:00:00Z,377.782,42.437,28.75,18.86,50.779,417.97,50749.3
EV000480,2025-12-30T12:00:00Z,356.294,33.093,29.356,75.23,48.309,385.71,126399.8
EV000047,2025-12-30T18:00:00Z,380.176,34.24,25.904,47.55,37.11,296.6,81448.9
EV000082,2025-12-31T00:00:00Z,370.353,25.59,45.304,38.21,47.771,370.05,107162.1
EV000164,2025-12-31T06:00:00Z,364.611,54.196,30.602,21.75,36.552,271.13,121510.2
EV000087,2025-12-31T12:00:00Z,367.206,50.243,28.691,29.23,37.546,307.98,13520.9
EV000276,2025-12-31T18:00:00Z,363.289,52.648,29.027,19.32,37.582,296.39,82715.1
EV000037,2026-01-01T00:00:00Z,371.472,38.898,30.065,47.6,35.288,305.45,130730.1
EV000221,2026-01-01T06:00:00Z,360.925,21.521,25.777,38.49,55.88,458.68,5925.9
EV000169,2026-01-01T12:00:00Z,357.066,34.37,32.265,83.23,51.123,386.77,73287.2
EV000440,2026-01-01T18:00:00Z,369.54,45.368,26.744,46.34,51.474,398.58,32425.6
EV000397,2026-01-02T00:00:00Z,374.244,37.792,32.361,33.11,52.892,420.46,68872.3
EV000319,2026-01-02T06:00:00Z,360.736,29.689,28.853,22.88,53.155,424.0,51219.1
EV000454,2026-01-02T12:00:00Z,377.251,23.437,46.922,20.25,52.378,399.52,34955.9
EV000177,2026-01-02T18:00:00Z,368.611,51.342,26.525,68.66,49.846,398.24,48150.0
EV000268,2026-01-03T00:00:00Z,355.436,43.21,26.648,79.2,48.454,386.83,74368.8
EV000222,2026-01-03T06:00:00Z,377.454,61.138,33.113,56.07,41.344,317.95,45375.6
EV000079,2026-01-03T12:00:00Z,363.718,64.793,28.82,20.64,49.71,396.85,36580.5
EV000110,2026-01-03T18:00:00Z,366.623,62.997,26.558,48.29,55.362,442.65,21950.6
EV000347,2026-01-04T00:00:00Z,354.86,30.297,28.378,83.5,39.24,339.15,28169.7
EV000350,2026-01-04T06:00:00Z,362.253,23.655,28.082,93.31,36.655,286.83,99432.0
EV000037,2026-01-04T12:00:00Z,368.669,35.518,28.976,66.38,34.334,273.97,129017.0
EV000264,2026-01-04T18:00:00Z,367.71,64.333,30.52,78.77,36.564,287.26,97724.7
EV000312,2026-01-05T00:00:00Z,365.132,57.014,27.947,38.34,46.239,359.36,117017.0
EV000315,2026-01-05T06:00:00Z,365.497,50.066,33.781,60.26,51.218,392.44,27312.3
EV000141,2026-01-05T12:00:00Z,364.902,35.805,48.66,37.43,50.063,409.83,97634.9
EV000016,2026-01-05T18:00:00Z,365.608,53.806,24.636,47.56,44.327,356.93,136452.0
EV000098,2026-01-06T00:00:00Z,364.372,43.165,26.313,43.57,48.811,382.61,133487.8
EV000438,2026-01-06T06:00:00Z,366.83,64.432,24.995,16.59,52.822,406.65,6512.3
EV000229,2026-01-06T12:00:00Z,364.361,28.748,27.218,18.84,41.386,354.97,25840.0
EV000447,2026-01-06T18:00:00Z,359.554,35.52,26.687,19.54,41.623,344.44,53227.2
EV000062,2026-01-07T00:00:00Z,367.53,73.318,32.981,58.14,55.692,457.53,14797.0
EV000362,2026-01-07T06:00:00Z,363.377,42.427,30.244,35.53,48.407,390.9,136745.9
EV000258,2026-01-07T12:00:00Z,358.396,51.537,34.263,83.02,53.407,420.16,13358.5
EV000043,2026-01-07T18:00:00Z,374.849,33.31,27.46,16.39,52.459,427.22,69401.5
EV000297,2026-01-08T00:00:00Z,360.497,47.549,24.314,67.08,45.664,359.55,136010.8
EV000174,2026-01-08T06:00:00Z,363.678,41.092,29.416,37.18,43.92,353.77,133771.9
EV000230,2026-01-08T12:00:00Z,362.875,27.666,33.751,32.0,49.935,395.96,78166.8
EV000138,2026-01-08T18:00:00Z,362.581,69.308,26.093,52.34,49.492,382.38,48290.2
EV000063,2026-01-09T00:00:00Z,367.273,19.659,25.631,47.74,39.464,312.14,80454.1
EV000212,2026-01-09T06:00:00Z,371.574,48.244,31.104,25.87,41.445,333.82,35497.2
EV000454,2026-01-09T12:00:00Z,362.791,27.465,45.298,50.18,53.053,423.08,16645.3
EV000052,2026-01-09T18:00:00Z,359.301,37.999,30.295,36.97,46.194,363.36,98390.1
EV000391,2026-01-10T00:00:00Z,358.997,46.842,24.939,64.48,42.351,352.91,24006.9
EV000115,2026-01-10T06:00:00Z,358.689,33.625,27.987,23.85,52.146,413.98,33733.6
EV000159,2026-01-10T12:00:00Z,358.877,38.15,30.675,38.51,42.55,330.06,132145.0
EV000224,2026-01-10T18:00:00Z,376.895,37.596,30.801,23.12,41.259,350.02,9072.3
EV000034,2026-01-11T00:00:00Z,366.725,53.865,47.546,68.67,48.946,395.25,106474.2
EV000434,2026-01-11T06:00:00Z,356.597,64.84,31.606,73.57,53.39,414.61,36369.7
EV000216,2026-01-11T12:00:00Z,371.807,41.374,27.72,24.21,47.392,367.91,85018.8
EV000419,2026-01-11T18:00:00Z,365.425,39.706,26.144,45.66,55.271,453.88,37771.7
EV000142,2026-01-12T00:00:00Z,374.502,42.301,21.524,20.77,47.529,375.28,71118.9
EV000327,2026-01-12T06:00:00Z,370.663,47.61,26.841,57.81,48.658,389.39,77913.4
EV000062,2026-01-12T12:00:00Z,366.906,36.592,29.145,37.61,45.402,358.55,121136.5
EV000012,2026-01-12T18:00:00Z,359.419,47.29,29.341,42.0,55.102,425.44,19548.0
EV000116,2026-01-13T00:00:00Z,375.798,6.521,28.91,88.25,47.892,379.69,101541.0
EV000249,2026-01-13T06:00:00Z,363.328,39.285,28.374,21.36,48.41,383.36,89609.3
EV000227,2026-01-13T12:00:00Z,360.409,27.452,24.675,68.36,36.617,297.62,97093.1
EV000466,2026-01-13T18:00:00Z,351.726,55.043,34.093,32.01,46.321,369.8,131751.0
EV000159,2026-01-14T00:00:00Z,361.961,47.229,31.527,93.42,46.805,362.39,104800.6
EV000123,2026-01-14T06:00:00Z,358.474,35.236,29.718,76.54,48.379,387.52,75981.0
EV000358,2026-01-14T12:00:00Z,366.61,54.852,28.239,48.36,39.602,304.29,12086.8
EV000018,2026-01-14T18:00:00Z,354.036,16.596,28.607,19.64,48.941,408.51,69539.8
EV000431,2026-01-15T00:00:00Z,369.547,42.868,49.569,28.53,48.239,391.31,133567.2
EV000165,2026-01-15T06:00:00Z,365.321,30.312,26.516,72.18,49.997,412.75,113784.4
EV000157,2026-01-15T12:00:00Z,358.425,65.873,29.616,52.61,39.903,319.79,62780.2
EV000222,2026-01-15T18:00:00Z,365.21,53.758,28.299,71.36,34.391,277.08,87968.4
EV000113,2026-01-16T00:00:00Z,356.122,33.018,41.952,45.67,47.454,381.17,114309.7
EV000480,2026-01-16T06:00:00Z,364.961,50.714,26.558,91.59,45.306,380.09,114776.3
EV000077,2026-01-16T12:00:00Z,359.548,28.325,25.759,21.19,52.501,406.24,31496.6
EV000494,2026-01-16T18:00:00Z,372.673,30.679,46.768,30.94,52.733,429.2,26886.3
EV000244,2026-01-17T00:00:00Z,358.553,64.987,29.396,20.41,39.674,293.24,89972.6
EV000042,2026-01-17T06:00:00Z,369.197,35.061,23.673,69.43,44.931,362.22,131785.9
EV000144,2026-01-17T12:00:00Z,353.303,35.135,29.175,74.56,54.094,426.79,14003.6
EV000313,2026-01-17T18:00:00Z,355.689,42.18,27.162,89.78,39.973,305.63,78119.7
EV000455,2026-01-18T00:00:00Z,345.095,21.275,29.241,40.09,46.88,369.69,132875.7
EV000200,2026-01-18T06:00:00Z,373.053,40.082,28.452,73.71,50.714,402.69,70592.2
EV000146,2026-01-18T12:00:00Z,360.907,43.37,33.087,39.21,49.62,381.87,26641.1
EV000352,2026-01-18T18:00:00Z,362.608,54.402,31.402,19.46,39.221,331.5,61968.7
EV000171,2026-01-19T00:00:00Z,360.273,16.859,29.848,39.69,55.926,435.38,15988.1
EV000450,2026-01-19T06:00:00Z,361.03,57.642,44.09,22.6,45.58,370.59,117775.6
EV000031,2026-01-19T12:00:00Z,362.434,46.153,36.014,69.45,49.308,410.57,66894.9
EV000377,2026-01-19T18:00:00Z,370.291,54.109,31.861,31.55,48.054,400.11,95748.5
EV000266,2026-01-20T00:00:00Z,363.08,73.687,29.517,63.3,52.64,389.35,37325.8
EV000228,2026-01-20T06:00:00Z,371.998,33.803,29.772,54.98,47.127,369.95,105182.4
EV000105,2026-01-20T12:00:00Z,369.039,65.464,29.974,72.98,40.877,310.74,52689.7
EV000019,2026-01-20T18:00:00Z,369.848,46.685,32.621,47.21,47.837,387.67,98752.1
EV000374,2026-01-21T00:00:00Z,366.034,56.027,32.143,68.7,38.781,310.58,58761.2
EV000463,2026-01-21T06:00:00Z,358.358,39.089,31.227,53.44,47.117,396.52,123295.5
EV000285,2026-01-21T12:00:00Z,369.425,23.871,34.443,25.54,48.396,394.92,100588.1
EV000468,2026-01-21T18:00:00Z,362.913,60.228,46.259,78.25,53.593,428.01,17133.3
EV000196,2026-01-22T00:00:00Z,360.551,47.078,26.01,77.66,37.049,297.08,107724.1
EV000321,2026-01-22T06:00:00Z,369.704,63.357,28.847,24.73,55.328,443.77,44533.1
EV000012,2026-01-22T12:00:00Z,369.645,50.469,28.671,93.04,52.254,436.17,32020.0
EV000443,2026-01-22T18:00:00Z,375.025,61.406,27.275,79.89,36.918,298.1,82391.4
EV000343,2026-01-23T00:00:00Z,360.144,72.08,23.77,45.83,53.19,415.49,64304.0
EV000166,2026-01-23T06:00:00Z,365.394,44.216,32.15,22.92,49.279,392.04,56978.8
EV000097,2026-01-23T12:00:00Z,363.319,66.476,32.426,80.38,44.428,328.38,6499.3
EV000175,2026-01-23T18:00:00Z,353.975,41.122,25.934,81.9,48.278,398.67,115135.7
EV000205,2026-01-24T00:00:00Z,372.736,63.494,30.741,93.45,43.962,356.51,24757.4
EV000484,2026-01-24T06:00:00Z,362.737,31.108,27.958,62.95,43.774,346.36,13574.2
EV000321,2026-01-24T12:00:00Z,371.094,40.147,28.021,54.65,51.533,407.62,68915.1
EV000169,2026-01-24T18:00:00Z,360.962,35.923,35.605,57.67,54.178,417.16,16185.3
EV000163,2026-01-25T00:00:00Z,378.011,62.572,35.416,59.56,47.57,403.09,96967.3
EV000228,2026-01-25T06:00:00Z,363.279,34.735,29.153,46.23,47.854,397.82,59108.5
EV000413,2026-01-25T12:00:00Z,367.38,39.237,28.159,57.07,51.076,385.53,43336.3
EV000163,2026-01-25T18:00:00Z,355.458,51.542,29.696,51.2,52.241,433.12,24584.0
EV000323,2026-01-26T00:00:00Z,370.973,35.387,32.153,67.0,48.8,379.77,124788.7
EV000108,2026-01-26T06:00:00Z,368.856,35.974,25.523,22.33,46.258,362.08,115521.5
EV000019,2026-01-26T12:00:00Z,359.615,50.343,29.789,60.59,53.562,442.12,22444.7
EV000219,2026-01-26T18:00:00Z,360.964,47.266,32.106,75.87,32.985,275.14,129023.5
EV000083,2026-01-27T00:00:00Z,368.976,37.135,29.608,37.56,36.795,324.85,119469.3
EV000377,2026-01-27T06:00:00Z,347.829,48.919,30.139,56.34,53.884,442.64,26072.1
EV000311,2026-01-27T12:00:00Z,362.795,39.21,24.143,59.21,46.585,397.65,118179.7
EV000370,2026-01-27T18:00:00Z,373.036,33.838,32.042,86.82,49.938,404.06,94695.7
EV000285,2026-01-28T00:00:00Z,359.531,53.216,26.725,15.31,50.21,406.5,46920.2
EV000024,2026-01-28T06:00:00Z,345.753,32.14,23.506,43.4,50.744,392.79,65004.5
EV000432,2026-01-28T12:00:00Z,368.608,14.378,22.644,33.61,47.524,375.36,101364.5
EV000164,2026-01-28T18:00:00Z,369.033,35.649,28.0,77.22,42.422,365.26,11077.2
EV000395,2026-01-29T00:00:00Z,365.895,42.739,46.954,70.36,51.469,403.48,40067.6
EV000404,2026-01-29T06:00:00Z,370.129,46.942,28.22,18.38,48.999,393.69,73878.8
EV000238,2026-01-29T12:00:00Z,362.241,23.222,51.181,55.21,54.514,445.16,24154.7
EV000416,2026-01-29T18:00:00Z,374.392,3.072,27.372,56.83,48.377,390.96,115236.1
EV000177,2026-01-30T00:00:00Z,378.634,12.837,23.97,52.48,54.21,432.51,27949.1
EV000164,2026-01-30T06:00:00Z,372.146,42.494,25.11,77.19,41.525,319.86,16399.6
EV000095,2026-01-30T12:00:00Z,360.961,53.423,50.74,54.49,47.092,379.23,121920.8
EV000401,2026-01-30T18:00:00Z,371.912,13.407,29.007,26.75,51.28,402.47,25174.5
EV000169,2026-01-31T00:00:00Z,358.261,55.547,28.904,89.58,46.632,374.1,112034.3
EV000361,2026-01-31T06:00:00Z,364.068,38.758,47.817,15.93,50.977,390.8,81754.2
EV000180,2026-01-31T12:00:00Z,367.181,39.692,27.256,88.89,49.122,374.8,70588.2
EV000175,2026-01-31T18:00:00Z,368.838,18.644,29.912,53.0,47.788,373.91,71158.5
EV000084,2026-02-01T00:00:00Z,373.73,53.96,25.498,35.81,46.287,359.41,116842.2
EV000267,2026-02-01T06:00:00Z,362.239,26.357,22.239,39.18,34.448,280.5,125893.0
EV000224,2026-02-01T12:00:00Z,366.602,44.117,27.847,71.25,36.425,281.38,83877.7
EV000087,2026-02-01T18:00:00Z,367.24,54.592,35.002,69.89,35.767,280.29,117317.0
EV000325,2026-02-02T00:00:00Z,371.841,45.353,28.458,34.24,35.556,297.46,131258.3
EV000015,2026-02-02T06:00:00Z,355.51,50.467,32.161,61.95,34.801,271.44,117380.0
EV000226,2026-02-02T12:00:00Z,354.511,65.143,20.24,62.28,49.934,381.82,83004.9
EV000111,2026-02-02T18:00:00Z,372.556,21.352,45.48,71.16,53.948,430.56,16961.0
EV000057,2026-02-03T00:00:00Z,364.781,32.518,33.461,49.33,43.612,343.58,38551.2
EV000288,2026-02-03T06:00:00Z,363.683,56.281,31.043,37.32,50.324,395.48,54014.6
EV000004,2026-02-03T12:00:00Z,362.267,13.388,23.691,82.92,54.444,426.67,11894.6
EV000389,2026-02-03T18:00:00Z,370.807,41.176,24.937,34.57,39.104,324.89,73948.0
EV000146,2026-02-04T00:00:00Z,362.186,26.998,26.75,38.44,52.345,415.08,37858.6
EV000457,2026-02-04T06:00:00Z,373.537,36.902,25.019,68.34,53.249,437.26,61391.3
EV000068,2026-02-04T12:00:00Z,367.369,51.368,30.688,19.19,52.027,430.22,30867.3
EV000446,2026-02-04T18:00:00Z,359.526,40.169,28.544,85.04,51.021,412.32,67823.1
EV000363,2026-02-05T00:00:00Z,366.582,52.836,32.078,61.14,40.345,331.31,46012.0
EV000024,2026-02-05T06:00:00Z,370.928,49.217,29.531,30.93,51.816,414.5,76989.7
EV000159,2026-02-05T12:00:00Z,364.902,52.407,26.26,65.45,53.043,400.86,28636.5
EV000430,2026-02-05T18:00:00Z,361.366,40.585,28.276,23.52,44.148,380.69,133437.0
EV000122,2026-02-06T00:00:00Z,373.955,41.264,25.99,30.25,51.6,417.83,64254.6
EV000053,2026-02-06T06:00:00Z,374.129,50.688,31.389,58.85,53.537,411.81,16483.9
EV000353,2026-02-06T12:00:00Z,349.346,15.345,28.406,51.08,50.759,406.06,61360.7
EV000042,2026-02-06T18:00:00Z,355.332,27.638,24.918,71.22,51.606,411.18,23398.0
EV000282,2026-02-07T00:00:00Z,370.166,37.024,25.649,73.11,51.086,393.06,85452.8
EV000157,2026-02-07T06:00:00Z,373.063,60.222,27.386,38.99,42.209,355.56,30546.6
EV000170,2026-02-07T12:00:00Z,349.999,47.693,26.558,94.27,33.304,269.65,125349.7
EV000146,2026-02-07T18:00:00Z,355.936,50.121,33.133,50.74,55.059,448.83,9162.9
EV000111,2026-02-08T00:00:00Z,363.411,23.158,43.854,82.17,51.022,406.15,78802.1
EV000423,2026-02-08T06:00:00Z,360.556,50.193,44.493,18.82,52.702,422.07,50753.2
EV000095,2026-02-08T12:00:00Z,366.212,47.227,51.105,74.96,51.324,411.03,42352.0
EV000192,2026-02-08T18:00:00Z,369.297,64.93,31.553,26.49,34.388,270.37,128288.0
EV000014,2026-02-09T00:00:00Z,356.846,28.35,31.314,79.57,43.353,343.02,25683.7
EV000146,2026-02-09T06:00:00Z,354.207,45.288,31.708,79.95,46.472,361.51,125067.1
EV000253,2026-02-09T12:00:00Z,362.544,25.958,26.25,93.06,50.651,396.7,68144.4
EV000270,2026-02-09T18:00:00Z,352.934,44.806,28.152,72.93,33.243,280.23,102141.7
EV000417,2026-02-10T00:00:00Z,371.541,38.277,22.754,93.7,40.375,316.23,32665.7
EV000472,2026-02-10T06:00:00Z,368.518,59.867,47.482,72.83,48.84,398.74,101354.3
EV000310,2026-02-10T12:00:00Z,366.731,30.144,30.475,52.27,49.645,392.3,87406.0
EV000141,2026-02-10T18:00:00Z,365.599,42.205,44.063,49.16,50.062,392.76,40322.3
EV000184,2026-02-11T00:00:00Z,367.33,48.134,29.538,24.72,48.236,384.78,134297.0
EV000414,2026-02-11T06:00:00Z,365.885,30.683,48.323,47.9,47.975,358.77,105006.3
EV000276,2026-02-11T12:00:00Z,354.116,25.209,28.174,79.73,34.667,277.73,116782.5
EV000365,2026-02-11T18:00:00Z,360.497,46.383,30.452,68.98,54.251,445.12,11593.4
EV000471,2026-02-12T00:00:00Z,373.167,25.018,25.605,17.28,50.226,388.96,93382.4
EV000235,2026-02-12T06:00:00Z,377.481,14.456,25.576,67.92,37.352,296.19,82948.7
EV000362,2026-02-12T12:00:00Z,364.952,51.721,31.306,29.02,49.093,391.05,54612.4
EV000373,2026-02-12T18:00:00Z,370.737,45.4,24.615,48.33,53.622,426.65,24298.3
EV000414,2026-02-13T00:00:00Z,377.224,33.323,48.451,29.45,53.021,417.03,37752.7
EV000249,2026-02-13T06:00:00Z,367.363,32.485,30.428,59.47,47.605,380.84,128799.5
EV000258,2026-02-13T12:00:00Z,373.44,43.921,31.909,89.2,53.75,417.87,31271.4
EV000351,2026-02-13T18:00:00Z,363.649,19.038,28.394,72.51,56.002,455.72,12980.9
EV000227,2026-02-14T00:00:00Z,366.508,35.439,31.927,20.48,39.796,318.43,19409.9
EV000177,2026-02-14T06:00:00Z,350.121,49.364,33.506,93.9,51.665,418.26,57326.0
EV000121,2026-02-14T12:00:00Z,370.218,42.416,49.963,38.08,55.493,441.79,14542.8
EV000238,2026-02-14T18:00:00Z,358.005,54.826,48.961,92.9,56.526,461.68,9797.9
EV000257,2026-02-15T00:00:00Z,371.718,37.543,26.435,36.97,52.785,431.14,17144.7
EV000106,2026-02-15T06:00:00Z,366.435,35.927,26.261,56.57,47.603,383.35,78991.9
EV000203,2026-02-15T12:00:00Z,367.082,44.515,31.244,88.27,47.568,359.68,123886.5
EV000158,2026-02-15T18:00:00Z,377.245,34.549,24.993,57.01,45.686,367.69,133317.2
EV000362,2026-02-16T00:00:00Z,347.842,27.12,27.217,17.24,54.192,427.75,19451.8
EV000497,2026-02-16T06:00:00Z,369.371,66.774,26.051,89.54,40.85,319.29,77620.0
EV000064,2026-02-16T12:00:00Z,366.48,65.909,25.567,32.04,47.671,375.55,104364.0
EV000299,2026-02-16T18:00:00Z,373.22,59.873,31.641,42.43,41.777,324.28,10435.5
EV000094,2026-02-17T00:00:00Z,361.945,63.811,32.793,84.36,33.717,262.75,123003.0
EV000314,2026-02-17T06:00:00Z,363.122,24.296,27.213,71.84,45.962,393.17,131821.7
EV000081,2026-02-17T12:00:00Z,362.248,34.402,29.851,19.61,53.292,418.81,44500.8
EV000164,2026-02-17T18:00:00Z,372.356,37.666,30.919,87.34,33.466,271.23,134465.8
EV000485,2026-02-18T00:00:00Z,371.419,32.945,27.173,55.63,50.169,385.92,77711.9
EV000308,2026-02-18T06:00:00Z,364.008,32.756,28.41,72.99,51.993,403.72,48833.4
EV000146,2026-02-18T12:00:00Z,365.812,58.238,24.094,59.31,51.717,403.25,25457.4
EV000129,2026-02-18T18:00:00Z,374.915,51.038,24.524,56.69,39.288,312.68,104477.1
EV000229,2026-02-19T00:00:00Z,380.246,49.347,26.874,47.8,37.11,286.87,64438.7
EV000188,2026-02-19T06:00:00Z,361.465,35.651,26.805,44.15,52.352,423.14,41066.5
EV000469,2026-02-19T12:00:00Z,359.856,16.404,28.914,21.24,48.5,367.06,103525.6
EV000490,2026-02-19T18:00:00Z,358.661,17.853,30.738,75.26,49.985,404.35,88986.1
EV000096,2026-02-20T00:00:00Z,371.05,46.309,52.826,34.74,49.626,383.87,114605.6
EV000383,2026-02-20T06:00:00Z,347.981,37.993,22.681,28.8,44.616,354.7,53637.5
EV000405,2026-02-20T12:00:00Z,354.502,23.114,22.733,51.54,53.408,425.3,45924.9
EV000216,2026-02-20T18:00:00Z,363.854,57.592,31.681,43.07,52.85,421.84,22511.8
EV000139,2026-02-21T00:00:00Z,367.925,51.574,24.618,25.79,46.365,362.97,118389.0
EV000280,2026-02-21T06:00:00Z,368.706,33.248,32.268,17.26,50.405,402.71,103579.4
EV000025,2026-02-21T12:00:00Z,377.29,55.986,28.432,50.13,54.92,441.21,18056.8
EV000156,2026-02-21T18:00:00Z,374.254,43.093,31.27,62.55,52.007,450.02,11731.2
EV000325,2026-02-22T00:00:00Z,363.263,25.266,31.72,65.68,37.079,299.58,51649.1
EV000352,2026-02-22T06:00:00Z,376.563,48.719,29.127,39.19,40.941,314.55,32342.7
EV000002,2026-02-22T12:00:00Z,357.162,40.085,41.968,22.18,49.001,393.22,54659.2
EV000146,2026-02-22T18:00:00Z,349.14,53.225,28.862,48.38,52.945,427.5,80469.5
EV000049,2026-02-23T00:00:00Z,357.665,52.884,23.638,63.74,44.437,352.18,57154.9
EV000422,2026-02-23T06:00:00Z,371.221,49.492,28.433,92.94,41.12,317.33,48018.0
EV000210,2026-02-23T12:00:00Z,369.595,33.77,35.312,38.5,51.114,408.76,76433.7
EV000474,2026-02-23T18:00:00Z,366.171,27.551,26.127,38.57,48.813,375.35,108345.3
EV000240,2026-02-24T00:00:00Z,387.619,20.091,26.39,42.87,50.349,421.3,93774.8
EV000335,2026-02-24T06:00:00Z,367.804,55.974,39.195,45.33,45.73,340.81,105655.9
EV000173,2026-02-24T12:00:00Z,358.888,19.588,30.132,52.88,36.796,311.19,135873.2
EV000101,2026-02-24T18:00:00Z,376.452,62.339,28.443,70.89,38.106,304.49,106639.6
EV000494,2026-02-25T00:00:00Z,365.095,33.963,48.58,66.95,51.58,417.2,39373.6
EV000219,2026-02-25T06:00:00Z,357.646,46.724,26.551,66.45,36.799,287.29,134062.6
EV000059,2026-02-25T12:00:00Z,361.442,39.786,24.919,71.19,49.381,378.98,94143.7
EV000145,2026-02-25T18:00:00Z,366.062,52.113,30.646,26.71,48.463,383.05,102757.9
EV000030,2026-02-26T00:00:00Z,367.662,18.376,27.784,51.18,47.492,366.61,124776.1
EV000184,2026-02-26T06:00:00Z,361.138,54.356,28.343,53.17,47.007,371.44,129254.3
EV000105,2026-02-26T12:00:00Z,363.841,39.936,33.522,52.24,38.125,314.4,60836.3
EV000082,2026-02-26T18:00:00Z,351.884,42.277,48.328,31.63,52.668,426.7,23970.8
EV000284,2026-02-27T00:00:00Z,352.533,34.532,48.548,94.15,48.953,399.19,92947.8
EV000303,2026-02-27T06:00:00Z,371.311,30.99,25.075,66.21,46.174,379.3,112674.4
EV000478,2026-02-27T12:00:00Z,358.679,74.883,33.569,62.27,51.031,409.65,35106.9
EV000163,2026-02-27T18:00:00Z,370.788,49.761,24.423,44.29,53.171,443.03,45241.5
EV000082,2026-02-28T00:00:00Z,367.107,33.492,51.103,43.14,54.338,419.6,15009.5
EV000084,2026-02-28T06:00:00Z,360.1,42.609,25.594,46.59,50.147,389.55,68554.5
EV000131,2026-02-28T12:00:00Z,361.706,64.515,28.03,81.52,45.343,386.38,139510.7
EV000470,2026-02-28T18:00:00Z,352.162,32.791,22.498,35.87,58.026,430.39,23518.0
EV000261,2026-03-01T00:00:00Z,372.689,60.016,28.643,30.65,48.591,376.25,119484.7
EV000015,2026-03-01T06:00:00Z,366.68,51.656,23.741,93.75,41.065,318.91,87202.9
EV000200,2026-03-01T12:00:00Z,364.375,65.25,28.696,38.85,50.981,400.13,59481.5
EV000500,2026-03-01T18:00:00Z,356.829,55.781,29.081,40.6,47.725,384.68,114121.4
EV000224,2026-03-02T00:00:00Z,366.107,29.96,33.844,27.99,35.3,282.41,138629.1
EV000052,2026-03-02T06:00:00Z,373.092,32.458,34.019,49.93,46.083,371.56,132772.0
EV000067,2026-03-02T12:00:00Z,369.457,27.734,29.275,58.27,49.259,390.73,96940.9
EV000222,2026-03-02T18:00:00Z,373.658,24.194,29.625,56.55,39.789,312.08,45850.6
EV000163,2026-03-03T00:00:00Z,369.944,52.514,28.828,85.56,45.07,346.16,139266.8
EV000243,2026-03-03T06:00:00Z,365.839,35.132,32.491,45.96,47.741,387.15,100533.8
EV000319,2026-03-03T12:00:00Z,363.228,62.306,30.224,81.37,46.06,384.91,133333.8
EV000371,2026-03-03T18:00:00Z,352.707,35.824,26.969,78.86,52.254,431.13,26025.9
EV000323,2026-03-04T00:00:00Z,357.844,30.435,31.851,30.07,48.451,396.06,99823.1
EV000458,2026-03-04T06:00:00Z,369.566,50.098,29.909,42.09,36.922,294.81,136229.9
EV000119,2026-03-04T12:00:00Z,371.264,22.897,27.211,64.42,55.091,451.26,11488.5
EV000193,2026-03-04T18:00:00Z,360.831,60.757,26.743,38.65,40.586,314.74,71230.7
EV000086,2026-03-05T00:00:00Z,362.959,42.137,45.95,92.38,53.359,415.63,7720.4
EV000353,2026-03-05T06:00:00Z,367.874,30.595,27.509,16.87,53.84,455.17,37563.8
EV000120,2026-03-05T12:00:00Z,366.62,24.956,27.189,93.59,43.68,344.51,42665.2
EV000013,2026-03-05T18:00:00Z,362.222,27.566,47.401,35.99,49.583,392.66,89680.5
EV000409,2026-03-06T00:00:00Z,362.499,37.027,30.807,34.16,52.236,436.09,76988.6
EV000013,2026-03-06T06:00:00Z,369.4,32.938,46.197,59.09,49.613,402.01,88700.2
EV000119,2026-03-06T12:00:00Z,368.592,11.527,36.371,84.39,49.077,392.12,60187.4
EV000168,2026-03-06T18:00:00Z,364.286,65.651,32.112,49.16,50.687,423.05,82786.8
EV000244,2026-03-07T00:00:00Z,373.712,38.587,29.869,27.03,40.864,316.08,41352.0
EV000193,2026-03-07T06:00:00Z,345.218,52.848,26.419,21.2,39.293,323.24,66574.6
EV000010,2026-03-07T12:00:00Z,374.121,33.509,26.739,57.48,46.949,381.28,127000.8
EV000193,2026-03-07T18:00:00Z,353.271,72.612,33.408,57.72,38.332,330.61,62760.5
EV000439,2026-03-08T00:00:00Z,363.537,50.079,29.131,68.13,45.932,376.25,139617.7
EV000210,2026-03-08T06:00:00Z,361.157,28.189,30.659,35.28,47.998,383.19,108882.3
EV000152,2026-03-08T12:00:00Z,362.682,52.955,33.409,79.49,49.733,404.4,127682.6
EV000311,2026-03-08T18:00:00Z,356.06,47.175,26.407,48.01,46.232,360.37,91862.9
EV000400,2026-03-09T00:00:00Z,360.293,36.418,44.992,56.24,46.225,353.82,121216.9
EV000109,2026-03-09T06:00:00Z,358.732,31.42,44.435,83.19,51.076,405.12,73312.0
EV000360,2026-03-09T12:00:00Z,371.322,26.047,27.233,27.93,40.658,341.09,65607.9
EV000191,2026-03-09T18:00:00Z,353.43,50.455,24.843,37.59,53.477,409.67,47407.3
EV000074,2026-03-10T00:00:00Z,370.897,17.445,27.474,20.81,47.579,370.41,120669.1
EV000166,2026-03-10T06:00:00Z,359.783,47.65,27.328,46.21,52.459,436.54,39462.2
EV000257,2026-03-10T12:00:00Z,363.734,19.862,27.312,91.28,44.345,332.7,125429.5
EV000497,2026-03-10T18:00:00Z,371.953,16.399,26.713,47.05,34.701,270.29,117844.7
EV000419,2026-03-11T00:00:00Z,378.006,35.501,33.744,46.88,50.007,402.18,110316.1
EV000085,2026-03-11T06:00:00Z,360.637,35.843,30.148,40.91,52.825,435.55,35079.3
EV000229,2026-03-11T12:00:00Z,348.853,34.423,25.818,18.78,35.993,284.41,130760.3
EV000027,2026-03-11T18:00:00Z,372.276,43.395,30.611,21.58,50.37,401.14,84264.5
EV000245,2026-03-12T00:00:00Z,360.876,22.56,28.822,63.59,51.867,399.96,77646.6
EV000094,2026-03-12T06:00:00Z,373.881,34.276,24.862,20.58,36.624,288.66,111969.1
EV000052,2026-03-12T12:00:00Z,373.922,62.845,32.236,48.88,52.786,414.19,9967.0
EV000363,2026-03-12T18:00:00Z,371.774,56.938,30.624,28.66,39.439,314.56,70863.8
EV000464,2026-03-13T00:00:00Z,368.952,47.984,28.935,43.74,38.166,308.24,71628.4
EV000085,2026-03-13T06:00:00Z,361.185,58.167,30.891,86.71,51.642,407.53,24538.0
EV000418,2026-03-13T12:00:00Z,362.193,45.06,33.515,88.97,37.563,310.8,116274.6
EV000295,2026-03-13T18:00:00Z,367.652,18.237,36.787,39.45,38.216,311.12,60590.3
EV000237,2026-03-14T00:00:00Z,345.278,22.542,27.527,62.49,52.764,442.24,9534.3
EV000340,2026-03-14T06:00:00Z,372.051,41.947,34.285,19.06,52.587,423.39,41981.7
EV000118,2026-03-14T12:00:00Z,360.242,50.803,30.285,67.29,36.89,293.88,133876.3
EV000139,2026-03-14T18:00:00Z,370.473,30.708,29.82,41.12,54.061,427.98,37082.4
EV000345,2026-03-15T00:00:00Z,356.543,42.39,28.592,75.27,37.281,285.72,73533.5
EV000413,2026-03-15T06:00:00Z,358.898,42.165,33.642,51.49,53.869,429.47,21028.4
EV000104,2026-03-15T12:00:00Z,360.239,43.264,26.875,85.92,54.296,431.83,17417.4
EV000475,2026-03-15T18:00:00Z,363.108,44.872,31.64,82.25,47.513,408.93,115380.2
EV000391,2026-03-16T00:00:00Z,376.385,61.179,32.228,48.55,36.659,290.84,97103.6
EV000128,2026-03-16T06:00:00Z,358.728,59.969,29.986,25.52,35.304,281.42,91791.6
EV000350,2026-03-16T12:00:00Z,379.695,33.109,27.548,27.93,37.958,318.53,138211.3
EV000172,2026-03-16T18:00:00Z,382.686,28.832,34.831,77.38,46.588,400.83,102380.7
EV000198,2026-03-17T00:00:00Z,359.432,37.063,27.619,88.3,56.5,466.33,30067.3
EV000274,2026-03-17T06:00:00Z,369.973,26.976,31.596,85.31,35.84,277.09,81587.3
EV000040,2026-03-17T12:00:00Z,358.741,15.885,29.36,93.55,47.653,382.72,99601.9
EV000168,2026-03-17T18:00:00Z,362.881,60.927,26.958,19.41,54.179,425.17,63928.6
EV000020,2026-03-18T00:00:00Z,355.579,60.475,33.127,60.03,44.759,329.44,137054.4
EV000438,2026-03-18T06:00:00Z,366.76,48.943,28.176,36.7,47.747,385.32,132879.4
EV000006,2026-03-18T12:00:00Z,368.096,38.901,25.123,39.25,37.925,286.4,81350.0
EV000495,2026-03-18T18:00:00Z,366.797,69.248,30.367,46.73,51.857,418.46,49356.7
EV000412,2026-03-19T00:00:00Z,369.175,45.997,25.179,84.44,48.634,380.19,95016.1
EV000237,2026-03-19T06:00:00Z,361.047,19.967,27.353,94.93,49.934,399.66,69468.9
EV000217,2026-03-19T12:00:00Z,354.946,36.001,30.525,50.91,50.931,394.5,37925.3
EV000345,2026-03-19T18:00:00Z,369.167,51.929,29.542,49.02,37.837,290.63,71098.7
EV000207,2026-03-20T00:00:00Z,355.038,6.931,26.329,90.96,48.327,364.72,113481.0
EV000028,2026-03-20T06:00:00Z,364.439,55.298,32.342,94.86,37.68,296.62,94187.6
EV000160,2026-03-20T12:00:00Z,373.095,22.245,30.771,18.96,37.842,307.25,86866.6
EV000344,2026-03-20T18:00:00Z,373.373,48.344,41.319,87.34,53.028,420.14,33840.0
EV000477,2026-03-21T00:00:00Z,370.043,38.548,25.675,55.11,46.6,342.75,120574.1
EV000092,2026-03-21T06:00:00Z,372.555,38.78,35.362,74.89,51.756,423.05,39866.4
EV000471,2026-03-21T12:00:00Z,352.264,48.356,26.541,91.74,51.538,425.4,34961.2
EV000207,2026-03-21T18:00:00Z,369.835,48.755,31.551,65.43,49.863,388.86,104705.3
EV000026,2026-03-22T00:00:00Z,366.413,46.461,29.43,18.14,48.753,398.05,105612.0
EV000500,2026-03-22T06:00:00Z,368.477,36.654,32.443,91.83,50.86,401.63,28565.8
EV000420,2026-03-22T12:00:00Z,360.273,27.149,26.014,24.42,36.528,299.66,115498.1
EV000098,2026-03-22T18:00:00Z,365.923,47.285,30.009,60.87,50.001,401.98,102031.6
EV000089,2026-03-23T00:00:00Z,358.102,36.475,27.941,88.06,39.599,308.16,52607.6
EV000408,2026-03-23T06:00:00Z,357.516,28.463,29.249,62.79,41.266,311.89,26744.1
EV000273,2026-03-23T12:00:00Z,353.729,60.485,30.573,38.03,50.49,414.12,30983.4
EV000034,2026-03-23T18:00:00Z,359.981,43.974,47.56,37.69,51.338,415.28,65789.2
EV000418,2026-03-24T00:00:00Z,356.509,46.022,26.97,82.53,41.139,338.55,54613.3
EV000421,2026-03-24T06:00:00Z,354.739,40.345,27.934,46.35,54.993,434.83,26295.6
EV000203,2026-03-24T12:00:00Z,371.292,35.247,24.839,49.05,49.57,392.79,74323.3
EV000046,2026-03-24T18:00:00Z,368.918,27.113,29.879,40.37,39.74,335.31,46563.1
EV000160,2026-03-25T00:00:00Z,356.724,44.347,30.551,78.3,33.663,232.66,111990.5
EV000006,2026-03-25T06:00:00Z,367.667,55.213,27.742,77.09,34.498,279.63,117715.3
EV000018,2026-03-25T12:00:00Z,359.223,43.536,29.84,37.48,49.653,408.22,111337.0
EV000047,2026-03-25T18:00:00Z,364.279,45.001,34.791,75.3,45.479,364.67,9218.5
EV000036,2026-03-26T00:00:00Z,367.545,35.577,24.728,50.49,52.46,418.88,18788.0
EV000360,2026-03-26T06:00:00Z,366.224,42.538,33.089,23.07,38.469,309.17,70580.1
EV000315,2026-03-26T12:00:00Z,358.347,41.781,25.646,52.6,52.448,422.83,53373.6
EV000178,2026-03-26T18:00:00Z,371.724,33.847,34.297,65.56,49.355,401.65,87554.1
EV000363,2026-03-27T00:00:00Z,364.45,74.733,28.11,85.77,36.618,273.98,81900.5
EV000078,2026-03-27T06:00:00Z,360.899,50.622,30.42,35.92,52.801,407.81,81681.6
EV000414,2026-03-27T12:00:00Z,348.97,38.82,52.096,50.23,53.1,451.32,43459.3
EV000375,2026-03-27T18:00:00Z,358.483,33.44,26.923,60.62,54.152,416.43,30288.7
EV000324,2026-03-28T00:00:00Z,369.546,38.429,49.729,42.66,52.423,425.49,61256.9
EV000330,2026-03-28T06:00:00Z,368.178,28.949,28.811,80.28,45.054,361.46,20926.7
EV000496,2026-03-28T12:00:00Z,372.491,33.533,32.524,30.73,35.568,282.52,109046.9
EV000046,2026-03-28T18:00:00Z,355.47,50.826,30.882,72.99,42.679,313.73,20454.1
EV000387,2026-03-29T00:00:00Z,364.957,29.562,28.632,78.77,52.41,423.63,61418.2
EV000290,2026-03-29T06:00:00Z,371.766,52.693,23.282,68.39,39.636,314.62,54051.1
EV000247,2026-03-29T12:00:00Z,361.054,23.902,30.545,19.46,40.977,324.35,33140.1
EV000235,2026-03-29T18:00:00Z,367.142,24.169,30.062,18.07,41.411,332.14,49205.8
EV000427,2026-03-30T00:00:00Z,355.387,59.506,30.865,32.87,47.547,379.76,100635.6
EV000441,2026-03-30T06:00:00Z,360.86,60.502,46.471,89.06,50.331,419.63,66899.9
EV000105,2026-03-30T12:00:00Z,369.555,59.774,27.558,64.63,37.336,313.44,52192.8
EV000437,2026-03-30T18:00:00Z,369.489,50.646,27.08,66.68,38.075,314.29,115846.3
EV000428,2026-03-31T00:00:00Z,371.282,41.023,25.232,54.93,50.082,387.91,66293.0
EV000214,2026-03-31T06:00:00Z,382.87,42.833,25.3,61.88,53.344,436.0,6898.7
EV000132,2026-03-31T12:00:00Z,364.716,69.834,47.841,52.8,50.471,411.63,73095.9
EV000278,2026-03-31T18:00:00Z,363.615,47.225,28.917,25.81,45.017,362.77,130692.6
EV000427,2026-04-01T00:00:00Z,383.978,57.461,23.739,35.17,50.034,379.87,72943.8
EV000201,2026-04-01T06:00:00Z,370.286,36.115,30.617,94.75,44.169,362.93,11654.4
EV000386,2026-04-01T12:00:00Z,360.883,31.164,26.651,76.31,48.918,395.65,105761.8
EV000107,2026-04-01T18:00:00Z,368.366,27.998,47.574,41.2,50.817,389.84,84920.2
EV000444,2026-04-02T00:00:00Z,366.951,41.383,30.15,42.63,43.82,347.92,23192.0
EV000358,2026-04-02T06:00:00Z,369.382,70.272,32.408,58.3,36.542,284.0,89133.8
EV000227,2026-04-02T12:00:00Z,367.042,55.096,31.653,75.83,38.49,294.23,96603.0
EV000340,2026-04-02T18:00:00Z,366.27,53.066,27.862,69.42,48.309,399.23,116775.0
EV000119,2026-04-03T00:00:00Z,370.016,60.216,27.328,17.51,53.499,422.13,62242.0
EV000045,2026-04-03T06:00:00Z,371.487,36.4,27.299,78.1,43.516,360.62,126677.1
EV000002,2026-04-03T12:00:00Z,361.741,29.149,50.692,67.99,50.434,393.73,71038.4
EV000407,2026-04-03T18:00:00Z,358.412,30.475,25.163,58.12,48.07,382.06,102711.3
EV000353,2026-04-04T00:00:00Z,374.782,37.176,27.819,19.43,46.676,367.31,119861.3
EV000457,2026-04-04T06:00:00Z,356.772,24.255,30.8,45.59,46.135,386.35,133766.0
EV000490,2026-04-04T12:00:00Z,370.107,32.825,25.334,65.83,48.68,376.03,108922.1
EV000206,2026-04-04T18:00:00Z,363.578,34.094,26.144,37.22,36.257,286.8,128808.3
EV000096,2026-04-05T00:00:00Z,372.635,64.255,41.509,63.23,51.301,395.4,29649.7
EV000159,2026-04-05T06:00:00Z,369.944,59.292,30.208,37.55,53.845,422.94,44606.2
EV000107,2026-04-05T12:00:00Z,363.517,19.033,41.703,81.99,54.524,443.69,74126.7
EV000107,2026-04-05T18:00:00Z,363.698,41.525,41.619,25.62,48.465,377.15,104913.1
EV000493,2026-04-06T00:00:00Z,352.752,49.132,31.913,24.16,41.805,336.03,55185.3
EV000395,2026-04-06T06:00:00Z,379.045,34.002,39.937,50.19,46.882,379.29,109662.1
EV000193,2026-04-06T12:00:00Z,370.217,46.005,27.093,69.12,41.131,326.16,19979.6
EV000099,2026-04-06T18:00:00Z,357.799,45.87,29.025,70.42,49.433,389.81,91446.0
EV000392,2026-04-07T00:00:00Z,374.316,47.216,27.138,64.47,55.682,450.66,30189.7
EV000428,2026-04-07T06:00:00Z,368.788,53.967,27.638,29.35,50.165,389.57,70736.7
EV000430,2026-04-07T12:00:00Z,370.858,36.38,30.582,16.12,46.329,344.61,136897.2
EV000169,2026-04-07T18:00:00Z,375.605,56.396,25.887,48.64,51.227,398.87,39579.0
EV000145,2026-04-08T00:00:00Z,385.592,28.99,30.691,19.62,48.249,400.91,82309.1
EV000100,2026-04-08T06:00:00Z,364.585,51.718,30.17,32.75,35.026,300.43,138977.1
EV000122,2026-04-08T12:00:00Z,362.466,47.925,26.772,42.58,50.641,405.27,101264.4
EV000499,2026-04-08T18:00:00Z,357.165,21.608,31.315,46.27,55.431,440.44,5137.3
EV000151,2026-04-09T00:00:00Z,381.258,58.797,26.821,54.08,51.62,393.2,52843.8
EV000429,2026-04-09T06:00:00Z,357.644,11.195,28.359,79.41,46.567,347.53,126154.2
EV000111,2026-04-09T12:00:00Z,370.086,49.853,44.52,27.75,55.439,440.41,10105.5
EV000176,2026-04-09T18:00:00Z,358.805,56.423,26.699,51.36,50.115,401.19,27286.9
EV000205,2026-04-10T00:00:00Z,361.724,26.463,29.392,85.62,35.63,293.83,121062.6
EV000115,2026-04-10T06:00:00Z,371.672,13.223,22.731,38.66,46.894,370.99,130645.2
EV000224,2026-04-10T12:00:00Z,357.513,23.717,26.717,33.99,43.648,348.21,43014.6
EV000341,2026-04-10T18:00:00Z,374.012,72.512,27.715,92.86,53.32,430.64,6261.4
EV000284,2026-04-11T00:00:00Z,354.023,39.425,47.782,67.44,55.707,421.06,7685.3
EV000304,2026-04-11T06:00:00Z,375.958,50.553,30.095,59.61,37.972,287.53,103759.1
EV000355,2026-04-11T12:00:00Z,370.345,47.632,27.813,35.58,48.347,386.47,57747.7
EV000415,2026-04-11T18:00:00Z,377.974,43.092,33.622,82.24,53.101,440.4,18558.9
EV000482,2026-04-12T00:00:00Z,359.05,46.915,24.86,51.48,52.798,442.69,38618.6
EV000306,2026-04-12T06:00:00Z,361.146,47.171,28.679,39.75,49.057,410.79,44730.0
EV000014,2026-04-12T12:00:00Z,356.277,48.915,29.251,56.7,35.209,275.28,133289.7
EV000204,2026-04-12T18:00:00Z,365.955,36.509,25.282,73.64,36.18,272.83,116780.3
EV000169,2026-04-13T00:00:00Z,357.17,42.633,24.976,66.46,47.201,372.52,79591.9
EV000213,2026-04-13T06:00:00Z,365.399,52.259,29.575,79.63,49.918,422.83,100269.6
EV000141,2026-04-13T12:00:00Z,366.454,33.412,44.393,61.88,45.41,356.36,130347.2
EV000153,2026-04-13T18:00:00Z,351.305,16.845,31.892,17.55,41.703,330.45,78389.5
EV000337,2026-04-14T00:00:00Z,357.872,45.103,27.328,56.36,48.126,392.41,66227.8
EV000111,2026-04-14T06:00:00Z,358.721,15.934,44.763,84.58,53.119,441.12,35788.6
EV000285,2026-04-14T12:00:00Z,354.614,52.347,32.867,75.66,53.566,412.31,19806.4
EV000174,2026-04-14T18:00:00Z,356.065,36.93,25.396,80.33,52.84,438.4,13277.9
EV000362,2026-04-15T00:00:00Z,383.592,40.202,29.111,32.21,50.209,402.1,79229.1
EV000344,2026-04-15T06:00:00Z,362.181,50.252,48.908,65.79,44.975,364.1,106273.2
EV000491,2026-04-15T12:00:00Z,357.612,35.584,28.995,22.82,40.49,329.79,74477.7
EV000499,2026-04-15T18:00:00Z,346.17,16.878,27.431,63.87,48.539,382.9,91667.8
EV000441,2026-04-16T00:00:00Z,359.098,49.336,48.861,17.14,46.018,340.1,116290.0
EV000438,2026-04-16T06:00:00Z,370.613,62.411,23.886,85.21,48.447,400.31,97309.0
EV000163,2026-04-16T12:00:00Z,359.958,64.854,28.449,48.74,45.111,361.69,130777.0
EV000104,2026-04-16T18:00:00Z,355.511,43.409,26.371,53.18,48.725,385.38,80044.8
EV000029,2026-04-17T00:00:00Z,369.801,31.603,29.392,83.99,49.007,402.88,75485.6
EV000394,2026-04-17T06:00:00Z,366.927,49.902,27.839,76.06,50.42,407.79,19765.1
EV000499,2026-04-17T12:00:00Z,353.458,16.936,27.063,72.48,48.994,379.02,101687.1
EV000065,2026-04-17T18:00:00Z,356.993,61.521,31.263,45.0,49.209,406.22,138963.2
EV000010,2026-04-18T00:00:00Z,374.34,23.481,29.251,93.68,52.837,416.74,31006.6
EV000442,2026-04-18T06:00:00Z,356.971,32.305,30.143,32.33,38.158,294.12,32181.9
EV000500,2026-04-18T12:00:00Z,377.345,57.221,31.28,63.48,51.337,425.72,69217.2
EV000135,2026-04-18T18:00:00Z,368.948,32.8,23.99,32.63,47.434,361.35,123081.8
EV000030,2026-04-19T00:00:00Z,359.556,52.529,27.952,94.5,47.511,394.92,129176.2
EV000243,2026-04-19T06:00:00Z,367.337,42.938,28.191,37.44,51.196,406.69,118675.1
EV000234,2026-04-19T12:00:00Z,363.001,19.851,31.216,17.34,42.538,337.28,11912.0
EV000075,2026-04-19T18:00:00Z,366.154,32.067,23.393,23.4,51.077,403.02,68092.3
EV000310,2026-04-20T00:00:00Z,372.974,23.6,30.315,36.09,53.358,407.66,34420.7
EV000251,2026-04-20T06:00:00Z,367.285,48.698,32.495,79.11,49.505,395.67,129658.3
EV000149,2026-04-20T12:00:00Z,362.261,72.59,27.522,31.7,49.535,377.15,75406.2
EV000480,2026-04-20T18:00:00Z,360.766,59.997,30.949,89.4,53.358,438.02,26526.4
EV000395,2026-04-21T00:00:00Z,380.981,46.52,45.392,69.21,49.652,362.63,117453.4
EV000433,2026-04-21T06:00:00Z,363.027,48.546,30.728,70.91,48.25,379.08,78049.8
EV000239,2026-04-21T12:00:00Z,352.928,38.555,32.007,43.4,45.032,371.85,115267.1
EV000194,2026-04-21T18:00:00Z,368.889,44.794,30.297,73.69,39.006,285.23,107181.1
EV000162,2026-04-22T00:00:00Z,363.536,33.15,34.306,81.33,56.314,443.49,6073.6
EV000048,2026-04-22T06:00:00Z,358.254,39.743,26.738,22.04,49.544,395.52,80400.0
EV000446,2026-04-22T12:00:00Z,361.378,39.872,31.816,55.82,51.704,419.56,48148.3
EV000306,2026-04-22T18:00:00Z,350.198,41.259,36.003,77.79,51.595,403.14,29204.9
EV000237,2026-04-23T00:00:00Z,367.2,61.474,28.222,28.87,51.326,402.79,36879.1
EV000363,2026-04-23T06:00:00Z,370.041,39.131,28.246,48.1,34.875,282.46,108673.4
EV000106,2026-04-23T12:00:00Z,352.732,56.803,28.04,18.02,47.207,396.35,130342.4
EV000453,2026-04-23T18:00:00Z,369.473,43.001,26.143,89.02,50.242,412.1,130989.5
EV000451,2026-04-24T00:00:00Z,374.803,40.813,25.143,26.43,44.537,352.87,109187.4
EV000379,2026-04-24T06:00:00Z,358.58,43.247,35.123,15.69,48.803,388.98,92486.3
EV000074,2026-04-24T12:00:00Z,366.383,62.744,27.401,33.91,54.65,438.04,9573.8
EV000446,2026-04-24T18:00:00Z,376.463,50.352,32.25,21.3,50.551,415.37,74455.9
EV000154,2026-04-25T00:00:00Z,367.892,41.481,32.041,17.58,52.191,405.16,62660.1
EV000371,2026-04-25T06:00:00Z,377.898,49.971,32.055,24.13,48.851,400.96,101577.4
EV000178,2026-04-25T12:00:00Z,359.164,52.158,24.088,20.65,49.404,373.58,70344.5
EV000185,2026-04-25T18:00:00Z,368.563,29.239,27.043,56.58,51.671,411.26,24509.0
EV000270,2026-04-26T00:00:00Z,376.458,29.922,30.25,55.66,36.176,288.31,84790.6
EV000488,2026-04-26T06:00:00Z,373.811,39.866,29.299,40.64,43.414,351.08,14899.6
EV000246,2026-04-26T12:00:00Z,361.221,34.283,29.649,40.44,53.297,431.62,29530.9
EV000140,2026-04-26T18:00:00Z,373.139,24.911,45.187,67.87,52.251,413.13,42818.7
EV000490,2026-04-27T00:00:00Z,361.231,41.136,25.426,71.38,45.725,363.66,131368.2
EV000235,2026-04-27T06:00:00Z,371.343,22.555,29.866,36.92,40.837,322.75,10568.5
EV000311,2026-04-27T12:00:00Z,361.172,48.389,27.824,72.93,46.363,374.83,137863.7
EV000312,2026-04-27T18:00:00Z,374.247,54.316,23.49,17.32,45.853,359.64,118974.7
EV000415,2026-04-28T00:00:00Z,360.343,32.634,28.289,23.77,46.525,369.63,130916.2
EV000303,2026-04-28T06:00:00Z,374.658,62.096,25.918,58.11,49.357,402.29,104046.8
EV000057,2026-04-28T12:00:00Z,364.437,57.439,33.057,86.44,43.231,354.93,69995.3
EV000343,2026-04-28T18:00:00Z,373.556,45.141,24.199,88.7,47.854,403.68,112539.5
EV000185,2026-04-29T00:00:00Z,359.224,41.083,26.506,76.5,44.851,358.78,139769.3
EV000288,2026-04-29T06:00:00Z,371.791,60.881,30.164,76.72,52.056,404.15,108774.8
EV000095,2026-04-29T12:00:00Z,367.34,67.805,43.403,57.12,51.397,391.64,9248.6
EV000064,2026-04-29T18:00:00Z,347.012,70.033,34.206,48.33,49.15,378.26,64184.4
EV000207,2026-04-30T00:00:00Z,350.848,53.396,28.956,74.13,49.306,394.59,129221.8
EV000406,2026-04-30T06:00:00Z,369.737,15.984,46.037,18.11,53.245,432.04,50271.4
EV000448,2026-04-30T12:00:00Z,358.709,20.186,30.386,74.35,51.194,417.68,12177.5
EV000351,2026-04-30T18:00:00Z,367.088,51.992,36.546,76.14,48.823,373.01,82506.9
EV000113,2026-05-01T00:00:00Z,363.362,42.794,47.445,48.48,54.728,438.62,5182.8
EV000073,2026-05-01T06:00:00Z,355.683,30.59,30.708,82.61,36.52,299.92,67296.0
EV000111,2026-05-01T12:00:00Z,382.936,61.157,46.64,86.07,51.643,403.13,38669.5
EV000328,2026-05-01T18:00:00Z,371.683,28.28,28.351,84.49,38.737,300.79,83988.1
EV000377,2026-05-02T00:00:00Z,368.287,61.878,34.26,41.24,50.52,412.98,46365.9
EV000115,2026-05-02T06:00:00Z,352.51,28.75,31.258,59.86,48.507,393.57,79053.1
EV000063,2026-05-02T12:00:00Z,377.103,32.638,28.494,48.38,34.645,279.59,104742.9
EV000258,2026-05-02T18:00:00Z,373.908,31.428,25.943,22.49,53.767,416.52,15948.5
EV000304,2026-05-03T00:00:00Z,369.914,46.431,29.838,22.38,42.483,352.07,38893.4
EV000230,2026-05-03T06:00:00Z,370.148,61.406,29.43,85.87,51.859,421.37,16992.0
EV000420,2026-05-03T12:00:00Z,373.791,43.758,24.583,67.88,36.532,291.75,136186.2
EV000091,2026-05-03T18:00:00Z,349.208,40.335,25.633,19.22,54.903,436.12,22320.8
EV000391,2026-05-04T00:00:00Z,371.341,46.234,24.224,32.95,35.434,284.33,132003.5
EV000203,2026-05-04T06:00:00Z,358.965,44.298,31.116,67.51,51.178,415.2,6990.3
EV000172,2026-05-04T12:00:00Z,359.999,59.268,28.15,94.26,52.107,431.14,70988.8
EV000150,2026-05-04T18:00:00Z,371.696,44.869,24.822,59.96,47.492,353.62,99057.6
EV000216,2026-05-05T00:00:00Z,364.699,34.293,26.344,46.17,53.1,421.12,16688.6
EV000371,2026-05-05T06:00:00Z,369.188,25.27,29.909,71.31,53.941,423.04,28191.2
EV000459,2026-05-05T12:00:00Z,358.548,38.283,25.656,38.6,47.154,393.62,101998.1
EV000027,2026-05-05T18:00:00Z,360.161,54.804,26.091,82.74,52.431,422.27,36454.5
EV000334,2026-05-06T00:00:00Z,368.629,61.927,45.429,90.21,55.411,431.67,21306.4
EV000160,2026-05-06T06:00:00Z,365.384,34.15,29.75,74.54,38.217,315.96,98220.3
EV000264,2026-05-06T12:00:00Z,360.351,48.241,26.097,77.51,43.428,364.53,8021.2
EV000014,2026-05-06T18:00:00Z,370.297,66.518,23.369,58.24,40.106,312.9,59026.1
EV000051,2026-05-07T00:00:00Z,354.915,51.443,48.902,59.83,53.787,435.47,27497.0
EV000319,2026-05-07T06:00:00Z,387.982,11.599,28.732,91.69,51.19,407.82,67374.9
EV000044,2026-05-07T12:00:00Z,369.419,30.84,47.417,83.38,46.946,395.9,124377.0
EV000460,2026-05-07T18:00:00Z,351.472,27.227,28.539,36.4,52.017,414.16,45106.2
EV000335,2026-05-08T00:00:00Z,370.976,38.75,45.177,71.76,52.158,419.01,58911.9
EV000268,2026-05-08T06:00:00Z,365.399,46.775,30.028,29.29,50.684,408.54,49787.9
EV000444,2026-05-08T12:00:00Z,351.013,39.471,29.745,17.65,38.733,310.37,61179.8
EV000464,2026-05-08T18:00:00Z,357.625,36.598,30.239,93.26,38.95,334.59,63160.6
EV000346,2026-05-09T00:00:00Z,365.278,58.373,31.62,20.15,32.607,258.98,134280.2
EV000303,2026-05-09T06:00:00Z,369.359,49.492,26.793,18.03,47.58,380.86,109137.2
EV000158,2026-05-09T12:00:00Z,370.901,25.174,28.167,62.48,46.818,373.4,123589.1
EV000413,2026-05-09T18:00:00Z,372.511,30.866,26.991,58.98,50.8,412.2,99118.7
EV000054,2026-05-10T00:00:00Z,370.025,17.104,27.427,46.8,40.583,328.98,36629.6
EV000253,2026-05-10T06:00:00Z,365.601,69.885,20.975,79.55,46.992,375.18,121878.4
EV000308,2026-05-10T12:00:00Z,367.164,72.035,23.279,88.23,51.851,404.95,50460.0
EV000432,2026-05-10T18:00:00Z,354.947,50.464,31.035,52.59,47.329,370.34,129279.9
EV000214,2026-05-11T00:00:00Z,365.11,35.977,25.416,51.08,52.132,411.73,32184.5
EV000050,2026-05-11T06:00:00Z,357.022,37.246,26.347,87.19,39.517,294.47,129266.4
EV000069,2026-05-11T12:00:00Z,353.569,57.077,29.997,74.18,39.889,331.08,32356.3
EV000243,2026-05-11T18:00:00Z,373.677,58.329,24.503,39.67,48.513,400.63,114032.9
EV000252,2026-05-12T00:00:00Z,367.463,6.052,34.762,27.57,47.687,384.68,128643.4
EV000145,2026-05-12T06:00:00Z,363.023,65.627,33.642,52.53,50.169,385.4,82700.0
EV000039,2026-05-12T12:00:00Z,362.252,42.242,22.359,26.63,47.412,378.41,96918.4
EV000131,2026-05-12T18:00:00Z,379.596,58.876,32.317,32.17,54.274,457.38,10088.9
EV000353,2026-05-13T00:00:00Z,376.631,37.623,31.607,38.88,50.848,391.49,58671.4
EV000290,2026-05-13T06:00:00Z,366.894,25.301,31.757,83.26,36.14,273.89,63648.1
EV000096,2026-05-13T12:00:00Z,380.629,30.182,41.29,90.97,47.186,381.3,137522.2
EV000060,2026-05-13T18:00:00Z,352.078,38.953,27.957,28.52,40.077,309.58,91696.1
EV000472,2026-05-14T00:00:00Z,360.39,33.642,46.86,78.04,51.742,403.96,23481.7
EV000455,2026-05-14T06:00:00Z,370.943,41.637,28.316,55.8,51.767,421.85,79689.4
EV000275,2026-05-14T12:00:00Z,351.991,24.19,29.983,54.28,50.428,415.71,13781.7
EV000163,2026-05-14T18:00:00Z,360.407,48.475,29.066,43.35,46.946,380.69,126140.0
EV000339,2026-05-15T00:00:00Z,359.323,46.3,32.59,89.75,49.914,391.95,58853.7
EV000038,2026-05-15T06:00:00Z,366.695,60.454,23.908,72.99,47.042,375.94,113312.3
EV000153,2026-05-15T12:00:00Z,369.531,26.52,31.498,43.93,38.729,312.33,80741.9
EV000117,2026-05-15T18:00:00Z,363.997,32.602,31.577,74.49,51.107,400.05,89399.7
EV000179,2026-05-16T00:00:00Z,366.706,46.215,33.557,59.55,36.402,286.54,129664.7
EV000182,2026-05-16T06:00:00Z,364.608,41.907,39.82,74.67,51.393,402.09,45933.4
EV000499,2026-05-16T12:00:00Z,365.654,41.889,23.107,58.92,51.171,415.03,28420.7
EV000202,2026-05-16T18:00:00Z,357.263,41.651,43.644,63.65,52.01,404.38,30906.9
EV000288,2026-05-17T00:00:00Z,357.853,52.405,31.039,25.47,46.599,377.49,117495.3
EV000007,2026-05-17T06:00:00Z,350.389,60.745,26.863,64.64,53.195,407.35,31572.1
EV000025,2026-05-17T12:00:00Z,368.49,37.004,34.135,94.16,53.77,433.74,10864.6
EV000094,2026-05-17T18:00:00Z,355.698,49.443,25.633,73.5,42.253,350.27,17063.7
EV000204,2026-05-18T00:00:00Z,368.802,54.861,30.561,85.37,36.537,287.61,127213.7
EV000268,2026-05-18T06:00:00Z,363.535,18.563,29.723,50.19,51.774,411.51,54762.3
EV000450,2026-05-18T12:00:00Z,360.896,38.609,49.14,38.27,52.22,413.83,22003.0
EV000135,2026-05-18T18:00:00Z,357.516,13.618,29.954,91.24,53.219,416.17,21520.6
EV000310,2026-05-19T00:00:00Z,355.385,61.473,26.932,42.97,46.604,364.14,113518.5
EV000179,2026-05-19T06:00:00Z,366.991,53.846,21.739,25.37,40.087,319.55,90637.7
EV000251,2026-05-19T12:00:00Z,355.156,50.506,28.609,58.88,51.86,418.83,64700.1
EV000338,2026-05-19T18:00:00Z,351.106,38.48,34.774,24.06,39.356,313.04,32135.1
EV000434,2026-05-20T00:00:00Z,379.715,12.845,27.288,44.86,50.026,390.71,30331.1
EV000373,2026-05-20T06:00:00Z,371.63,54.993,28.671,59.33,50.489,395.92,51926.4
EV000120,2026-05-20T12:00:00Z,352.194,65.754,31.659,72.81,34.336,283.68,135319.0
EV000269,2026-05-20T18:00:00Z,367.837,52.739,25.868,72.82,53.772,418.83,29757.5
EV000179,2026-05-21T00:00:00Z,371.576,28.307,29.497,67.56,44.313,349.19,45631.3
EV000210,2026-05-21T06:00:00Z,363.134,59.381,31.456,16.7,49.28,380.66,77788.2
EV000391,2026-05-21T12:00:00Z,364.537,38.965,27.146,67.91,37.546,307.59,80249.0
EV000213,2026-05-21T18:00:00Z,365.092,46.53,30.863,84.89,50.971,424.47,48323.2
EV000226,2026-05-22T00:00:00Z,358.193,54.97,29.41,83.19,49.424,394.3,74144.6
EV000149,2026-05-22T06:00:00Z,364.038,56.794,28.758,29.02,45.689,372.36,111702.2
EV000208,2026-05-22T12:00:00Z,361.435,40.521,31.82,79.88,47.752,368.49,107864.8
EV000496,2026-05-22T18:00:00Z,354.185,37.953,21.478,85.89,37.194,280.77,97643.3
EV000174,2026-05-23T00:00:00Z,351.494,59.601,28.57,15.82,47.141,404.79,129756.3
EV000064,2026-05-23T06:00:00Z,363.208,41.086,32.63,78.06,57.294,460.48,9415.9
EV000001,2026-05-23T12:00:00Z,367.743,36.066,32.092,56.14,53.688,418.69,27608.5
EV000401,2026-05-23T18:00:00Z,353.019,40.161,29.499,28.4,53.68,414.52,20761.7
EV000066,2026-05-24T00:00:00Z,364.508,50.424,31.986,30.66,53.501,439.74,34011.7
EV000150,2026-05-24T06:00:00Z,378.497,51.765,33.243,71.83,48.093,366.41,105328.8
EV000035,2026-05-24T12:00:00Z,374.238,63.483,26.478,45.66,46.462,376.32,134514.9
EV000432,2026-05-24T18:00:00Z,350.361,59.997,32.665,81.58,49.234,401.2,56907.1
EV000042,2026-05-25T00:00:00Z,362.35,43.103,28.615,16.9,47.927,386.84,129364.3
EV000468,2026-05-25T06:00:00Z,370.533,43.783,48.185,69.88,48.792,354.13,109196.1
EV000316,2026-05-25T12:00:00Z,367.026,26.883,26.967,20.27,53.936,437.16,8556.3
EV000312,2026-05-25T18:00:00Z,365.079,36.481,30.55,74.37,52.547,424.99,21308.7
EV000202,2026-05-26T00:00:00Z,362.57,75.378,40.561,56.37,51.095,412.19,23700.9
EV000418,2026-05-26T06:00:00Z,357.313,44.634,25.814,50.57,37.655,294.28,122483.0
EV000073,2026-05-26T12:00:00Z,366.169,18.109,29.738,27.22,41.622,324.07,41426.8
EV000431,2026-05-26T18:00:00Z,367.072,47.389,53.077,86.27,51.697,440.0,61804.0
EV000495,2026-05-27T00:00:00Z,365.181,41.08,29.723,50.11,52.883,420.01,38253.4
EV000162,2026-05-27T06:00:00Z,360.199,42.381,32.9,16.45,52.145,418.95,58790.3
EV000317,2026-05-27T12:00:00Z,382.949,62.582,30.477,55.74,53.254,440.96,44355.9
EV000047,2026-05-27T18:00:00Z,373.185,19.846,29.413,56.13,39.035,292.4,25227.5
EV000091,2026-05-28T00:00:00Z,358.574,57.552,30.341,57.92,49.229,388.51,72229.7
EV000481,2026-05-28T06:00:00Z,369.838,53.713,26.356,79.77,47.242,382.98,103192.1
EV000260,2026-05-28T12:00:00Z,362.929,35.572,22.137,23.98,35.649,291.75,138644.1
EV000370,2026-05-28T18:00:00Z,371.582,37.612,34.384,19.2,52.082,423.73,24865.3
EV000270,2026-05-29T00:00:00Z,361.992,40.448,25.577,39.5,41.378,335.66,48231.2
EV000437,2026-05-29T06:00:00Z,362.152,37.987,33.177,18.3,39.954,313.21,42027.1
EV000154,2026-05-29T12:00:00Z,365.844,51.893,27.837,48.17,48.553,400.1,122879.3
EV000005,2026-05-29T18:00:00Z,361.453,47.696,27.65,93.76,53.1,436.54,35895.2
EV000356,2026-05-30T00:00:00Z,364.807,23.337,42.541,18.08,50.758,396.61,47898.8
EV000388,2026-05-30T06:00:00Z,357.102,38.174,26.092,43.89,49.73,403.98,75238.6
EV000413,2026-05-30T12:00:00Z,373.334,33.527,25.324,23.75,55.807,459.82,18796.0
EV000388,2026-05-30T18:00:00Z,357.125,38.597,31.043,16.22,47.866,386.5,139083.4
EV000033,2026-05-31T00:00:00Z,365.497,52.777,30.732,23.88,40.82,328.46,57136.3
EV000372,2026-05-31T06:00:00Z,368.947,53.613,25.45,67.8,49.673,380.16,84829.7
EV000338,2026-05-31T12:00:00Z,358.602,35.385,33.05,49.04,41.126,354.58,45857.2
EV000498,2026-05-31T18:00:00Z,371.142,38.179,28.763,46.12,53.503,429.25,14518.6
EV000192,2026-06-01T00:00:00Z,357.201,28.758,28.621,79.11,37.494,296.66,90795.7
EV000464,2026-06-01T06:00:00Z,372.979,25.477,25.136,29.53,38.072,316.91,92811.4
EV000254,2026-06-01T12:00:00Z,371.727,38.902,30.618,30.15,49.153,395.0,115791.6
EV000445,2026-06-01T18:00:00Z,373.346,27.224,31.505,57.98,51.138,417.59,53091.3
EV000232,2026-06-02T00:00:00Z,361.01,42.638,31.534,34.97,50.257,408.93,88131.3
EV000182,2026-06-02T06:00:00Z,358.092,53.492,40.845,23.52,47.588,377.88,106627.4
EV000363,2026-06-02T12:00:00Z,355.602,32.289,31.568,59.88,34.444,277.34,102180.7
EV000088,2026-06-02T18:00:00Z,363.168,63.308,51.099,77.97,45.392,356.78,124358.8
EV000281,2026-06-03T00:00:00Z,357.495,37.202,28.713,94.02,41.33,328.7,20180.2
EV000224,2026-06-03T06:00:00Z,389.07,45.947,32.357,89.33,38.707,314.32,94683.5
EV000376,2026-06-03T12:00:00Z,370.897,63.835,24.56,93.09,54.439,432.45,18547.2
EV000008,2026-06-03T18:00:00Z,364.522,65.41,27.91,30.31,49.735,398.32,77624.9
EV000421,2026-06-04T00:00:00Z,370.976,36.965,29.638,16.87,53.504,432.66,17592.2
EV000305,2026-06-04T06:00:00Z,366.815,38.36,33.696,57.6,52.571,441.46,53397.1
EV000365,2026-06-04T12:00:00Z,357.531,38.582,28.706,62.23,48.253,380.32,85836.3
EV000165,2026-06-04T18:00:00Z,364.131,72.601,25.959,82.78,50.418,402.24,64342.7
EV000114,2026-06-05T00:00:00Z,377.288,36.744,24.566,56.9,53.564,442.38,12741.5
EV000003,2026-06-05T06:00:00Z,366.263,59.847,27.231,90.68,36.787,280.18,64864.2
EV000463,2026-06-05T12:00:00Z,364.792,35.971,30.498,27.42,49.434,390.24,110285.9
EV000472,2026-06-05T18:00:00Z,356.163,38.643,48.988,71.87,55.542,438.44,15560.2
EV000051,2026-06-06T00:00:00Z,346.118,33.847,44.523,90.91,49.499,374.52,97495.6
EV000211,2026-06-06T06:00:00Z,368.923,30.906,25.433,26.74,52.882,423.24,52588.3
EV000453,2026-06-06T12:00:00Z,357.758,22.481,35.675,36.07,55.161,441.29,14714.8
EV000431,2026-06-06T18:00:00Z,359.047,63.76,48.447,39.57,51.753,445.17,73406.9
EV000279,2026-06-07T00:00:00Z,359.209,37.149,28.563,67.49,53.877,436.76,16072.8
EV000276,2026-06-07T06:00:00Z,370.011,63.946,28.773,77.71,36.712,309.44,111256.9
EV000047,2026-06-07T12:00:00Z,384.135,33.745,31.461,25.37,38.204,296.19,35219.5
EV000191,2026-06-07T18:00:00Z,369.665,41.869,26.038,41.16,51.371,408.84,73997.5
EV000086,2026-06-08T00:00:00Z,365.82,26.575,45.042,91.03,51.404,414.88,40766.0
EV000109,2026-06-08T06:00:00Z,362.809,41.647,44.678,93.12,46.256,366.94,97887.3
EV000111,2026-06-08T12:00:00Z,368.821,57.496,41.66,91.2,52.534,423.16,23172.6
EV000360,2026-06-08T18:00:00Z,369.839,54.744,25.341,39.47,35.811,293.6,132806.2
EV000082,2026-06-09T00:00:00Z,365.829,44.73,45.102,77.19,53.588,436.45,25536.0
EV000099,2026-06-09T06:00:00Z,364.949,47.902,30.324,52.11,48.895,384.19,90695.0
EV000139,2026-06-09T12:00:00Z,365.916,23.725,26.933,47.78,51.554,425.92,51669.4
EV000468,2026-06-09T18:00:00Z,371.278,40.295,46.174,27.13,46.253,352.26,81581.6
EV000249,2026-06-10T00:00:00Z,352.44,48.941,30.52,58.88,49.737,392.96,117859.2
EV000417,2026-06-10T06:00:00Z,366.165,61.397,31.833,57.29,37.306,302.04,26953.0
EV000281,2026-06-10T12:00:00Z,363.278,52.719,30.484,38.32,41.604,332.52,8945.0
EV000274,2026-06-10T18:00:00Z,368.485,22.051,31.26,30.27,37.267,298.12,134432.2
EV000117,2026-06-11T00:00:00Z,359.936,44.522,30.261,69.46,54.327,436.84,5627.1
EV000365,2026-06-11T06:00:00Z,365.434,16.71,29.113,35.38,47.484,370.8,101052.5
EV000474,2026-06-11T12:00:00Z,363.822,46.113,28.184,89.32,50.012,396.96,82350.8
EV000116,2026-06-11T18:00:00Z,368.677,43.429,25.217,30.86,47.372,390.29,105492.0
EV000059,2026-06-12T00:00:00Z,372.738,35.158,31.018,55.97,54.703,432.29,23367.5
EV000247,2026-06-12T06:00:00Z,368.51,22.721,27.302,64.85,35.503,283.93,117229.6
EV000463,2026-06-12T12:00:00Z,366.962,51.06,25.818,92.39,48.18,397.58,113288.7
EV000372,2026-06-12T18:00:00Z,351.262,22.846,29.766,59.96,51.166,428.9,62131.3
EV000472,2026-06-13T00:00:00Z,351.128,55.184,45.89,89.61,50.885,407.43,26645.0
EV000133,2026-06-13T06:00:00Z,360.16,48.317,34.793,24.63,40.21,342.42,21939.6
EV000282,2026-06-13T12:00:00Z,358.672,32.635,28.332,74.22,54.026,448.0,9263.5
EV000198,2026-06-13T18:00:00Z,347.264,12.089,31.822,59.46,50.599,402.18,30747.9
EV000331,2026-06-14T00:00:00Z,364.107,53.486,31.627,71.95,47.135,382.28,129003.2
EV000473,2026-06-14T06:00:00Z,354.553,40.339,26.778,89.08,46.28,367.3,97479.6
EV000377,2026-06-14T12:00:00Z,364.827,35.221,31.683,58.5,49.648,376.99,68809.0
EV000220,2026-06-14T18:00:00Z,351.053,51.564,26.151,39.81,49.37,418.36,53432.2
EV000058,2026-06-15T00:00:00Z,373.719,30.099,27.777,15.41,50.333,416.08,14212.4
EV000060,2026-06-15T06:00:00Z,364.098,44.088,27.27,54.31,38.921,321.04,100543.9
EV000203,2026-06-15T12:00:00Z,373.143,70.165,29.426,82.38,48.248,384.6,63732.6
EV000171,2026-06-15T18:00:00Z,388.043,36.975,24.181,36.26,49.183,413.43,61417.2
EV000447,2026-06-16T00:00:00Z,378.54,62.013,34.554,32.12,40.485,342.16,47241.3
EV000110,2026-06-16T06:00:00Z,364.987,38.004,30.484,19.51,50.135,398.31,105579.3
EV000041,2026-06-16T12:00:00Z,373.335,52.182,39.511,18.13,50.659,398.9,44483.1
EV000001,2026-06-16T18:00:00Z,366.82,28.793,30.825,48.04,53.441,426.72,46095.5
EV000437,2026-06-17T00:00:00Z,366.525,60.078,33.113,90.44,38.068,303.49,53900.4
EV000481,2026-06-17T06:00:00Z,356.904,24.982,28.393,68.34,54.72,427.54,18808.9
EV000114,2026-06-17T12:00:00Z,353.774,75.283,28.907,24.67,47.987,387.45,128772.7
EV000207,2026-06-17T18:00:00Z,351.235,54.55,28.912,32.93,47.217,375.86,104287.6
EV000137,2026-06-18T00:00:00Z,382.728,46.198,43.359,49.12,47.896,389.89,116518.2
EV000227,2026-06-18T06:00:00Z,370.996,40.796,30.582,85.8,40.715,315.9,18929.8
EV000013,2026-06-18T12:00:00Z,361.132,23.108,42.589,88.17,47.866,370.85,84106.6
EV000019,2026-06-18T18:00:00Z,367.511,55.193,27.157,51.21,53.151,430.43,6855.2
EV000185,2026-06-19T00:00:00Z,373.415,41.749,27.868,94.56,53.578,440.78,14259.9
EV000181,2026-06-19T06:00:00Z,367.903,38.217,51.626,36.51,53.672,411.82,16948.9
EV000010,2026-06-19T12:00:00Z,373.904,27.228,29.211,45.36,47.464,392.35,68167.7
EV000047,2026-06-19T18:00:00Z,354.919,60.778,29.599,93.59,35.325,300.57,117133.3
EV000386,2026-06-20T00:00:00Z,363.063,19.392,25.237,72.95,48.822,394.62,95556.7
EV000031,2026-06-20T06:00:00Z,362.351,25.609,27.955,93.49,54.79,431.66,54142.7
EV000063,2026-06-20T12:00:00Z,366.82,64.917,27.162,84.15,39.575,317.59,80875.3
EV000280,2026-06-20T18:00:00Z,366.978,-4.919,25.363,21.85,47.113,383.55,127694.8
EV000409,2026-06-21T00:00:00Z,361.921,30.83,31.577,71.03,52.393,408.42,31496.1
EV000451,2026-06-21T06:00:00Z,376.876,49.645,26.718,34.11,49.87,412.58,49171.8
EV000214,2026-06-21T12:00:00Z,371.813,50.985,32.065,26.46,45.232,377.02,124491.2
EV000127,2026-06-21T18:00:00Z,361.718,11.532,47.119,84.01,52.944,432.7,49849.6
EV000364,2026-06-22T00:00:00Z,357.054,46.466,24.243,73.92,41.665,344.15,46849.4
EV000266,2026-06-22T06:00:00Z,379.315,40.622,25.377,51.25,55.257,464.82,37194.4
EV000085,2026-06-22T12:00:00Z,377.369,51.882,28.116,17.24,49.451,384.76,76160.6
EV000213,2026-06-22T18:00:00Z,347.267,62.663,28.167,58.32,50.405,380.21,102080.8
EV000245,2026-06-23T00:00:00Z,360.847,32.116,28.976,80.59,53.47,431.54,18506.7
EV000316,2026-06-23T06:00:00Z,361.679,47.143,27.864,94.62,53.29,425.78,10776.2
EV000136,2026-06-23T12:00:00Z,358.129,69.084,49.808,23.45,48.936,394.12,118441.6
EV000460,2026-06-23T18:00:00Z,354.922,32.247,28.039,73.16,48.057,364.93,107515.9
EV000386,2026-06-24T00:00:00Z,361.673,58.011,27.815,82.05,52.401,425.28,25291.1
EV000078,2026-06-24T06:00:00Z,379.482,64.413,33.611,72.54,49.122,384.12,131138.9
EV000135,2026-06-24T12:00:00Z,361.314,32.682,35.021,54.01,51.313,411.23,42526.4
EV000302,2026-06-24T18:00:00Z,369.828,49.609,31.693,15.68,53.585,416.82,45163.9
EV000408,2026-06-25T00:00:00Z,352.305,38.344,30.392,18.14,39.349,312.66,98573.5
EV000438,2026-06-25T06:00:00Z,376.323,43.031,32.774,67.05,47.447,382.37,128311.7
EV000276,2026-06-25T12:00:00Z,353.859,74.715,30.163,79.86,37.065,313.0,84455.2
EV000297,2026-06-25T18:00:00Z,370.034,48.146,25.836,30.97,47.084,373.61,102184.8
EV000160,2026-06-26T00:00:00Z,366.756,33.561,31.484,36.02,36.276,304.57,76409.5
EV000164,2026-06-26T06:00:00Z,355.533,55.881,30.775,64.31,40.798,334.78,68505.6
EV000143,2026-06-26T12:00:00Z,377.142,47.757,28.325,73.81,46.064,363.47,128542.5
EV000033,2026-06-26T18:00:00Z,363.047,74.267,27.984,82.03,40.015,288.68,36294.0
EV000314,2026-06-27T00:00:00Z,361.769,48.623,24.935,23.64,46.92,368.68,133721.9
EV000270,2026-06-27T06:00:00Z,376.265,39.888,32.037,32.36,39.992,313.97,57496.5
EV000198,2026-06-27T12:00:00Z,364.087,31.459,23.024,47.12,46.446,380.02,118317.0
EV000259,2026-06-27T18:00:00Z,354.354,23.817,25.935,61.33,47.361,382.48,118475.5
EV000297,2026-06-28T00:00:00Z,368.236,19.429,22.525,33.81,50.197,398.15,87501.6
EV000197,2026-06-28T06:00:00Z,367.598,43.75,30.643,27.61,57.421,458.83,13194.9
EV000249,2026-06-28T12:00:00Z,368.198,43.841,34.028,41.11,46.471,359.55,123635.6
EV000171,2026-06-28T18:00:00Z,377.913,37.285,29.64,78.91,49.901,386.47,84532.2
EV000475,2026-06-29T00:00:00Z,366.143,38.776,31.036,30.76,54.362,459.87,7265.0
EV000041,2026-06-29T06:00:00Z,369.347,54.296,42.345,81.78,54.777,439.84,21520.8
EV000132,2026-06-29T12:00:00Z,366.665,55.132,51.988,57.49,49.25,391.47,128130.2
EV000175,2026-06-29T18:00:00Z,380.995,45.672,29.0,91.86,45.458,349.05,137763.9
EV000423,2026-06-30T00:00:00Z,362.58,44.301,49.144,47.77,50.985,380.38,24062.1
EV000281,2026-06-30T06:00:00Z,360.592,43.379,35.901,57.32,37.815,295.09,118039.1
EV000033,2026-06-30T12:00:00Z,369.262,23.175,25.176,40.15,43.518,351.02,33873.7
EV000478,2026-06-30T18:00:00Z,363.8,44.389,25.114,18.36,47.127,384.97,129411.3
EV000173,2026-07-01T00:00:00Z,377.401,23.752,35.652,27.19,39.6,324.81,47232.3
EV000420,2026-07-01T06:00:00Z,378.564,44.815,28.487,47.77,34.458,270.35,114358.7
EV000132,2026-07-01T12:00:00Z,372.602,30.547,46.546,45.98,52.114,427.08,29991.6
EV000168,2026-07-01T18:00:00Z,357.731,42.324,26.722,93.13,46.416,361.73,127424.5
EV000438,2026-07-02T00:00:00Z,354.639,38.343,30.85,19.93,47.551,382.98,88020.4
EV000426,2026-07-02T06:00:00Z,371.18,16.609,25.568,73.03,50.793,385.92,44426.9
EV000010,2026-07-02T12:00:00Z,365.279,47.565,32.574,64.94,47.274,377.93,84706.6
EV000215,2026-07-02T18:00:00Z,366.272,51.293,29.74,65.66,44.144,359.77,138472.2
EV000214,2026-07-03T00:00:00Z,363.563,42.372,27.383,63.79,50.609,393.52,55104.4
EV000155,2026-07-03T06:00:00Z,370.913,37.587,46.273,15.23,47.035,380.67,120465.6
EV000272,2026-07-03T12:00:00Z,366.059,33.6,28.997,16.29,50.915,428.89,87488.8
EV000238,2026-07-03T18:00:00Z,360.411,36.223,49.078,61.44,54.806,431.44,7071.5
EV000250,2026-07-04T00:00:00Z,369.981,51.439,28.212,38.8,51.186,389.21,83501.4
EV000171,2026-07-04T06:00:00Z,358.697,34.422,30.505,53.61,48.626,382.06,104479.6
EV000166,2026-07-04T12:00:00Z,362.488,48.881,31.058,55.83,50.601,422.0,83216.6
EV000153,2026-07-04T18:00:00Z,357.009,29.113,31.028,63.4,36.902,290.2,122718.4
EV000423,2026-07-05T00:00:00Z,363.123,48.854,45.448,79.57,52.113,425.98,54641.4
EV000407,2026-07-05T06:00:00Z,357.336,48.412,28.615,41.02,46.66,379.65,100099.7
EV000201,2026-07-05T12:00:00Z,356.382,54.354,24.847,45.63,36.983,278.61,131182.9
EV000288,2026-07-05T18:00:00Z,361.619,69.932,28.646,31.29,53.01,429.66,34892.1
EV000275,2026-07-06T00:00:00Z,362.47,42.12,27.428,65.48,51.657,409.56,22791.3
EV000487,2026-07-06T06:00:00Z,365.177,79.814,30.53,92.2,48.208,385.66,81662.8
EV000003,2026-07-06T12:00:00Z,356.212,20.111,28.183,74.6,37.121,310.79,119617.4
EV000329,2026-07-06T18:00:00Z,366.352,11.106,24.207,70.51,53.475,430.3,33744.4
EV000257,2026-07-07T00:00:00Z,371.468,41.104,26.022,86.84,47.202,361.76,131069.8
EV000486,2026-07-07T06:00:00Z,356.002,58.742,23.836,20.84,46.703,360.86,98864.6
EV000338,2026-07-07T12:00:00Z,349.668,43.326,28.593,60.99,37.726,306.29,99510.2
EV000264,2026-07-07T18:00:00Z,363.019,72.611,29.316,56.51,39.142,300.55,124012.8
EV000145,2026-07-08T00:00:00Z,365.518,57.23,29.336,57.66,47.491,359.99,134738.0
EV000286,2026-07-08T06:00:00Z,358.933,33.231,24.982,91.17,55.427,444.23,30487.7
EV000440,2026-07-08T12:00:00Z,361.229,30.334,27.949,35.6,45.472,374.44,123820.3
EV000496,2026-07-08T18:00:00Z,372.217,63.092,31.522,67.1,34.242,268.19,86413.9
EV000086,2026-07-09T00:00:00Z,359.306,42.701,41.445,18.58,44.312,340.26,134015.0
EV000435,2026-07-09T06:00:00Z,364.606,30.193,29.831,24.25,55.513,441.32,15123.5
EV000026,2026-07-09T12:00:00Z,377.339,31.668,29.717,18.67,50.185,421.27,118733.5
EV000150,2026-07-09T18:00:00Z,365.784,26.594,26.668,67.57,51.116,401.96,37575.8
EV000463,2026-07-10T00:00:00Z,371.707,20.923,30.193,66.37,52.878,430.57,26982.9
EV000190,2026-07-10T06:00:00Z,368.616,56.161,32.085,59.56,47.035,381.56,133722.0
EV000470,2026-07-10T12:00:00Z,353.352,45.243,22.289,86.47,54.005,434.39,5138.4
EV000384,2026-07-10T18:00:00Z,360.63,55.047,26.452,29.69,50.096,405.5,81377.3
EV000221,2026-07-11T00:00:00Z,371.814,41.929,31.183,43.79,48.289,397.77,111803.7
EV000267,2026-07-11T06:00:00Z,364.061,54.026,32.599,29.82,40.691,332.06,44851.5
EV000354,2026-07-11T12:00:00Z,362.337,25.777,24.072,53.61,51.482,423.13,41117.7
EV000020,2026-07-11T18:00:00Z,357.343,47.513,30.192,31.33,52.969,448.96,54434.2
EV000085,2026-07-12T00:00:00Z,357.171,39.373,28.307,37.33,51.436,405.88,80090.5
EV000492,2026-07-12T06:00:00Z,370.217,24.529,30.564,93.01,36.516,306.32,97725.8
EV000190,2026-07-12T12:00:00Z,365.879,37.242,29.513,39.83,53.855,432.79,25531.4
EV000258,2026-07-12T18:00:00Z,381.159,39.204,29.827,57.22,52.484,418.63,56949.1
EV000284,2026-07-13T00:00:00Z,358.113,8.912,47.487,33.27,51.384,414.07,60743.3
EV000111,2026-07-13T06:00:00Z,363.839,62.817,47.124,78.88,47.737,391.02,114554.2
EV000196,2026-07-13T12:00:00Z,364.615,56.49,33.243,19.92,36.96,306.78,129330.3
EV000347,2026-07-13T18:00:00Z,372.855,39.876,28.944,36.29,36.188,284.14,114618.9
EV000025,2026-07-14T00:00:00Z,364.547,31.92,28.096,44.43,50.189,402.78,67226.7
EV000406,2026-07-14T06:00:00Z,350.159,58.479,47.382,32.31,49.824,407.16,115712.5
EV000347,2026-07-14T12:00:00Z,377.515,57.263,34.988,66.74,40.819,348.63,47801.5
EV000174,2026-07-14T18:00:00Z,357.003,26.077,28.035,65.99,47.947,358.04,118986.5
EV000033,2026-07-15T00:00:00Z,363.624,22.116,31.685,41.93,37.547,311.2,66410.3
EV000356,2026-07-15T06:00:00Z,357.382,60.093,47.349,61.26,50.48,398.74,71683.1
EV000404,2026-07-15T12:00:00Z,353.82,51.027,30.797,25.56,55.021,441.6,25799.7
EV000133,2026-07-15T18:00:00Z,370.572,54.275,25.092,67.09,43.034,334.33,34019.5
EV000356,2026-07-16T00:00:00Z,370.4,23.098,45.097,50.63,50.135,419.61,88438.5
EV000400,2026-07-16T06:00:00Z,360.265,39.642,48.426,44.39,48.018,384.02,84188.8
EV000340,2026-07-16T12:00:00Z,349.419,65.853,29.616,73.47,54.378,440.79,65558.7
EV000236,2026-07-16T18:00:00Z,367.488,46.204,35.275,29.54,48.712,396.14,108755.4
EV000160,2026-07-17T00:00:00Z,356.364,36.996,28.306,58.08,35.84,287.43,139472.7
EV000152,2026-07-17T06:00:00Z,355.118,46.938,25.333,84.82,47.45,384.94,92000.4
EV000483,2026-07-17T12:00:00Z,377.941,39.655,30.877,81.91,52.223,415.8,36359.5
EV000007,2026-07-17T18:00:00Z,364.684,58.261,25.567,81.66,50.373,404.81,81475.4
EV000499,2026-07-18T00:00:00Z,371.806,1.368,30.947,73.88,50.516,391.01,42682.8
EV000171,2026-07-18T06:00:00Z,368.129,59.076,29.653,16.21,48.303,387.17,111708.0
EV000303,2026-07-18T12:00:00Z,359.984,59.399,26.588,64.98,51.785,430.07,28662.6
EV000039,2026-07-18T18:00:00Z,369.435,40.463,29.426,20.08,53.375,416.31,71842.5
EV000033,2026-07-19T00:00:00Z,374.69,33.762,26.011,90.94,37.513,316.96,73816.4
EV000191,2026-07-19T06:00:00Z,366.52,62.394,33.768,23.95,50.838,412.75,76454.6
EV000190,2026-07-19T12:00:00Z,351.93,45.597,25.466,32.97,50.508,392.4,104028.0
EV000287,2026-07-19T18:00:00Z,359.673,42.674,30.0,51.09,40.261,319.34,33970.8
EV000312,2026-07-20T00:00:00Z,366.624,29.665,28.04,94.82,48.192,367.8,87953.8
EV000351,2026-07-20T06:00:00Z,370.289,4.377,28.355,87.3,50.767,408.42,52100.9
EV000266,2026-07-20T12:00:00Z,372.28,21.23,24.858,84.7,49.772,395.76,113915.0
EV000195,2026-07-20T18:00:00Z,368.951,22.517,45.32,92.83,48.907,387.69,91830.4
EV000313,2026-07-21T00:00:00Z,368.173,37.407,27.746,42.08,35.757,302.56,136641.4
EV000300,2026-07-21T06:00:00Z,368.595,36.791,47.934,50.63,54.314,445.15,41890.5
EV000313,2026-07-21T12:00:00Z,354.951,18.501,32.051,92.08,43.083,345.83,11452.2
EV000246,2026-07-21T18:00:00Z,362.863,36.389,29.08,52.4,47.966,388.68,92082.5
EV000188,2026-07-22T00:00:00Z,355.598,50.42,24.383,16.41,49.848,385.52,37732.5
EV000384,2026-07-22T06:00:00Z,365.777,35.186,25.226,87.49,51.915,418.76,39945.8
EV000135,2026-07-22T12:00:00Z,364.836,40.422,25.201,79.18,47.373,382.16,130532.8
EV000294,2026-07-22T18:00:00Z,369.467,50.93,30.135,87.07,54.172,443.47,25263.0
EV000285,2026-07-23T00:00:00Z,381.662,50.696,30.216,68.53,47.141,372.71,81733.0
EV000219,2026-07-23T06:00:00Z,362.316,40.202,26.783,23.62,39.718,316.3,28407.9
EV000240,2026-07-23T12:00:00Z,360.904,14.787,29.43,75.41,49.58,402.05,81013.6
EV000320,2026-07-23T18:00:00Z,362.385,52.449,27.587,80.78,56.548,462.32,14401.7
EV000237,2026-07-24T00:00:00Z,373.219,37.212,29.24,91.66,46.809,361.48,118344.8
EV000146,2026-07-24T06:00:00Z,351.584,26.709,28.68,62.59,50.103,423.82,104182.9
EV000101,2026-07-24T12:00:00Z,352.976,36.342,31.15,93.3,40.86,332.95,78300.2
EV000455,2026-07-24T18:00:00Z,361.866,41.977,29.263,37.24,49.876,378.8,92908.8
EV000438,2026-07-25T00:00:00Z,358.889,37.501,29.535,60.56,48.651,397.1,133437.8
EV000452,2026-07-25T06:00:00Z,360.246,33.886,24.636,85.53,51.817,410.43,7445.9
EV000058,2026-07-25T12:00:00Z,368.98,27.7,26.416,27.4,53.091,406.78,78930.7
EV000117,2026-07-25T18:00:00Z,377.825,21.341,28.222,80.6,51.911,429.85,29424.7
EV000123,2026-07-26T00:00:00Z,373.871,55.9,24.29,83.85,53.358,421.8,23071.9
EV000354,2026-07-26T06:00:00Z,363.802,51.986,29.729,17.74,49.564,414.82,95654.6
EV000433,2026-07-26T12:00:00Z,351.811,47.185,36.961,59.35,56.245,450.24,31645.4
EV000066,2026-07-26T18:00:00Z,370.401,44.137,29.161,58.65,57.401,477.47,12844.0
EV000342,2026-07-27T00:00:00Z,373.257,37.048,29.979,24.77,47.987,394.55,120490.2
EV000319,2026-07-27T06:00:00Z,363.63,44.623,31.921,68.53,52.684,403.4,48071.3
EV000271,2026-07-27T12:00:00Z,364.818,33.286,31.613,69.78,51.976,420.02,57555.0
EV000499,2026-07-27T18:00:00Z,361.843,31.777,33.12,22.59,48.164,371.81,132875.6
EV000095,2026-07-28T00:00:00Z,365.088,36.468,47.725,33.63,47.809,389.97,115950.7
EV000334,2026-07-28T06:00:00Z,375.919,61.291,45.83,40.77,51.842,435.39,37180.8
EV000082,2026-07-28T12:00:00Z,376.531,40.75,46.304,34.19,48.396,402.06,86519.6
EV000264,2026-07-28T18:00:00Z,371.609,29.068,28.539,89.21,37.917,301.25,85359.7
EV000213,2026-07-29T00:00:00Z,383.42,45.757,27.763,62.9,45.422,348.67,128561.3
EV000173,2026-07-29T06:00:00Z,368.948,17.61,34.795,91.95,34.059,288.93,112198.5
EV000315,2026-07-29T12:00:00Z,365.066,46.973,30.202,91.48,49.448,402.63,68595.2
EV000496,2026-07-29T18:00:00Z,377.883,31.863,30.246,20.89,36.566,282.32,129550.2
EV000334,2026-07-30T00:00:00Z,358.666,34.692,44.865,79.35,52.113,413.06,64119.0
EV000189,2026-07-30T06:00:00Z,370.473,28.915,50.104,72.01,53.384,421.05,49750.2
EV000451,2026-07-30T12:00:00Z,363.29,22.32,30.426,42.56,49.507,409.69,63816.6
EV000192,2026-07-30T18:00:00Z,372.814,49.618,25.025,50.67,42.282,330.14,34274.7
EV000321,2026-07-31T00:00:00Z,376.126,38.701,33.814,30.06,51.025,404.79,71482.9
EV000250,2026-07-31T06:00:00Z,360.585,60.315,25.733,91.7,46.253,372.03,94450.7
EV000091,2026-07-31T12:00:00Z,364.949,22.898,23.786,16.85,55.456,464.14,19995.1
EV000380,2026-07-31T18:00:00Z,347.259,42.557,45.976,56.57,46.531,387.49,139352.0
EV000483,2026-08-01T00:00:00Z,364.015,38.97,28.792,80.75,56.794,450.34,7376.2
EV000054,2026-08-01T06:00:00Z,358.036,45.824,29.677,42.85,40.593,333.97,34759.8
EV000494,2026-08-01T12:00:00Z,364.248,35.427,45.172,49.95,54.093,426.94,10343.5
EV000135,2026-08-01T18:00:00Z,374.504,58.896,30.295,50.44,47.169,363.46,139597.2
EV000267,2026-08-02T00:00:00Z,363.72,32.011,30.935,49.12,36.117,313.33,106829.1
EV000290,2026-08-02T06:00:00Z,354.099,13.561,34.047,64.0,39.489,330.43,29459.6
EV000162,2026-08-02T12:00:00Z,353.882,54.441,34.982,25.25,50.314,404.17,71321.0
EV000094,2026-08-02T18:00:00Z,361.42,55.916,23.936,15.43,38.143,307.46,83832.9
EV000410,2026-08-03T00:00:00Z,368.236,42.743,25.504,43.78,38.487,320.34,128329.8
EV000264,2026-08-03T06:00:00Z,365.47,21.303,34.072,62.16,43.003,339.14,29829.6
EV000021,2026-08-03T12:00:00Z,365.344,62.307,27.209,26.86,38.067,297.42,79813.3
EV000324,2026-08-03T18:00:00Z,369.296,20.544,50.504,87.69,47.745,396.77,75748.0
EV000243,2026-08-04T00:00:00Z,367.272,44.503,29.452,84.86,50.811,387.03,55477.2
EV000120,2026-08-04T06:00:00Z,362.404,50.425,28.869,50.78,37.472,299.39,78915.1
EV000464,2026-08-04T12:00:00Z,363.995,45.199,28.389,20.3,33.33,281.25,129466.9
EV000137,2026-08-04T18:00:00Z,359.482,52.379,46.901,47.24,48.959,363.12,99410.9
EV000264,2026-08-05T00:00:00Z,358.128,42.693,29.962,23.24,37.078,305.99,76280.3
EV000325,2026-08-05T06:00:00Z,367.638,50.921,27.231,28.55,39.763,315.52,31859.1
EV000207,2026-08-05T12:00:00Z,366.642,44.566,31.131,51.73,52.261,410.63,34653.8
EV000216,2026-08-05T18:00:00Z,363.883,51.396,26.034,87.93,47.215,374.5,83270.2
EV000005,2026-08-06T00:00:00Z,361.442,7.969,25.739,53.62,51.178,414.44,72852.0
EV000188,2026-08-06T06:00:00Z,368.639,27.102,28.017,24.81,48.58,367.35,123480.6
EV000445,2026-08-06T12:00:00Z,361.99,48.531,30.132,19.3,48.901,393.95,93191.7
EV000465,2026-08-06T18:00:00Z,369.978,57.933,35.34,61.97,53.761,411.46,45968.7
EV000329,2026-08-07T00:00:00Z,340.541,44.2,33.362,42.39,48.198,376.71,114652.4
EV000313,2026-08-07T06:00:00Z,378.632,53.986,28.03,45.61,39.49,307.04,52003.3
EV000489,2026-08-07T12:00:00Z,356.982,52.819,27.888,29.98,49.865,407.36,67871.1
EV000111,2026-08-07T18:00:00Z,355.636,36.424,44.984,60.76,56.207,463.46,30917.8
EV000319,2026-08-08T00:00:00Z,349.544,62.613,25.804,64.07,49.625,399.87,56432.3
EV000110,2026-08-08T06:00:00Z,368.901,52.325,25.034,80.03,50.936,390.78,15054.9
EV000256,2026-08-08T12:00:00Z,365.519,34.182,28.827,85.31,34.1,291.8,135150.4
EV000297,2026-08-08T18:00:00Z,347.885,32.804,31.058,15.76,52.862,426.64,48159.8
EV000006,2026-08-09T00:00:00Z,364.716,25.372,33.143,31.77,39.102,327.87,56632.7
EV000286,2026-08-09T06:00:00Z,360.887,40.664,26.334,15.46,49.795,384.89,76178.5
EV000374,2026-08-09T12:00:00Z,351.898,36.988,26.09,92.5,39.336,313.7,34786.3
EV000088,2026-08-09T18:00:00Z,366.295,46.572,43.0,28.82,48.938,365.67,69937.8
EV000439,2026-08-10T00:00:00Z,358.17,67.842,30.241,26.02,46.242,381.91,139578.5
EV000052,2026-08-10T06:00:00Z,362.395,19.06,31.257,36.37,46.067,360.64,81138.9
EV000460,2026-08-10T12:00:00Z,352.442,42.629,23.83,35.02,47.291,394.9,67150.1
EV000147,2026-08-10T18:00:00Z,357.048,27.17,32.582,62.38,54.428,429.11,16936.2
EV000157,2026-08-11T00:00:00Z,371.3,30.235,30.518,68.8,42.323,320.14,29782.8
EV000455,2026-08-11T06:00:00Z,375.724,42.009,27.71,79.68,53.87,438.99,15016.2
EV000158,2026-08-11T12:00:00Z,353.473,52.453,32.381,36.54,55.393,455.18,43970.6
EV000396,2026-08-11T18:00:00Z,356.509,64.734,46.367,81.77,51.202,386.74,59273.0
EV000275,2026-08-12T00:00:00Z,371.229,44.721,34.486,62.83,49.342,382.87,100435.4
EV000450,2026-08-12T06:00:00Z,363.474,44.679,48.304,53.83,48.553,386.47,123957.6
EV000120,2026-08-12T12:00:00Z,360.225,47.512,28.385,15.39,36.607,292.57,68156.5
EV000332,2026-08-12T18:00:00Z,359.063,34.652,30.909,28.33,50.076,399.37,69103.9
EV000142,2026-08-13T00:00:00Z,365.69,50.621,30.824,50.72,52.575,419.9,27891.9
EV000406,2026-08-13T06:00:00Z,370.631,57.578,45.463,44.54,47.104,371.34,132188.4
EV000233,2026-08-13T12:00:00Z,374.478,45.942,25.804,62.23,49.204,397.48,53513.9
EV000489,2026-08-13T18:00:00Z,376.741,39.194,29.396,29.67,52.727,415.35,36387.7
EV000407,2026-08-14T00:00:00Z,351.188,41.845,30.233,80.46,52.812,428.33,24793.0
EV000396,2026-08-14T06:00:00Z,357.271,48.82,43.289,43.45,49.822,395.17,99552.7
EV000115,2026-08-14T12:00:00Z,365.446,29.936,33.035,61.57,50.537,427.12,76217.5
EV000129,2026-08-14T18:00:00Z,372.492,32.52,24.726,30.76,41.275,336.61,38974.9
EV000019,2026-08-15T00:00:00Z,364.224,33.628,28.322,56.83,54.265,425.73,82939.6
EV000030,2026-08-15T06:00:00Z,363.794,33.434,29.171,64.61,55.23,462.61,36600.0
EV000020,2026-08-15T12:00:00Z,377.038,44.096,27.951,69.36,47.78,380.77,123637.0
EV000396,2026-08-15T18:00:00Z,379.045,49.376,47.655,44.09,54.686,413.65,22561.3
EV000387,2026-08-16T00:00:00Z,353.431,45.29,29.836,52.52,50.632,407.43,66353.1
EV000475,2026-08-16T06:00:00Z,378.647,38.117,28.995,90.37,48.475,397.21,115623.9
EV000016,2026-08-16T12:00:00Z,349.037,38.177,24.462,24.73,52.284,428.86,31964.6
EV000161,2026-08-16T18:00:00Z,361.019,31.313,26.694,47.39,38.152,306.03,119503.0
EV000472,2026-08-17T00:00:00Z,353.804,59.38,47.768,65.69,49.063,387.51,119545.6
EV000320,2026-08-17T06:00:00Z,370.759,37.733,34.313,48.91,49.561,401.25,51355.4
EV000019,2026-08-17T12:00:00Z,371.905,25.302,22.094,87.58,48.465,391.03,60857.6
EV000111,2026-08-17T18:00:00Z,362.509,82.708,45.173,68.69,51.875,418.12,36672.3
EV000322,2026-08-18T00:00:00Z,370.551,39.672,29.336,41.39,53.302,409.18,42328.6
EV000319,2026-08-18T06:00:00Z,361.61,51.899,29.321,51.35,50.091,409.12,67694.8
EV000396,2026-08-18T12:00:00Z,355.467,37.117,45.911,41.92,50.384,382.54,64505.2
EV000036,2026-08-18T18:00:00Z,369.835,52.553,31.235,86.23,52.401,437.53,25755.5
EV000074,2026-08-19T00:00:00Z,375.417,50.791,26.428,42.2,48.478,383.75,117209.1
EV000065,2026-08-19T06:00:00Z,350.562,45.524,28.445,44.15,49.731,406.21,99768.2
EV000153,2026-08-19T12:00:00Z,371.049,24.401,27.493,64.58,39.156,291.86,36683.5
EV000415,2026-08-19T18:00:00Z,370.121,46.082,26.547,53.19,49.864,403.87,103785.0
EV000449,2026-08-20T00:00:00Z,359.202,47.495,47.258,55.27,50.853,408.69,16940.7
EV000308,2026-08-20T06:00:00Z,350.814,48.57,31.246,39.8,55.78,444.6,17725.2
EV000401,2026-08-20T12:00:00Z,365.967,34.186,27.486,45.86,48.852,387.8,95936.6
EV000360,2026-08-20T18:00:00Z,368.78,51.011,29.442,83.25,34.754,272.06,105469.2
EV000304,2026-08-21T00:00:00Z,347.708,47.039,29.217,82.9,42.286,364.78,52935.3
EV000186,2026-08-21T06:00:00Z,375.815,38.689,44.975,91.04,51.359,397.64,82147.5
EV000052,2026-08-21T12:00:00Z,356.064,72.956,28.967,85.61,47.871,405.74,114550.9
EV000434,2026-08-21T18:00:00Z,369.257,50.92,34.199,77.21,50.634,396.39,85548.0
EV000455,2026-08-22T00:00:00Z,370.817,47.065,27.674,56.41,48.352,364.57,137638.6
EV000149,2026-08-22T06:00:00Z,355.923,25.871,27.271,23.34,56.637,486.0,9426.3
EV000013,2026-08-22T12:00:00Z,365.188,60.421,49.427,31.92,49.385,397.37,105553.2
EV000069,2026-08-22T18:00:00Z,373.065,40.659,32.976,39.26,38.999,318.58,61591.0
EV000197,2026-08-23T00:00:00Z,359.634,33.856,31.163,74.31,49.556,394.97,62115.9
EV000083,2026-08-23T06:00:00Z,375.046,52.157,29.011,79.47,36.734,276.85,100175.6
EV000022,2026-08-23T12:00:00Z,364.918,28.198,29.583,24.34,46.512,380.03,137694.2
EV000071,2026-08-23T18:00:00Z,362.541,30.357,30.746,77.95,45.366,358.29,40549.1
EV000008,2026-08-24T00:00:00Z,365.767,37.611,30.893,22.03,52.107,440.78,14489.3
EV000350,2026-08-24T06:00:00Z,359.122,58.714,28.359,38.58,37.723,313.7,118154.2
EV000157,2026-08-24T12:00:00Z,368.799,35.528,30.845,47.4,39.346,312.04,38486.1
EV000497,2026-08-24T18:00:00Z,349.034,50.174,31.089,75.84,37.996,307.48,53579.5
EV000380,2026-08-25T00:00:00Z,359.715,54.304,48.366,82.18,52.36,413.27,39120.3
EV000265,2026-08-25T06:00:00Z,360.59,11.028,39.046,53.13,54.516,431.07,9453.0
EV000099,2026-08-25T12:00:00Z,367.185,32.419,30.145,86.72,53.861,428.82,19185.3
EV000134,2026-08-25T18:00:00Z,353.44,35.875,26.816,56.89,54.791,438.42,15291.8
EV000456,2026-08-26T00:00:00Z,369.589,47.733,27.961,28.2,55.836,455.27,6763.9
EV000012,2026-08-26T06:00:00Z,367.025,32.932,25.133,84.28,49.839,409.88,27472.7
EV000024,2026-08-26T12:00:00Z,360.123,45.374,24.234,72.71,51.526,421.01,95095.5
EV000393,2026-08-26T18:00:00Z,366.627,43.214,29.39,37.21,41.872,345.33,69229.6
EV000375,2026-08-27T00:00:00Z,363.661,36.307,35.279,68.1,54.666,428.25,9094.9
EV000091,2026-08-27T06:00:00Z,372.476,45.101,30.221,68.78,49.114,382.89,120812.9
EV000414,2026-08-27T12:00:00Z,360.849,41.591,49.357,33.43,47.201,380.23,134695.4
EV000351,2026-08-27T18:00:00Z,359.059,42.55,26.739,20.1,45.982,388.41,125899.1
EV000269,2026-08-28T00:00:00Z,362.497,69.899,31.756,76.61,52.388,401.66,41875.8
EV000137,2026-08-28T06:00:00Z,370.873,61.456,44.461,76.42,49.858,400.58,43249.8
EV000236,2026-08-28T12:00:00Z,369.472,29.428,30.899,86.11,51.249,408.35,88970.2
EV000389,2026-08-28T18:00:00Z,366.999,42.97,29.584,54.71,37.432,305.6,106167.8
EV000238,2026-08-29T00:00:00Z,357.193,46.02,44.587,57.2,47.611,380.78,91448.9
EV000313,2026-08-29T06:00:00Z,342.139,38.514,31.332,45.3,39.802,307.82,51195.1
EV000279,2026-08-29T12:00:00Z,356.91,29.161,29.376,59.29,46.628,379.97,129370.8
EV000221,2026-08-29T18:00:00Z,373.219,-4.129,25.245,49.86,48.185,370.29,104088.4
EV000362,2026-08-30T00:00:00Z,365.553,43.612,31.372,52.79,47.78,389.75,100993.9
EV000133,2026-08-30T06:00:00Z,360.957,34.938,28.873,73.12,39.257,320.34,64248.0
EV000168,2026-08-30T12:00:00Z,355.495,39.396,28.139,46.0,51.285,419.38,36163.6
EV000295,2026-08-30T18:00:00Z,366.488,41.693,29.002,52.64,35.057,273.96,99558.7
EV000468,2026-08-31T00:00:00Z,367.86,40.21,37.637,17.76,53.029,429.52,13383.3
EV000348,2026-08-31T06:00:00Z,371.984,41.203,29.182,57.44,51.82,403.46,40246.6
EV000045,2026-08-31T12:00:00Z,379.841,34.751,24.76,38.44,53.426,444.86,7513.1
EV000018,2026-08-31T18:00:00Z,379.003,29.561,30.099,46.78,54.736,452.56,19153.6
EV000327,2026-09-01T00:00:00Z,348.745,52.078,27.432,35.81,46.51,361.2,122541.6
EV000154,2026-09-01T06:00:00Z,376.218,58.459,31.828,86.71,48.674,398.79,119693.7
EV000022,2026-09-01T12:00:00Z,364.996,43.592,26.862,47.03,55.214,446.31,28489.2
EV000379,2026-09-01T18:00:00Z,372.573,33.351,34.014,58.02,54.454,420.83,38003.5
EV000171,2026-09-02T00:00:00Z,372.927,38.172,30.948,34.96,49.948,403.41,55292.2
EV000134,2026-09-02T06:00:00Z,372.066,37.401,24.889,31.59,55.859,444.17,9275.8
EV000265,2026-09-02T12:00:00Z,373.867,18.4,47.081,15.26,52.255,442.02,43410.4
EV000364,2026-09-02T18:00:00Z,364.852,43.574,33.799,67.37,45.203,360.16,8424.1
EV000062,2026-09-03T00:00:00Z,356.973,20.016,30.798,68.78,51.259,408.52,43902.9
EV000204,2026-09-03T06:00:00Z,350.056,51.839,24.185,47.15,41.055,314.53,33504.4
EV000378,2026-09-03T12:00:00Z,363.575,49.563,28.45,90.6,45.743,368.32,124300.5
EV000343,2026-09-03T18:00:00Z,362.153,39.972,30.79,58.51,54.001,439.77,37382.8
EV000057,2026-09-04T00:00:00Z,363.054,45.447,31.886,71.11,41.753,326.33,45371.0
EV000462,2026-09-04T06:00:00Z,368.092,46.083,27.587,67.48,40.55,316.33,76184.3
EV000093,2026-09-04T12:00:00Z,362.674,37.822,30.233,89.1,49.11,384.43,83663.3
EV000084,2026-09-04T18:00:00Z,371.808,69.688,30.543,75.57,51.327,395.24,73906.1
EV000023,2026-09-05T00:00:00Z,356.599,26.855,48.845,48.89,53.87,431.94,60980.6
EV000463,2026-09-05T06:00:00Z,371.34,49.157,32.68,84.76,50.132,395.55,40030.6
EV000103,2026-09-05T12:00:00Z,365.67,66.127,46.61,68.72,57.444,469.32,31655.2
EV000445,2026-09-05T18:00:00Z,354.109,41.822,31.538,56.33,49.735,396.67,86357.2
EV000299,2026-09-06T00:00:00Z,359.781,64.236,26.161,66.25,37.351,316.92,106239.9
EV000255,2026-09-06T06:00:00Z,362.029,41.704,44.299,55.29,54.268,432.0,38573.4
EV000456,2026-09-06T12:00:00Z,367.944,37.975,29.598,83.68,49.741,409.61,134689.7
EV000023,2026-09-06T18:00:00Z,367.205,48.856,42.424,28.2,44.303,356.76,138866.7
EV000427,2026-09-07T00:00:00Z,372.114,44.38,25.26,63.11,52.677,419.42,13359.4
EV000405,2026-09-07T06:00:00Z,374.704,46.17,28.224,83.5,50.22,412.21,61215.9
EV000468,2026-09-07T12:00:00Z,356.652,51.284,48.05,83.9,46.478,373.92,136547.5
EV000296,2026-09-07T18:00:00Z,377.805,43.13,27.693,39.41,41.665,329.11,61546.5
EV000494,2026-09-08T00:00:00Z,363.831,35.526,50.788,44.95,52.008,424.37,113373.6
EV000157,2026-09-08T06:00:00Z,354.902,41.537,31.405,56.07,40.533,342.94,34462.6
EV000001,2026-09-08T12:00:00Z,353.815,49.253,24.96,21.99,52.22,436.97,43166.1
EV000022,2026-09-08T18:00:00Z,367.713,12.527,27.89,56.21,48.147,382.19,103492.0
EV000405,2026-09-09T00:00:00Z,374.805,26.042,28.73,79.07,51.085,430.65,51239.9
EV000194,2026-09-09T06:00:00Z,356.754,37.066,24.801,73.09,37.796,306.01,57738.5
EV000030,2026-09-09T12:00:00Z,368.631,44.963,29.626,81.16,51.016,388.34,35729.1
EV000037,2026-09-09T18:00:00Z,355.378,41.933,27.741,44.26,42.056,343.69,7093.0
EV000396,2026-09-10T00:00:00Z,369.985,15.244,43.58,17.84,44.861,381.43,99622.0
EV000224,2026-09-10T06:00:00Z,357.199,39.984,30.318,26.96,40.887,301.39,72251.5
EV000130,2026-09-10T12:00:00Z,384.283,62.891,26.62,40.2,41.484,334.98,29700.9
EV000033,2026-09-10T18:00:00Z,373.954,61.776,30.319,87.17,35.1,278.22,129999.3
EV000476,2026-09-11T00:00:00Z,370.579,40.809,31.684,72.36,54.54,443.46,8900.3
EV000332,2026-09-11T06:00:00Z,369.107,41.68,27.947,29.29,47.097,382.0,106904.4
EV000393,2026-09-11T12:00:00Z,376.46,30.979,25.081,57.43,42.58,330.11,60951.5
EV000312,2026-09-11T18:00:00Z,357.471,46.063,30.015,36.69,46.68,367.12,129958.3
EV000359,2026-09-12T00:00:00Z,368.511,28.69,35.147,87.45,47.912,374.16,114662.6
EV000116,2026-09-12T06:00:00Z,354.094,23.81,23.462,54.02,56.991,473.03,19361.1
EV000188,2026-09-12T12:00:00Z,358.867,44.636,28.356,19.35,42.079,318.9,136098.2
EV000315,2026-09-12T18:00:00Z,356.809,17.626,28.074,85.69,50.787,413.56,44774.3
EV000298,2026-09-13T00:00:00Z,380.68,25.305,28.54,30.57,53.313,443.06,8988.9
EV000088,2026-09-13T06:00:00Z,365.75,38.911,48.292,86.14,51.152,411.5,24222.0
EV000078,2026-09-13T12:00:00Z,364.708,58.54,28.41,28.76,49.67,425.16,65546.8
EV000064,2026-09-13T18:00:00Z,360.382,55.998,31.431,26.86,49.479,401.37,97487.2
EV000426,2026-09-14T00:00:00Z,351.534,50.018,30.084,67.07,51.423,428.36,58716.1
EV000180,2026-09-14T06:00:00Z,373.454,59.415,30.985,17.82,48.632,378.74,72135.6
EV000404,2026-09-14T12:00:00Z,362.052,22.894,23.382,89.18,52.846,430.38,29446.4
EV000091,2026-09-14T18:00:00Z,364.524,57.861,31.481,53.84,48.242,362.52,126777.7
EV000115,2026-09-15T00:00:00Z,378.561,23.273,30.536,34.1,48.296,392.96,59773.3
EV000233,2026-09-15T06:00:00Z,367.465,58.674,28.045,30.16,52.416,418.43,43127.7
EV000458,2026-09-15T12:00:00Z,356.105,45.694,30.757,38.29,37.754,277.95,88735.4
EV000284,2026-09-15T18:00:00Z,358.706,41.561,48.952,65.05,49.343,403.61,77949.7
EV000214,2026-09-16T00:00:00Z,367.812,38.856,27.572,58.13,53.824,433.41,47027.0
EV000232,2026-09-16T06:00:00Z,365.194,47.706,31.035,28.95,52.433,412.27,32597.2
EV000068,2026-09-16T12:00:00Z,370.841,42.747,21.872,49.16,50.624,400.36,78632.5
EV000270,2026-09-16T18:00:00Z,365.527,48.683,31.985,37.29,35.632,280.93,81247.5
EV000375,2026-09-17T00:00:00Z,372.117,44.113,28.448,34.39,47.25,373.3,130705.4
EV000424,2026-09-17T06:00:00Z,373.45,42.121,26.029,74.41,43.426,347.05,33469.5
EV000434,2026-09-17T12:00:00Z,366.94,55.538,24.678,30.09,52.764,429.33,53349.1
EV000495,2026-09-17T18:00:00Z,369.043,25.864,26.596,25.65,53.389,425.59,83610.9
EV000030,2026-09-18T00:00:00Z,362.074,30.157,22.97,72.03,53.704,419.95,79289.7
EV000037,2026-09-18T06:00:00Z,367.34,39.332,32.942,72.09,39.479,317.42,55997.7
EV000024,2026-09-18T12:00:00Z,378.789,59.736,29.808,85.68,46.789,368.96,127299.4
EV000307,2026-09-18T18:00:00Z,362.692,28.71,24.207,73.48,42.981,348.35,12279.4
EV000020,2026-09-19T00:00:00Z,355.504,45.589,24.898,19.84,53.528,420.76,49500.9
EV000011,2026-09-19T06:00:00Z,365.149,45.816,30.722,67.86,49.34,406.07,98000.7
EV000381,2026-09-19T12:00:00Z,366.437,39.355,34.639,61.22,55.387,444.54,36665.1
EV000261,2026-09-19T18:00:00Z,360.135,23.542,30.956,39.56,47.462,370.45,129568.6
EV000365,2026-09-20T00:00:00Z,345.899,34.209,28.494,45.76,51.962,421.85,39110.5
EV000201,2026-09-20T06:00:00Z,359.979,24.768,33.77,28.77,40.011,308.54,12527.1
EV000418,2026-09-20T12:00:00Z,365.382,50.449,28.729,31.27,38.568,286.36,32375.3
EV000005,2026-09-20T18:00:00Z,363.825,59.296,27.784,51.2,49.993,424.58,108604.1
EV000259,2026-09-21T00:00:00Z,359.998,37.228,26.832,37.32,45.232,396.12,133682.8
EV000467,2026-09-21T06:00:00Z,359.638,41.017,29.865,65.29,44.468,330.54,137616.6
EV000121,2026-09-21T12:00:00Z,375.955,36.504,43.796,78.63,49.16,396.62,113295.5
EV000196,2026-09-21T18:00:00Z,362.937,31.371,31.963,55.26,38.405,311.9,78774.1
EV000014,2026-09-22T00:00:00Z,367.816,56.265,31.29,89.61,42.47,338.31,56000.1
EV000255,2026-09-22T06:00:00Z,366.38,56.562,47.708,69.56,49.792,405.16,30574.5
EV000422,2026-09-22T12:00:00Z,369.907,41.405,32.765,47.66,37.877,299.82,65284.9
EV000382,2026-09-22T18:00:00Z,363.086,35.607,27.096,53.8,40.483,320.43,70170.6
EV000213,2026-09-23T00:00:00Z,354.401,16.905,25.968,62.74,54.475,421.01,13079.0
EV000296,2026-09-23T06:00:00Z,378.577,47.043,25.199,25.39,42.065,338.13,37980.6
EV000268,2026-09-23T12:00:00Z,350.09,33.154,25.649,22.42,46.293,385.46,134967.1
EV000431,2026-09-23T18:00:00Z,378.16,70.099,44.651,60.47,51.101,420.03,51661.4
EV000041,2026-09-24T00:00:00Z,374.96,53.069,51.586,52.31,51.555,408.78,19502.5
EV000033,2026-09-24T06:00:00Z,351.714,20.258,37.151,74.29,44.725,358.5,12755.8
EV000462,2026-09-24T12:00:00Z,372.545,56.036,22.317,88.22,38.833,313.62,94491.5
EV000015,2026-09-24T18:00:00Z,355.72,26.204,25.908,16.53,43.154,325.79,25241.7
EV000043,2026-09-25T00:00:00Z,377.023,38.292,28.656,63.27,49.244,398.06,78390.0
EV000093,2026-09-25T06:00:00Z,359.093,19.372,26.273,79.4,45.305,351.96,138279.0
EV000149,2026-09-25T12:00:00Z,364.855,51.146,28.049,18.75,47.973,376.18,109386.4
EV000314,2026-09-25T18:00:00Z,357.638,64.124,28.593,67.01,47.158,368.82,103816.1
EV000184,2026-09-26T00:00:00Z,360.693,40.671,25.891,46.54,48.424,391.65,137384.4
EV000310,2026-09-26T06:00:00Z,358.829,68.297,29.464,60.98,52.144,398.88,32757.8
EV000079,2026-09-26T12:00:00Z,374.222,32.629,26.883,71.47,52.883,432.58,46522.2
EV000092,2026-09-26T18:00:00Z,371.791,41.28,25.104,73.02,47.572,381.42,101250.8
EV000340,2026-09-27T00:00:00Z,363.554,24.875,28.082,59.57,48.54,377.04,122087.4
EV000028,2026-09-27T06:00:00Z,377.881,30.926,29.555,89.3,37.621,310.63,85409.0
EV000498,2026-09-27T12:00:00Z,364.52,53.282,28.629,36.73,51.312,415.78,53752.5
EV000269,2026-09-27T18:00:00Z,363.721,59.356,25.679,62.43,49.23,403.95,65011.2
EV000326,2026-09-28T00:00:00Z,355.767,33.585,34.493,18.04,38.401,313.15,96949.9
EV000452,2026-09-28T06:00:00Z,364.129,12.958,29.4,31.98,47.471,369.1,132652.4
EV000204,2026-09-28T12:00:00Z,364.326,66.284,30.361,71.09,42.546,337.19,19418.2
EV000093,2026-09-28T18:00:00Z,370.952,50.174,30.122,87.04,48.673,382.77,134473.5
EV000321,2026-09-29T00:00:00Z,353.453,55.043,27.514,92.47,51.658,405.41,20055.4
EV000215,2026-09-29T06:00:00Z,373.415,42.985,28.106,37.87,51.564,399.97,28468.1
EV000154,2026-09-29T12:00:00Z,351.069,52.417,25.542,88.71,50.176,380.78,65512.4
EV000418,2026-09-29T18:00:00Z,373.735,43.814,28.252,81.67,43.531,336.98,24893.2
EV000267,2026-09-30T00:00:00Z,371.103,47.451,32.975,17.04,36.355,288.89,79778.0
EV000408,2026-09-30T06:00:00Z,382.775,43.281,23.285,39.6,36.914,312.52,62137.9
EV000098,2026-09-30T12:00:00Z,359.264,39.107,29.582,88.49,52.345,403.21,41945.0
EV000309,2026-09-30T18:00:00Z,375.349,36.282,30.874,55.39,37.65,281.4,121332.2
EV000197,2026-10-01T00:00:00Z,384.266,59.875,26.054,18.15,50.293,392.22,57859.9
EV000374,2026-10-01T06:00:00Z,369.99,51.972,31.24,28.33,37.527,295.3,112281.4
EV000116,2026-10-01T12:00:00Z,366.681,50.261,28.496,36.36,52.344,436.6,39073.8
EV000217,2026-10-01T18:00:00Z,353.229,27.633,27.356,37.36,45.758,353.9,107737.6
EV000100,2026-10-02T00:00:00Z,363.107,28.832,27.516,71.18,43.209,355.58,12813.8
EV000375,2026-10-02T06:00:00Z,360.204,49.292,28.541,54.89,49.496,386.28,92567.5
EV000035,2026-10-02T12:00:00Z,363.98,31.606,26.542,61.31,46.892,369.46,101198.0
EV000065,2026-10-02T18:00:00Z,367.404,32.775,28.297,80.33,50.382,414.55,56774.2
EV000279,2026-10-03T00:00:00Z,368.662,30.241,27.969,20.12,45.314,370.03,117610.3
EV000058,2026-10-03T06:00:00Z,365.103,66.847,30.267,84.22,50.178,411.38,89562.3
EV000490,2026-10-03T12:00:00Z,360.611,37.473,27.867,80.27,52.011,395.15,45808.9
EV000278,2026-10-03T18:00:00Z,358.423,53.991,27.804,31.69,46.255,360.78,111111.3
EV000054,2026-10-04T00:00:00Z,376.874,28.708,24.86,64.05,39.292,306.18,52716.0
EV000405,2026-10-04T06:00:00Z,380.348,75.451,31.679,82.61,51.577,415.76,47887.9
EV000090,2026-10-04T12:00:00Z,357.403,41.348,31.926,45.43,53.264,414.13,57197.3
EV000455,2026-10-04T18:00:00Z,385.785,47.419,34.52,40.22,46.157,363.35,110257.1
EV000369,2026-10-05T00:00:00Z,353.999,51.792,29.935,18.53,49.925,391.79,103890.3
EV000231,2026-10-05T06:00:00Z,364.568,47.595,29.476,50.48,48.05,368.06,80512.9
EV000441,2026-10-05T12:00:00Z,356.716,39.874,44.809,90.94,48.011,382.03,135018.7
EV000272,2026-10-05T18:00:00Z,352.689,30.563,28.507,26.04,47.224,388.38,92262.5
EV000071,2026-10-06T00:00:00Z,369.656,40.1,30.347,81.69,38.873,299.64,60521.9
EV000496,2026-10-06T06:00:00Z,372.622,52.792,25.559,92.09,35.346,280.66,115555.0
EV000231,2026-10-06T12:00:00Z,357.59,49.642,32.511,92.9,48.465,389.33,89319.8
EV000452,2026-10-06T18:00:00Z,369.691,41.259,22.085,85.77,48.624,384.39,112075.4
EV000380,2026-10-07T00:00:00Z,364.4,44.112,49.123,36.43,49.491,400.04,95831.1
EV000249,2026-10-07T06:00:00Z,371.233,51.189,27.483,26.24,46.115,353.25,125500.9
EV000031,2026-10-07T12:00:00Z,368.7,41.064,32.338,89.67,46.311,361.67,132862.0
EV000156,2026-10-07T18:00:00Z,369.162,28.075,29.129,16.92,47.558,372.53,136200.7
EV000111,2026-10-08T00:00:00Z,380.747,54.562,45.873,82.12,48.753,394.42,109439.6
EV000132,2026-10-08T06:00:00Z,355.42,50.205,48.089,79.47,47.084,369.1,124656.2
EV000396,2026-10-08T12:00:00Z,371.458,27.316,45.872,25.79,53.672,423.69,44204.5
EV000173,2026-10-08T18:00:00Z,359.589,40.305,31.752,84.98,38.792,320.28,114669.1
EV000342,2026-10-09T00:00:00Z,368.564,30.245,32.916,35.06,45.081,378.22,131055.7
EV000028,2026-10-09T06:00:00Z,369.812,22.109,31.987,84.54,38.523,297.25,64085.0
EV000493,2026-10-09T12:00:00Z,361.541,34.015,26.195,25.16,41.74,345.69,27785.1
EV000071,2026-10-09T18:00:00Z,363.359,43.85,28.225,87.8,41.97,343.38,37989.4
EV000208,2026-10-10T00:00:00Z,381.612,41.441,24.613,53.29,50.559,398.47,67825.5
EV000253,2026-10-10T06:00:00Z,369.424,63.05,31.529,48.31,55.94,462.06,20975.0
EV000016,2026-10-10T12:00:00Z,361.923,42.06,26.533,16.43,49.745,391.19,106544.6
EV000218,2026-10-10T18:00:00Z,368.262,38.799,31.17,63.27,53.507,416.8,37910.7
EV000199,2026-10-11T00:00:00Z,367.367,42.329,26.384,26.05,53.696,416.19,17064.3
EV000148,2026-10-11T06:00:00Z,386.217,44.871,25.216,35.09,52.645,417.37,68392.8
EV000161,2026-10-11T12:00:00Z,372.085,47.17,24.666,32.53,40.81,311.69,53604.9
EV000243,2026-10-11T18:00:00Z,364.752,48.217,24.163,28.38,56.335,467.77,13071.1
EV000010,2026-10-12T00:00:00Z,357.546,25.576,36.495,88.79,51.033,416.04,66706.5
EV000158,2026-10-12T06:00:00Z,360.974,35.499,30.818,29.42,52.606,418.74,34152.0
EV000083,2026-10-12T12:00:00Z,356.5,29.433,27.88,53.16,42.693,345.11,19985.2
EV000487,2026-10-12T18:00:00Z,358.996,43.48,30.962,80.54,53.832,439.67,17511.0
EV000028,2026-10-13T00:00:00Z,351.368,22.791,32.332,68.19,36.823,303.34,92483.0
EV000055,2026-10-13T06:00:00Z,363.342,21.342,29.891,35.81,38.026,320.51,111968.7
EV000485,2026-10-13T12:00:00Z,346.911,32.691,31.003,57.03,54.006,441.09,23467.0
EV000140,2026-10-13T18:00:00Z,363.972,48.109,45.612,59.21,50.544,404.16,100654.0
EV000196,2026-10-14T00:00:00Z,359.249,40.927,25.395,69.34,37.359,281.86,93842.3
EV000422,2026-10-14T06:00:00Z,384.71,67.927,28.312,51.5,36.382,295.15,79391.6
EV000398,2026-10-14T12:00:00Z,364.102,68.28,29.392,92.28,51.031,419.29,79005.9
EV000207,2026-10-14T18:00:00Z,363.927,52.044,29.212,39.34,46.392,387.61,100503.3
EV000090,2026-10-15T00:00:00Z,368.048,44.975,23.877,85.48,50.199,406.28,33946.9
EV000123,2026-10-15T06:00:00Z,351.651,32.115,28.259,74.33,51.531,414.48,43400.8
EV000060,2026-10-15T12:00:00Z,362.628,44.032,34.297,17.99,38.076,295.49,72145.2
EV000414,2026-10-15T18:00:00Z,367.517,46.082,42.891,29.14,48.476,382.11,101195.0
EV000445,2026-10-16T00:00:00Z,351.917,6.432,27.807,85.0,53.129,439.32,36516.1
EV000446,2026-10-16T06:00:00Z,367.341,24.898,39.436,56.37,50.754,405.74,32269.6
EV000284,2026-10-16T12:00:00Z,353.216,6.407,49.241,43.92,48.791,386.64,73638.1
EV000060,2026-10-16T18:00:00Z,364.576,40.623,27.407,62.76,38.113,314.75,57853.5
EV000172,2026-10-17T00:00:00Z,352.753,58.218,28.708,43.33,45.944,392.48,135921.5
EV000466,2026-10-17T06:00:00Z,371.786,72.385,30.325,78.59,51.803,396.5,69485.2
EV000468,2026-10-17T12:00:00Z,361.804,10.282,41.021,87.97,50.271,420.98,104063.3
EV000190,2026-10-17T18:00:00Z,340.917,46.514,24.361,64.89,56.279,447.56,17904.0
EV000026,2026-10-18T00:00:00Z,373.918,48.55,33.799,66.2,52.494,387.74,44020.1
EV000411,2026-10-18T06:00:00Z,369.385,17.207,27.445,35.46,46.711,357.66,139091.3
EV000207,2026-10-18T12:00:00Z,361.021,26.566,26.948,45.84,48.958,412.2,111717.0
EV000418,2026-10-18T18:00:00Z,359.001,9.733,26.674,74.54,35.122,280.81,115774.5
EV000215,2026-10-19T00:00:00Z,352.66,39.655,25.969,72.05,54.152,430.71,22824.1
EV000153,2026-10-19T06:00:00Z,367.418,34.552,32.284,19.1,39.586,337.04,113848.7
EV000484,2026-10-19T12:00:00Z,353.853,46.755,31.285,16.54,40.63,312.54,61809.8
EV000248,2026-10-19T18:00:00Z,360.286,44.969,25.74,51.66,53.902,436.57,10857.8
EV000115,2026-10-20T00:00:00Z,373.244,42.445,26.732,42.59,51.352,411.64,57632.3
EV000175,2026-10-20T06:00:00Z,354.967,29.031,25.593,59.59,49.529,408.13,97134.4
EV000207,2026-10-20T12:00:00Z,358.733,48.652,26.87,52.07,51.641,422.09,63563.5
EV000245,2026-10-20T18:00:00Z,355.839,58.461,28.594,43.65,50.86,404.19,79802.6
EV000396,2026-10-21T00:00:00Z,355.904,65.7,46.484,40.27,44.531,376.57,133056.5
EV000131,2026-10-21T06:00:00Z,393.218,34.542,34.464,49.81,55.47,456.84,18215.5
EV000151,2026-10-21T12:00:00Z,372.248,41.869,35.535,30.09,48.757,355.09,77887.9
EV000148,2026-10-21T18:00:00Z,356.665,43.652,25.672,85.2,58.173,467.04,31777.8
EV000331,2026-10-22T00:00:00Z,361.901,58.217,29.108,16.54,48.324,396.44,104468.9
EV000031,2026-10-22T06:00:00Z,365.389,46.107,26.068,61.42,52.133,434.5,55863.3
EV000130,2026-10-22T12:00:00Z,381.514,38.269,26.662,67.63,37.402,302.19,118168.5
EV000059,2026-10-22T18:00:00Z,367.286,59.882,30.021,81.32,48.687,404.3,80087.7
EV000262,2026-10-23T00:00:00Z,359.354,62.224,32.938,44.03,37.371,297.1,82306.8
EV000402,2026-10-23T06:00:00Z,366.738,22.368,31.724,67.67,46.263,368.76,133060.2
EV000176,2026-10-23T12:00:00Z,364.986,53.779,27.819,58.97,46.259,341.09,106030.9
EV000224,2026-10-23T18:00:00Z,375.572,32.095,25.278,43.62,42.597,343.15,32305.6
EV000244,2026-10-24T00:00:00Z,354.065,39.707,25.317,19.56,35.913,286.06,124728.2
EV000136,2026-10-24T06:00:00Z,366.604,33.474,48.058,45.29,52.246,424.06,41864.7
EV000146,2026-10-24T12:00:00Z,370.615,38.043,27.971,88.59,50.01,407.19,69888.1
EV000041,2026-10-24T18:00:00Z,389.125,51.703,41.393,82.5,54.255,414.03,38228.3
EV000390,2026-10-25T00:00:00Z,354.664,29.256,31.107,56.33,53.77,421.15,51433.4
EV000275,2026-10-25T06:00:00Z,357.194,22.172,27.839,74.82,54.132,440.97,29590.5
EV000107,2026-10-25T12:00:00Z,357.827,25.574,41.371,47.13,47.089,387.82,96295.5
EV000345,2026-10-25T18:00:00Z,361.267,43.929,33.974,77.77,36.788,298.56,139575.5
EV000236,2026-10-26T00:00:00Z,358.855,45.492,28.848,32.38,45.124,349.57,111420.8
EV000140,2026-10-26T06:00:00Z,360.545,26.616,48.586,93.57,49.816,404.45,36149.4
EV000490,2026-10-26T12:00:00Z,355.433,43.778,31.437,17.84,50.099,409.65,85988.6
EV000184,2026-10-26T18:00:00Z,362.167,21.413,34.93,78.44,47.815,402.49,73414.6
EV000206,2026-10-27T00:00:00Z,372.549,38.564,29.387,35.48,41.222,339.82,32838.3
EV000299,2026-10-27T06:00:00Z,383.52,22.602,29.195,16.42,37.139,299.32,100133.2
EV000120,2026-10-27T12:00:00Z,370.344,32.045,22.928,74.17,36.982,295.75,125679.8
EV000322,2026-10-27T18:00:00Z,359.101,52.066,22.327,21.96,51.766,416.52,14613.8
EV000438,2026-10-28T00:00:00Z,368.329,56.141,29.492,71.98,48.689,375.53,106356.0
EV000073,2026-10-28T06:00:00Z,373.051,39.728,30.328,45.59,41.488,323.53,59900.3
EV000404,2026-10-28T12:00:00Z,363.86,30.834,28.747,17.23,51.345,398.97,48660.2
EV000230,2026-10-28T18:00:00Z,338.898,59.325,29.386,49.59,47.651,383.29,139194.2
EV000468,2026-10-29T00:00:00Z,365.335,20.105,47.284,68.64,49.887,413.25,45622.8
EV000263,2026-10-29T06:00:00Z,369.164,22.63,25.401,74.9,49.809,398.28,75618.2
EV000278,2026-10-29T12:00:00Z,350.704,25.698,30.15,63.61,52.472,407.97,89065.7
EV000203,2026-10-29T18:00:00Z,365.167,58.838,32.765,15.29,48.783,384.6,116000.6
EV000375,2026-10-30T00:00:00Z,361.452,38.629,28.533,55.41,53.675,444.86,54637.3
EV000363,2026-10-30T06:00:00Z,357.762,31.291,33.668,58.8,37.163,299.54,111955.1
EV000100,2026-10-30T12:00:00Z,367.529,40.403,29.75,71.3,40.94,347.98,34712.6
EV000310,2026-10-30T18:00:00Z,366.475,49.795,30.461,80.36,46.383,379.59,135766.7
EV000310,2026-10-31T00:00:00Z,365.221,38.241,29.295,67.19,49.045,386.89,73912.7
EV000269,2026-10-31T06:00:00Z,371.569,53.734,22.16,30.54,49.589,396.74,26469.1
EV000243,2026-10-31T12:00:00Z,379.152,50.658,30.473,54.62,46.389,350.46,139836.4
EV000281,2026-10-31T18:00:00Z,353.479,31.633,26.715,41.97,36.024,290.15,112695.6
EV000017,2026-11-01T00:00:00Z,357.124,37.235,31.61,43.06,48.983,397.85,87126.3
EV000453,2026-11-01T06:00:00Z,369.654,46.604,30.056,73.01,48.985,383.2,97221.3
EV000155,2026-11-01T12:00:00Z,382.007,47.261,45.969,22.9,50.082,408.54,105666.1
EV000124,2026-11-01T18:00:00Z,365.25,17.478,28.207,27.19,54.834,446.82,16247.4
EV000105,2026-11-02T00:00:00Z,358.603,20.896,28.753,21.21,34.081,270.35,120606.0
EV000415,2026-11-02T06:00:00Z,368.92,56.836,33.825,73.61,54.7,436.8,11355.6
EV000253,2026-11-02T12:00:00Z,366.622,28.086,29.868,70.05,51.352,420.93,10816.0
EV000228,2026-11-02T18:00:00Z,354.47,40.061,30.101,17.5,51.552,416.04,5572.7
EV000253,2026-11-03T00:00:00Z,373.801,66.839,30.001,76.46,44.271,361.44,138442.0
EV000166,2026-11-03T06:00:00Z,369.927,34.578,29.031,29.39,54.715,436.04,21709.1
EV000193,2026-11-03T12:00:00Z,363.239,49.734,25.751,91.54,39.886,335.86,39384.3
EV000373,2026-11-03T18:00:00Z,365.552,68.791,26.064,26.29,50.654,409.09,63165.1
EV000463,2026-11-04T00:00:00Z,365.26,52.452,35.031,92.97,50.673,399.2,77250.5
EV000426,2026-11-04T06:00:00Z,358.338,50.637,26.424,18.0,49.328,396.03,110021.4
EV000035,2026-11-04T12:00:00Z,363.65,33.203,26.141,55.61,50.88,402.32,99482.4
EV000299,2026-11-04T18:00:00Z,351.265,67.286,30.484,22.12,35.553,292.45,111441.9
EV000173,2026-11-05T00:00:00Z,375.883,41.657,26.312,28.72,36.266,269.9,128539.0
EV000465,2026-11-05T06:00:00Z,379.936,42.421,29.758,27.42,51.608,417.56,28073.4
EV000246,2026-11-05T12:00:00Z,376.916,27.045,31.056,91.04,46.446,363.06,123613.1
EV000125,2026-11-05T18:00:00Z,370.633,34.606,32.199,94.5,51.095,416.17,67040.3
EV000347,2026-11-06T00:00:00Z,369.931,40.209,30.117,47.55,38.169,321.03,83088.2
EV000033,2026-11-06T06:00:00Z,350.801,50.642,34.017,33.35,41.167,321.61,11773.0
EV000354,2026-11-06T12:00:00Z,368.637,54.714,28.116,85.33,50.222,414.7,61178.0
EV000291,2026-11-06T18:00:00Z,352.928,54.835,30.51,45.89,50.628,425.76,119101.2
EV000468,2026-11-07T00:00:00Z,367.73,27.235,42.842,61.02,51.925,422.88,58403.6
EV000230,2026-11-07T06:00:00Z,352.917,39.856,26.793,60.25,52.532,408.32,68494.3
EV000456,2026-11-07T12:00:00Z,350.814,34.745,33.549,29.32,48.371,358.87,136006.8
EV000036,2026-11-07T18:00:00Z,356.686,70.733,35.019,41.83,48.286,385.68,131023.4
EV000235,2026-11-08T00:00:00Z,367.535,51.686,24.048,28.85,40.312,321.44,14279.9
EV000420,2026-11-08T06:00:00Z,358.768,35.592,33.373,86.57,38.675,305.55,52929.0
EV000415,2026-11-08T12:00:00Z,342.13,33.246,27.995,85.79,53.532,423.95,21086.2
EV000438,2026-11-08T18:00:00Z,364.284,26.894,28.279,62.72,55.428,401.86,21112.8
EV000112,2026-11-09T00:00:00Z,372.427,46.468,31.355,90.82,54.741,447.23,23205.2
EV000245,2026-11-09T06:00:00Z,366.689,35.626,31.421,33.66,48.339,407.05,114286.5
EV000031,2026-11-09T12:00:00Z,360.261,4.39,28.731,93.74,50.422,395.98,101182.9
EV000160,2026-11-09T18:00:00Z,376.985,35.641,20.867,77.93,41.328,325.61,40283.7
EV000344,2026-11-10T00:00:00Z,369.33,55.447,46.614,50.99,55.325,447.95,21805.5
EV000036,2026-11-10T06:00:00Z,370.868,38.214,27.484,28.69,51.497,399.78,46680.5
EV000346,2026-11-10T12:00:00Z,364.843,86.644,27.352,63.55,37.919,320.34,59195.7
EV000433,2026-11-10T18:00:00Z,366.462,41.462,29.847,86.91,49.588,401.62,46262.5
EV000404,2026-11-11T00:00:00Z,366.342,55.173,33.475,65.72,50.371,402.05,37089.5
EV000475,2026-11-11T06:00:00Z,367.656,50.357,33.231,68.97,45.479,349.42,137178.1
EV000335,2026-11-11T12:00:00Z,364.674,44.763,44.201,26.57,51.94,417.43,31224.5
EV000341,2026-11-11T18:00:00Z,360.075,29.099,29.386,21.46,54.495,432.4,17361.5
EV000036,2026-11-12T00:00:00Z,371.277,37.984,26.471,77.67,45.92,377.74,101463.1
EV000200,2026-11-12T06:00:00Z,357.012,46.2,29.023,53.76,52.573,420.73,21404.9
EV000426,2026-11-12T12:00:00Z,374.51,47.168,28.845,43.86,52.182,419.53,23484.6
EV000093,2026-11-12T18:00:00Z,373.039,9.578,32.864,82.98,50.578,411.0,30103.8
EV000123,2026-11-13T00:00:00Z,365.184,47.757,31.691,32.8,48.016,384.13,83903.3
EV000199,2026-11-13T06:00:00Z,362.362,49.083,28.931,57.83,53.192,437.65,19679.2
EV000390,2026-11-13T12:00:00Z,373.389,29.656,27.539,57.87,49.074,393.41,77402.6
EV000074,2026-11-13T18:00:00Z,384.824,40.817,25.861,66.3,53.007,418.34,68949.6
EV000399,2026-11-14T00:00:00Z,373.722,60.295,39.794,89.96,52.653,422.01,63677.4
EV000468,2026-11-14T06:00:00Z,373.285,26.706,44.62,49.15,54.75,429.65,5484.3
EV000101,2026-11-14T12:00:00Z,369.367,41.362,30.688,74.22,41.219,341.95,65111.4
EV000034,2026-11-14T18:00:00Z,354.689,42.158,42.808,84.55,47.503,385.04,101718.9
EV000079,2026-11-15T00:00:00Z,366.221,38.363,27.749,37.01,46.465,362.42,135761.3
EV000016,2026-11-15T06:00:00Z,367.902,40.599,33.194,16.49,55.086,462.65,16366.5
EV000348,2026-11-15T12:00:00Z,361.991,44.835,27.471,24.47,49.292,395.78,90710.6
EV000012,2026-11-15T18:00:00Z,375.494,64.186,29.041,82.39,51.591,403.54,88404.6
EV000223,2026-11-16T00:00:00Z,377.16,45.86,45.054,20.81,48.005,384.85,129226.1
EV000284,2026-11-16T06:00:00Z,361.458,35.088,46.562,28.6,46.433,374.04,90180.3
EV000498,2026-11-16T12:00:00Z,374.609,30.2,34.457,58.71,50.76,422.8,78317.2
EV000242,2026-11-16T18:00:00Z,378.144,46.457,27.395,72.07,50.693,399.35,45512.9
EV000106,2026-11-17T00:00:00Z,365.307,26.339,32.15,39.06,49.772,416.2,62852.6
EV000180,2026-11-17T06:00:00Z,352.657,47.807,22.355,87.7,48.288,406.15,115526.0
EV000377,2026-11-17T12:00:00Z,354.806,36.644,28.182,93.76,56.014,463.1,29570.0
EV000157,2026-11-17T18:00:00Z,348.271,46.569,28.235,26.68,39.202,326.58,132420.0
EV000468,2026-11-18T00:00:00Z,352.64,40.612,46.996,89.49,49.677,421.71,72454.8
EV000108,2026-11-18T06:00:00Z,370.227,44.331,29.398,89.16,50.725,396.18,55755.4
EV000185,2026-11-18T12:00:00Z,368.953,36.673,32.077,93.49,44.652,366.47,134953.6
EV000251,2026-11-18T18:00:00Z,363.481,35.912,30.973,65.44,45.81,373.91,116304.6
EV000065,2026-11-19T00:00:00Z,366.856,58.847,30.098,38.42,53.151,403.64,16173.1
EV000027,2026-11-19T06:00:00Z,356.192,37.36,27.969,87.9,51.557,398.92,69010.5
EV000102,2026-11-19T12:00:00Z,367.639,39.048,30.569,19.72,53.758,420.22,6287.1
EV000464,2026-11-19T18:00:00Z,363.738,45.474,31.357,20.81,37.142,283.25,131531.8
EV000122,2026-11-20T00:00:00Z,357.558,27.584,30.211,44.92,52.156,397.83,47560.3
EV000446,2026-11-20T06:00:00Z,352.256,36.693,29.843,70.06,48.806,390.14,123330.8
EV000038,2026-11-20T12:00:00Z,367.558,42.983,30.599,65.9,48.356,373.43,85512.2
EV000183,2026-11-20T18:00:00Z,374.675,15.347,29.133,55.13,49.232,392.58,70168.9
EV000118,2026-11-21T00:00:00Z,373.286,46.96,28.587,74.45,35.73,265.9,103569.6
EV000375,2026-11-21T06:00:00Z,367.086,32.14,26.182,22.28,54.651,430.11,21745.9
EV000119,2026-11-21T12:00:00Z,354.447,28.221,24.987,44.42,47.943,373.84,120951.4
EV000154,2026-11-21T18:00:00Z,357.886,46.367,26.056,79.7,48.16,405.62,52399.9
EV000167,2026-11-22T00:00:00Z,376.503,37.042,33.461,38.24,49.932,399.07,67999.3
EV000088,2026-11-22T06:00:00Z,363.142,58.779,44.849,38.3,48.182,394.73,111781.5
EV000206,2026-11-22T12:00:00Z,365.804,34.139,26.472,33.03,40.456,299.39,67972.0
EV000046,2026-11-22T18:00:00Z,356.043,47.916,29.88,51.58,35.38,285.93,104701.7
EV000280,2026-11-23T00:00:00Z,372.047,38.273,32.883,22.46,47.453,404.17,135451.0
EV000263,2026-11-23T06:00:00Z,366.734,32.72,28.442,35.24,50.158,400.97,77604.3
EV000231,2026-11-23T12:00:00Z,365.365,45.953,29.45,42.28,53.946,442.38,21383.9
EV000037,2026-11-23T18:00:00Z,375.617,38.528,27.758,20.01,38.928,318.95,44115.3
EV000353,2026-11-24T00:00:00Z,365.786,19.699,26.604,60.06,47.511,379.13,106302.5
EV000416,2026-11-24T06:00:00Z,359.624,41.382,31.968,17.54,48.842,392.68,93462.1
EV000205,2026-11-24T12:00:00Z,363.349,62.995,29.121,76.46,42.521,332.74,22889.2
EV000392,2026-11-24T18:00:00Z,383.269,68.794,28.012,30.52,53.421,431.03,61162.0
EV000180,2026-11-25T00:00:00Z,366.871,45.178,31.553,77.86,52.127,410.76,49161.8
EV000476,2026-11-25T06:00:00Z,364.7,51.194,30.822,64.67,52.41,422.64,54318.2
EV000352,2026-11-25T12:00:00Z,365.623,44.178,35.606,48.78,39.113,297.66,58255.2
EV000472,2026-11-25T18:00:00Z,340.622,24.22,43.984,28.68,46.818,365.48,128450.6
EV000290,2026-11-26T00:00:00Z,360.994,4.398,25.372,31.45,40.726,330.92,40282.5
EV000206,2026-11-26T06:00:00Z,364.962,58.09,29.658,17.27,41.188,345.25,52731.0
EV000497,2026-11-26T12:00:00Z,373.682,39.427,26.032,73.35,40.622,343.65,32726.1
EV000404,2026-11-26T18:00:00Z,350.325,51.511,34.841,44.1,48.287,399.43,75884.4
EV000127,2026-11-27T00:00:00Z,370.563,35.845,47.679,67.43,46.647,375.19,131644.5
EV000321,2026-11-27T06:00:00Z,365.241,29.983,31.165,35.21,49.822,399.71,67628.8
EV000390,2026-11-27T12:00:00Z,362.141,62.017,30.542,79.0,53.735,429.95,12675.5
EV000101,2026-11-27T18:00:00Z,372.444,16.081,28.219,58.1,38.808,310.29,90670.6
EV000033,2026-11-28T00:00:00Z,380.557,49.219,29.286,57.71,40.166,317.15,19713.1
EV000261,2026-11-28T06:00:00Z,371.922,57.25,27.315,82.43,50.577,418.69,43576.4
EV000373,2026-11-28T12:00:00Z,372.126,51.0,32.098,90.44,53.263,438.89,8387.3
EV000131,2026-11-28T18:00:00Z,363.756,23.416,26.664,50.3,54.127,441.29,42135.6
EV000317,2026-11-29T00:00:00Z,368.804,33.991,22.615,63.89,53.169,422.87,15596.9
EV000071,2026-11-29T06:00:00Z,363.728,45.881,30.337,33.27,35.159,264.49,128967.6
EV000206,2026-11-29T12:00:00Z,346.972,38.261,30.859,25.98,39.488,315.56,62916.0
EV000380,2026-11-29T18:00:00Z,368.997,53.535,38.204,81.51,50.627,387.45,107526.6
EV000036,2026-11-30T00:00:00Z,368.817,54.266,28.34,74.87,50.219,393.12,63703.0
EV000316,2026-11-30T06:00:00Z,388.072,58.492,23.316,55.77,53.34,410.24,67124.1
EV000207,2026-11-30T12:00:00Z,359.679,50.819,28.835,35.77,49.814,404.65,89557.6
EV000174,2026-11-30T18:00:00Z,374.126,29.338,26.831,44.36,49.318,381.55,74759.6
EV000123,2026-12-01T00:00:00Z,364.515,25.938,30.497,18.22,53.761,416.4,10446.9
EV000305,2026-12-01T06:00:00Z,377.201,43.153,30.372,35.17,48.732,402.91,91512.8
EV000363,2026-12-01T12:00:00Z,357.723,33.495,32.162,33.04,40.767,329.43,20927.8
EV000109,2026-12-01T18:00:00Z,375.869,59.011,45.196,88.75,49.45,379.97,51640.0
EV000356,2026-12-02T00:00:00Z,363.576,49.034,46.447,81.58,46.24,378.76,122232.3
EV000267,2026-12-02T06:00:00Z,364.453,67.104,26.59,78.59,39.284,282.96,56523.8
EV000392,2026-12-02T12:00:00Z,367.059,47.785,29.604,20.84,49.92,396.31,124841.1
EV000174,2026-12-02T18:00:00Z,382.274,45.215,28.169,18.52,55.065,441.52,30136.0
EV000439,2026-12-03T00:00:00Z,353.941,56.611,30.488,51.34,48.559,383.0,107731.4
EV000046,2026-12-03T06:00:00Z,350.416,34.145,30.285,25.83,40.08,312.56,61152.9
EV000112,2026-12-03T12:00:00Z,370.225,43.555,27.939,74.25,45.663,370.45,138147.1
EV000424,2026-12-03T18:00:00Z,373.951,30.792,26.951,70.07,36.669,312.28,133607.5
EV000482,2026-12-04T00:00:00Z,364.102,58.756,31.836,77.32,53.859,440.77,37717.1
EV000470,2026-12-04T06:00:00Z,370.542,36.466,27.632,30.48,54.114,446.16,15014.9
EV000431,2026-12-04T12:00:00Z,352.367,41.756,44.739,74.12,48.358,396.44,81288.6
EV000187,2026-12-04T18:00:00Z,354.162,34.5,25.774,55.32,41.47,319.19,39571.6
EV000348,2026-12-05T00:00:00Z,372.15,14.596,25.821,32.26,51.83,417.02,64229.0
EV000141,2026-12-05T06:00:00Z,349.89,42.84,47.076,44.05,46.799,386.83,81606.7
EV000448,2026-12-05T12:00:00Z,354.734,32.284,29.076,85.23,49.717,412.25,72405.1
EV000045,2026-12-05T18:00:00Z,363.647,58.893,27.383,67.33,50.909,415.63,56561.8
EV000084,2026-12-06T00:00:00Z,375.811,62.865,28.976,87.02,51.778,417.7,56202.1
EV000246,2026-12-06T06:00:00Z,355.608,49.564,31.565,71.34,49.674,402.06,52078.2
EV000434,2026-12-06T12:00:00Z,355.617,22.78,29.694,41.33,44.764,350.47,123213.9
EV000375,2026-12-06T18:00:00Z,358.8,52.084,31.992,54.68,47.083,387.75,139329.1
EV000043,2026-12-07T00:00:00Z,369.388,25.084,32.447,49.01,52.528,420.17,57622.3
EV000132,2026-12-07T06:00:00Z,340.38,35.131,42.922,49.43,52.285,402.62,89961.6
EV000247,2026-12-07T12:00:00Z,357.693,52.038,27.998,49.1,38.607,304.35,79265.4
EV000487,2026-12-07T18:00:00Z,357.349,8.475,29.283,67.52,50.474,417.92,69047.8
EV000010,2026-12-08T00:00:00Z,374.712,55.101,34.611,64.42,53.489,404.84,74625.8
EV000314,2026-12-08T06:00:00Z,367.201,44.958,30.156,90.52,51.819,429.57,43661.9
EV000209,2026-12-08T12:00:00Z,365.515,35.259,30.359,43.91,52.067,412.86,46230.9
EV000465,2026-12-08T18:00:00Z,353.686,37.194,24.62,40.1,53.763,394.5,78616.9
EV000075,2026-12-09T00:00:00Z,366.553,0.675,25.875,33.16,51.77,396.19,26447.3
EV000461,2026-12-09T06:00:00Z,356.782,35.196,28.448,28.81,48.16,399.56,50260.3
EV000371,2026-12-09T12:00:00Z,363.165,35.476,23.455,45.26,52.991,419.34,42727.1
EV000331,2026-12-09T18:00:00Z,359.741,23.971,32.646,32.58,47.909,376.2,85824.9
EV000209,2026-12-10T00:00:00Z,362.262,33.287,32.412,44.43,50.183,400.84,93674.1
EV000115,2026-12-10T06:00:00Z,368.81,34.099,26.153,90.81,49.958,411.51,72702.7
EV000229,2026-12-10T12:00:00Z,361.63,43.72,27.878,40.84,35.425,272.89,134150.0
EV000322,2026-12-10T18:00:00Z,363.765,39.671,29.809,15.72,49.88,381.09,54283.1
EV000348,2026-12-11T00:00:00Z,365.387,49.576,28.426,91.0,46.43,360.76,102399.2
EV000169,2026-12-11T06:00:00Z,373.21,29.125,26.706,89.94,52.493,431.11,33967.9
EV000108,2026-12-11T12:00:00Z,377.801,17.518,27.783,94.29,47.022,366.31,111037.8
EV000253,2026-12-11T18:00:00Z,355.72,40.147,30.083,27.15,45.937,354.04,113885.5
EV000385,2026-12-12T00:00:00Z,370.152,18.343,30.522,46.37,52.106,419.83,34517.4
EV000196,2026-12-12T06:00:00Z,352.076,32.914,27.65,74.23,35.072,255.09,127696.8
EV000002,2026-12-12T12:00:00Z,374.314,38.166,41.069,45.31,48.003,382.15,131111.6
EV000008,2026-12-12T18:00:00Z,369.58,77.863,29.143,70.69,49.176,399.34,119282.5
EV000079,2026-12-13T00:00:00Z,362.779,37.597,31.028,23.2,50.062,401.62,65977.8
EV000198,2026-12-13T06:00:00Z,378.806,16.086,36.17,75.59,53.63,408.06,9029.8
EV000285,2026-12-13T12:00:00Z,374.607,21.25,31.193,38.38,49.472,411.85,60728.5
EV000036,2026-12-13T18:00:00Z,352.524,51.078,30.226,43.46,47.965,394.93,81883.9
EV000155,2026-12-14T00:00:00Z,364.303,51.448,45.296,91.69,54.181,431.27,15678.9
EV000465,2026-12-14T06:00:00Z,373.037,50.11,26.839,17.3,51.987,426.48,44523.8
EV000210,2026-12-14T12:00:00Z,365.922,36.356,25.961,18.68,53.83,429.91,20149.4
EV000136,2026-12-14T18:00:00Z,376.151,54.395,42.144,66.74,52.885,428.8,50060.7
EV000155,2026-12-15T00:00:00Z,364.262,34.37,47.489,51.49,53.594,422.44,44089.5
EV000015,2026-12-15T06:00:00Z,386.354,50.684,31.248,61.83,41.307,322.15,30074.6
EV000168,2026-12-15T12:00:00Z,358.607,52.461,28.21,73.23,55.153,461.4,10616.4
EV000210,2026-12-15T18:00:00Z,361.348,23.548,28.311,60.11,49.801,405.52,50396.0
EV000021,2026-12-16T00:00:00Z,377.646,54.999,30.011,40.78,45.602,371.35,9946.8
EV000362,2026-12-16T06:00:00Z,357.533,43.22,26.817,32.97,47.201,379.96,138382.2
EV000010,2026-12-16T12:00:00Z,369.825,42.76,26.822,68.92,43.929,346.48,132991.1
EV000477,2026-12-16T18:00:00Z,358.932,46.723,30.254,47.54,48.714,391.83,94068.7
EV000197,2026-12-17T00:00:00Z,350.574,36.197,31.998,22.92,50.34,391.06,39028.9
EV000204,2026-12-17T06:00:00Z,359.443,51.514,25.917,38.79,37.231,295.02,93405.9
EV000116,2026-12-17T12:00:00Z,357.632,55.963,31.112,33.12,46.472,369.81,103049.4
EV000184,2026-12-17T18:00:00Z,367.23,57.242,30.543,64.11,50.216,405.76,87732.3
EV000109,2026-12-18T00:00:00Z,369.952,32.797,43.557,18.71,47.653,377.63,106043.2
EV000042,2026-12-18T06:00:00Z,365.258,39.609,23.996,66.83,50.795,387.91,59099.5
EV000041,2026-12-18T12:00:00Z,368.074,47.001,51.255,57.99,48.608,416.66,95648.6
EV000497,2026-12-18T18:00:00Z,372.106,36.853,27.575,59.79,38.586,309.74,68741.1
EV000049,2026-12-19T00:00:00Z,370.67,39.868,27.289,88.78,37.615,290.8,59339.9
EV000021,2026-12-19T06:00:00Z,366.02,25.306,30.899,38.31,40.383,323.39,94463.8
EV000354,2026-12-19T12:00:00Z,359.503,45.197,35.789,27.18,50.873,412.14,30667.6
EV000019,2026-12-19T18:00:00Z,365.446,57.733,29.786,78.55,46.978,388.95,120918.2
EV000388,2026-12-20T00:00:00Z,357.516,45.763,33.095,65.41,50.859,400.26,99595.1
EV000008,2026-12-20T06:00:00Z,366.912,50.513,26.395,84.02,48.142,392.88,70472.9
EV000383,2026-12-20T12:00:00Z,371.332,41.848,34.899,15.08,39.48,323.68,53506.6
EV000343,2026-12-20T18:00:00Z,381.183,54.131,23.346,40.82,52.971,450.12,33586.3
EV000443,2026-12-21T00:00:00Z,370.968,43.009,28.876,72.4,34.999,284.09,135397.9
EV000134,2026-12-21T06:00:00Z,357.79,55.099,28.227,33.14,51.525,423.22,64963.6
EV000406,2026-12-21T12:00:00Z,372.449,36.796,44.606,92.0,53.145,439.16,42841.0
EV000425,2026-12-21T18:00:00Z,351.563,46.267,29.629,88.37,51.122,414.21,82038.2
EV000393,2026-12-22T00:00:00Z,363.333,57.777,35.838,28.5,38.527,309.14,68537.0
EV000377,2026-12-22T06:00:00Z,370.082,45.781,28.796,56.5,52.993,424.15,11229.0
EV000394,2026-12-22T12:00:00Z,377.492,22.283,29.629,68.68,54.158,433.08,52909.4
EV000398,2026-12-22T18:00:00Z,365.211,20.281,26.167,65.86,47.106,372.85,121819.4
EV000174,2026-12-23T00:00:00Z,365.523,11.526,30.652,24.78,49.215,380.23,96696.5
EV000083,2026-12-23T06:00:00Z,368.139,55.503,29.337,27.09,38.552,300.53,127910.7
EV000167,2026-12-23T12:00:00Z,380.101,43.312,27.827,55.35,53.001,452.74,76513.2
EV000342,2026-12-23T18:00:00Z,370.091,42.719,23.173,15.77,49.609,394.56,85335.8
EV000183,2026-12-24T00:00:00Z,363.559,-0.8,30.373,78.58,50.053,411.1,60892.8
EV000484,2026-12-24T06:00:00Z,361.796,44.521,30.701,70.37,36.11,304.04,112285.3
EV000391,2026-12-24T12:00:00Z,375.191,65.422,24.343,67.8,36.473,304.79,66984.1
EV000420,2026-12-24T18:00:00Z,371.748,56.859,28.168,26.06,37.192,279.23,131641.1
EV000206,2026-12-25T00:00:00Z,362.55,43.535,22.576,78.72,37.934,302.23,102246.4
EV000102,2026-12-25T06:00:00Z,363.725,37.029,32.997,50.18,49.978,407.37,45880.7
EV000489,2026-12-25T12:00:00Z,375.598,63.628,31.128,21.8,51.94,412.93,15988.2
EV000030,2026-12-25T18:00:00Z,360.433,37.487,26.998,87.1,51.181,430.32,50375.6
EV000410,2026-12-26T00:00:00Z,363.125,45.34,24.23,80.4,38.767,324.96,77809.0
EV000251,2026-12-26T06:00:00Z,349.776,45.541,31.528,58.07,50.48,405.97,89024.0
EV000330,2026-12-26T12:00:00Z,366.869,54.452,29.435,21.43,39.885,332.84,34254.3
EV000108,2026-12-26T18:00:00Z,369.227,50.409,32.423,85.34,47.459,369.25,121600.2
EV000003,2026-12-27T00:00:00Z,361.923,51.081,29.155,31.56,40.586,330.16,51767.7
EV000010,2026-12-27T06:00:00Z,376.106,43.52,28.283,28.36,50.337,376.51,100161.9
EV000233,2026-12-27T12:00:00Z,368.653,47.33,29.006,17.59,51.371,403.49,25001.2
EV000086,2026-12-27T18:00:00Z,359.7,39.117,45.782,34.88,53.049,413.02,25887.4
EV000324,2026-12-28T00:00:00Z,360.795,44.07,43.558,52.95,52.947,439.51,52162.6
EV000189,2026-12-28T06:00:00Z,375.115,33.057,43.899,27.66,49.698,389.71,28054.7
EV000037,2026-12-28T12:00:00Z,388.468,40.439,29.262,79.97,35.785,262.96,126078.2
EV000335,2026-12-28T18:00:00Z,366.235,31.411,47.695,68.44,49.963,398.48,85993.4
EV000485,2026-12-29T00:00:00Z,352.416,21.826,29.814,79.77,44.558,353.06,138479.1
EV000083,2026-12-29T06:00:00Z,364.95,52.628,30.176,52.56,36.415,284.6,101138.0
EV000364,2026-12-29T12:00:00Z,358.394,19.465,24.368,53.65,40.521,320.32,53647.7
EV000109,2026-12-29T18:00:00Z,359.943,36.657,42.931,73.55,50.984,408.73,68024.2
EV000476,2026-12-30T00:00:00Z,366.375,66.184,28.892,25.56,47.882,383.33,76199.6
EV000094,2026-12-30T06:00:00Z,365.697,49.399,27.719,50.57,34.493,262.67,139686.2
EV000048,2026-12-30T12:00:00Z,343.882,54.518,27.397,88.83,49.286,406.5,86966.6
EV000399,2026-12-30T18:00:00Z,356.505,23.079,49.785,83.24,46.321,361.72,111844.8
EV000015,2026-12-31T00:00:00Z,366.049,37.619,28.518,66.82,38.092,293.07,54864.7
EV000104,2026-12-31T06:00:00Z,378.818,30.419,31.741,54.44,52.053,421.78,90172.9
EV000125,2026-12-31T12:00:00Z,374.986,38.987,29.68,49.23,52.777,413.93,36709.7
EV000058,2026-12-31T18:00:00Z,371.518,31.19,28.951,33.4,52.549,401.52,61198.3
EV000153,2027-01-01T00:00:00Z,370.136,48.838,33.238,39.57,41.926,342.95,35402.2
EV000422,2027-01-01T06:00:00Z,380.978,41.48,31.34,36.65,42.631,327.49,57320.2
EV000433,2027-01-01T12:00:00Z,369.78,30.426,29.673,73.21,49.634,400.99,56964.4
EV000353,2027-01-01T18:00:00Z,359.731,57.905,28.964,40.28,49.155,401.8,54526.6
EV000252,2027-01-02T00:00:00Z,380.03,31.288,34.448,83.16,54.431,427.05,8914.6
EV000070,2027-01-02T06:00:00Z,372.449,69.645,25.588,70.13,50.37,408.67,78503.6
EV000039,2027-01-02T12:00:00Z,356.062,39.502,30.429,33.03,47.395,380.46,83760.3
EV000148,2027-01-02T18:00:00Z,360.998,37.007,29.641,48.36,43.941,356.88,110802.2
EV000279,2027-01-03T00:00:00Z,359.211,63.307,28.175,62.53,50.514,407.83,82414.0
EV000473,2027-01-03T06:00:00Z,358.376,32.652,34.396,20.72,48.263,380.77,104390.0
EV000014,2027-01-03T12:00:00Z,358.594,56.613,29.959,17.92,36.641,296.08,119087.7
EV000101,2027-01-03T18:00:00Z,357.102,35.821,29.063,32.2,39.343,308.27,27828.8
EV000334,2027-01-04T00:00:00Z,359.708,40.943,46.021,50.22,50.472,395.87,100066.4
EV000404,2027-01-04T06:00:00Z,379.844,14.964,30.088,34.66,51.905,422.35,71799.8
EV000008,2027-01-04T12:00:00Z,374.243,60.84,28.613,41.58,49.886,400.77,97749.5
EV000247,2027-01-04T18:00:00Z,368.098,42.078,27.429,33.96,40.319,327.39,62401.5
EV000459,2027-01-05T00:00:00Z,358.058,72.918,30.591,73.31,55.089,438.94,14991.0
EV000390,2027-01-05T06:00:00Z,361.456,22.846,31.146,50.33,50.651,413.7,57685.8
EV000494,2027-01-05T12:00:00Z,366.34,36.024,44.215,66.58,49.927,397.55,48899.0
EV000158,2027-01-05T18:00:00Z,349.091,20.595,27.429,64.95,49.35,400.86,38824.0
EV000433,2027-01-06T00:00:00Z,353.939,25.209,29.115,68.86,54.853,432.21,9055.8
EV000199,2027-01-06T06:00:00Z,381.665,56.933,27.358,90.88,53.627,412.92,31706.3
EV000058,2027-01-06T12:00:00Z,376.28,33.748,31.596,41.82,48.557,367.97,135216.3
EV000063,2027-01-06T18:00:00Z,362.487,39.507,24.716,34.06,41.539,329.28,26927.9
EV000349,2027-01-07T00:00:00Z,368.453,33.594,25.57,37.43,48.843,377.85,57925.5
EV000345,2027-01-07T06:00:00Z,366.288,46.011,33.497,37.71,41.845,328.19,50206.1
EV000325,2027-01-07T12:00:00Z,368.686,30.76,29.9,26.16,37.76,298.93,72683.2
EV000481,2027-01-07T18:00:00Z,357.36,11.991,27.225,92.11,51.772,376.58,70295.0
EV000034,2027-01-08T00:00:00Z,363.181,45.187,43.662,59.6,50.597,409.85,68296.2
EV000180,2027-01-08T06:00:00Z,358.206,42.768,30.634,86.46,49.991,402.11,40785.3
EV000094,2027-01-08T12:00:00Z,368.676,52.603,30.43,40.37,42.017,317.83,8133.8
EV000191,2027-01-08T18:00:00Z,353.588,61.941,34.033,69.92,51.479,421.23,98340.1
EV000448,2027-01-09T00:00:00Z,360.968,26.295,28.303,85.23,52.68,405.33,39220.5
EV000372,2027-01-09T06:00:00Z,364.959,32.392,27.304,24.1,49.148,377.09,89983.5
EV000169,2027-01-09T12:00:00Z,365.277,42.166,27.614,65.87,55.811,438.21,14232.0
EV000335,2027-01-09T18:00:00Z,359.764,59.829,45.552,77.63,51.119,427.3,67154.6
EV000374,2027-01-10T00:00:00Z,370.319,36.843,25.645,73.69,41.704,330.62,42175.9
EV000385,2027-01-10T06:00:00Z,361.723,39.396,33.299,93.95,45.337,364.87,133686.4
EV000461,2027-01-10T12:00:00Z,363.46,43.305,29.817,81.12,49.821,396.5,113572.5
EV000079,2027-01-10T18:00:00Z,376.822,54.377,23.706,38.85,52.428,418.61,28128.6
EV000266,2027-01-11T00:00:00Z,360.351,21.618,33.059,92.32,47.269,371.36,92705.4
EV000416,2027-01-11T06:00:00Z,367.06,53.607,27.851,43.94,53.03,404.47,24774.3
EV000277,2027-01-11T12:00:00Z,360.997,43.829,26.438,36.5,50.729,425.74,67279.9
EV000457,2027-01-11T18:00:00Z,363.711,52.996,27.834,30.27,53.256,428.09,33378.5
EV000425,2027-01-12T00:00:00Z,348.444,49.335,27.108,85.63,49.375,407.13,65012.9
EV000340,2027-01-12T06:00:00Z,374.571,7.084,30.961,48.15,55.377,439.83,12463.4
EV000491,2027-01-12T12:00:00Z,363.511,57.252,28.531,48.21,40.217,303.74,19281.5
EV000018,2027-01-12T18:00:00Z,372.59,56.021,27.546,51.85,49.352,414.38,85058.1
EV000442,2027-01-13T00:00:00Z,365.708,55.63,37.754,43.34,36.954,315.64,61981.9
EV000286,2027-01-13T06:00:00Z,358.714,16.988,29.266,36.26,50.15,384.98,78625.2
EV000423,2027-01-13T12:00:00Z,365.371,30.382,47.281,36.86,45.194,361.41,130193.2
EV000234,2027-01-13T18:00:00Z,353.157,53.817,26.587,41.71,42.492,326.05,42367.7
EV000005,2027-01-14T00:00:00Z,357.039,30.77,29.54,42.18,51.846,420.82,15232.1
EV000470,2027-01-14T06:00:00Z,372.092,-14.178,31.078,72.05,51.424,416.62,57446.9
EV000333,2027-01-14T12:00:00Z,369.866,39.313,25.81,70.0,52.416,407.62,49565.6
EV000276,2027-01-14T18:00:00Z,361.595,30.776,29.574,59.45,40.353,314.2,62267.6
EV000221,2027-01-15T00:00:00Z,372.174,26.255,27.88,21.0,52.634,419.52,13354.8
EV000234,2027-01-15T06:00:00Z,355.605,34.232,23.219,74.63,35.32,275.45,105747.5
EV000111,2027-01-15T12:00:00Z,363.669,18.627,47.71,16.56,52.687,409.02,26002.8
EV000237,2027-01-15T18:00:00Z,362.74,50.186,26.011,37.35,53.739,429.03,47265.4
EV000435,2027-01-16T00:00:00Z,372.571,26.867,26.729,16.91,51.313,418.46,18914.8
EV000137,2027-01-16T06:00:00Z,372.699,58.398,52.027,31.81,50.299,410.61,88485.3
EV000107,2027-01-16T12:00:00Z,353.125,45.539,50.101,30.91,49.573,392.29,111344.3
EV000482,2027-01-16T18:00:00Z,352.568,38.077,29.551,27.0,48.14,357.3,92440.3
EV000434,2027-01-17T00:00:00Z,353.21,76.468,29.068,90.75,54.954,430.5,30665.5
EV000330,2027-01-17T06:00:00Z,377.874,58.387,27.432,86.09,40.428,331.23,15313.4
EV000301,2027-01-17T12:00:00Z,363.463,64.37,25.603,42.03,41.322,310.58,24021.1
EV000354,2027-01-17T18:00:00Z,368.883,53.709,27.82,22.78,53.654,435.21,16207.1
EV000129,2027-01-18T00:00:00Z,365.45,42.036,32.513,24.97,40.003,336.92,27832.8
EV000314,2027-01-18T06:00:00Z,366.471,53.908,28.674,17.83,49.071,386.81,114156.0
EV000215,2027-01-18T12:00:00Z,364.876,55.532,26.439,72.41,51.419,410.86,65798.0
EV000085,2027-01-18T18:00:00Z,377.689,36.256,32.626,72.15,54.163,431.6,15211.7
EV000063,2027-01-19T00:00:00Z,377.084,34.85,24.356,26.79,41.125,320.65,19812.5
EV000344,2027-01-19T06:00:00Z,363.768,26.801,47.013,19.79,48.818,398.38,76968.4
EV000264,2027-01-19T12:00:00Z,381.371,13.062,25.446,25.31,34.184,275.97,136884.9
EV000103,2027-01-19T18:00:00Z,365.951,52.96,47.496,42.9,48.931,382.71,122028.7
EV000048,2027-01-20T00:00:00Z,382.451,48.138,25.858,91.39,52.567,423.03,20101.9
EV000069,2027-01-20T06:00:00Z,354.207,36.832,28.926,32.09,34.881,263.37,93888.2
EV000277,2027-01-20T12:00:00Z,361.848,37.299,28.886,70.22,50.045,399.61,116248.0
EV000222,2027-01-20T18:00:00Z,364.337,26.887,26.572,44.01,37.721,327.89,108086.7
EV000471,2027-01-21T00:00:00Z,361.146,47.002,25.201,51.36,54.214,443.07,41228.5
EV000256,2027-01-21T06:00:00Z,359.891,83.208,33.608,30.56,37.023,302.1,139787.7
EV000476,2027-01-21T12:00:00Z,363.05,32.877,22.282,93.58,48.669,391.0,42036.0
EV000272,2027-01-21T18:00:00Z,365.325,45.617,27.403,72.69,45.657,382.24,135053.3
EV000282,2027-01-22T00:00:00Z,367.235,37.257,27.199,69.09,51.325,396.66,58440.4
EV000469,2027-01-22T06:00:00Z,372.413,57.746,30.24,33.49,50.34,402.03,58366.3
EV000026,2027-01-22T12:00:00Z,366.5,56.19,31.584,72.54,46.511,374.93,103642.3
EV000175,2027-01-22T18:00:00Z,369.957,57.552,28.51,79.46,47.129,377.02,95110.7
EV000085,2027-01-23T00:00:00Z,360.113,28.197,27.201,94.07,43.696,371.74,124228.7
EV000362,2027-01-23T06:00:00Z,360.466,51.663,24.275,15.44,47.869,387.39,130156.3
EV000287,2027-01-23T12:00:00Z,374.941,56.145,26.695,85.91,42.504,349.02,45164.9
EV000157,2027-01-23T18:00:00Z,370.34,20.873,31.476,75.99,42.616,346.79,40195.2
EV000212,2027-01-24T00:00:00Z,360.736,66.761,29.172,83.41,35.201,281.66,117621.6
EV000393,2027-01-24T06:00:00Z,359.15,39.75,31.381,89.03,42.001,326.37,30614.3
EV000168,2027-01-24T12:00:00Z,367.831,37.653,27.602,93.49,53.607,430.39,45502.3
EV000320,2027-01-24T18:00:00Z,355.247,64.812,30.177,27.9,47.317,371.34,113525.2
EV000344,2027-01-25T00:00:00Z,361.475,27.584,50.035,40.03,46.401,367.82,123712.1
EV000220,2027-01-25T06:00:00Z,350.776,47.286,26.079,50.84,53.135,441.89,34582.6
EV000369,2027-01-25T12:00:00Z,384.151,44.998,34.632,15.02,48.187,392.19,113368.6
EV000205,2027-01-25T18:00:00Z,357.457,25.759,31.6,51.72,36.25,297.82,79784.3
EV000350,2027-01-26T00:00:00Z,372.925,42.169,29.335,76.07,35.251,284.07,116615.2
EV000228,2027-01-26T06:00:00Z,365.772,14.21,31.967,81.06,53.286,427.83,26783.1
EV000214,2027-01-26T12:00:00Z,359.67,47.605,28.982,83.5,55.058,454.25,19148.7
EV000282,2027-01-26T18:00:00Z,352.974,65.175,32.379,24.93,44.672,369.77,118208.9
EV000103,2027-01-27T00:00:00Z,375.773,48.444,50.82,74.33,49.833,384.92,63881.8
EV000415,2027-01-27T06:00:00Z,367.92,48.134,29.236,84.08,51.634,383.8,24845.0
EV000448,2027-01-27T12:00:00Z,354.283,41.98,27.543,67.94,46.657,368.59,109789.1
EV000112,2027-01-27T18:00:00Z,380.724,21.931,29.33,93.05,45.791,343.75,125314.2
EV000146,2027-01-28T00:00:00Z,357.376,38.837,24.301,22.76,48.898,399.31,108840.2
EV000156,2027-01-28T06:00:00Z,372.224,61.558,32.797,40.93,54.041,411.95,16247.1
EV000425,2027-01-28T12:00:00Z,368.101,39.736,31.464,87.0,51.254,404.64,80845.7
EV000366,2027-01-28T18:00:00Z,360.427,29.522,25.371,18.36,46.876,387.27,100440.3
EV000261,2027-01-29T00:00:00Z,364.084,-1.825,23.424,25.08,53.201,413.4,21262.9
EV000197,2027-01-29T06:00:00Z,377.418,29.2,31.075,61.02,47.309,380.06,133562.8
EV000408,2027-01-29T12:00:00Z,378.588,70.893,27.971,78.72,40.278,319.32,34483.1
EV000320,2027-01-29T18:00:00Z,364.512,44.275,31.25,73.95,50.396,385.7,94512.6
EV000015,2027-01-30T00:00:00Z,365.048,36.292,23.569,71.78,38.316,294.03,52832.7
EV000493,2027-01-30T06:00:00Z,357.8,46.695,28.527,66.02,33.798,262.97,134777.6
EV000070,2027-01-30T12:00:00Z,378.517,51.34,29.535,74.71,48.691,389.92,73518.3
EV000259,2027-01-30T18:00:00Z,362.869,69.652,27.958,45.06,48.006,395.88,115406.9
EV000359,2027-01-31T00:00:00Z,373.542,42.744,30.712,93.86,54.729,422.65,8098.8
EV000428,2027-01-31T06:00:00Z,372.658,59.04,27.206,81.86,50.542,418.68,83638.1
EV000060,2027-01-31T12:00:00Z,377.574,46.506,30.745,27.43,39.142,301.61,47261.1
EV000011,2027-01-31T18:00:00Z,357.393,30.375,22.643,76.71,50.954,406.75,90339.0
EV000417,2027-02-01T00:00:00Z,374.622,55.301,26.066,25.6,39.769,295.67,57773.3
EV000327,2027-02-01T06:00:00Z,350.103,46.589,30.36,38.36,51.694,419.75,55890.9
EV000046,2027-02-01T12:00:00Z,358.78,24.215,27.906,34.75,39.724,304.43,67502.1
EV000326,2027-02-01T18:00:00Z,365.07,64.013,26.602,91.24,40.353,334.81,68935.3
EV000406,2027-02-02T00:00:00Z,362.162,48.009,49.005,37.54,49.024,396.13,106046.7
EV000268,2027-02-02T06:00:00Z,366.728,25.648,33.937,54.0,46.187,372.75,108493.7
EV000234,2027-02-02T12:00:00Z,364.026,44.98,31.208,17.98,41.843,333.1,36644.1
EV000041,2027-02-02T18:00:00Z,372.432,33.857,45.444,80.12,47.104,369.47,128433.1
EV000172,2027-02-03T00:00:00Z,358.619,22.357,32.48,83.8,49.708,398.3,131177.1
EV000125,2027-02-03T06:00:00Z,360.936,31.189,29.699,23.07,50.297,397.06,93012.1
EV000139,2027-02-03T12:00:00Z,359.175,7.095,25.461,65.46,48.263,399.28,139287.0
EV000299,2027-02-03T18:00:00Z,388.241,48.683,28.437,71.05,40.806,320.34,31316.2
EV000071,2027-02-04T00:00:00Z,347.815,50.489,31.534,22.97,34.234,261.45,134878.6
EV000018,2027-02-04T06:00:00Z,373.561,56.752,29.662,42.0,53.09,407.1,61701.6
EV000418,2027-02-04T12:00:00Z,348.705,52.899,27.295,67.03,40.616,308.11,21803.7
EV000258,2027-02-04T18:00:00Z,365.307,37.474,31.713,49.02,51.988,414.86,63805.7
EV000366,2027-02-05T00:00:00Z,378.696,71.623,31.943,84.43,46.213,375.21,112361.6
EV000278,2027-02-05T06:00:00Z,372.009,40.136,32.213,58.46,50.062,400.53,85031.2
EV000154,2027-02-05T12:00:00Z,372.132,64.345,30.681,44.5,46.22,375.98,137605.6
EV000495,2027-02-05T18:00:00Z,374.001,41.312,28.821,53.59,51.46,409.07,82981.9
EV000367,2027-02-06T00:00:00Z,354.094,18.35,32.661,28.62,51.158,404.6,99495.0
EV000486,2027-02-06T06:00:00Z,350.467,57.496,32.832,85.77,45.829,358.25,115178.0
EV000209,2027-02-06T12:00:00Z,377.465,42.837,28.262,85.39,47.542,399.48,96531.6
EV000292,2027-02-06T18:00:00Z,370.609,33.484,25.777,24.64,53.591,438.58,41625.6
EV000011,2027-02-07T00:00:00Z,361.158,38.708,28.464,48.07,50.544,393.61,84440.8
EV000455,2027-02-07T06:00:00Z,390.016,18.214,29.148,20.6,49.332,383.84,130435.0
EV000181,2027-02-07T12:00:00Z,363.934,46.572,44.789,33.28,54.197,435.62,52427.3
EV000308,2027-02-07T18:00:00Z,373.871,44.343,31.309,75.72,50.677,417.01,41700.8
EV000008,2027-02-08T00:00:00Z,351.169,36.687,27.88,57.84,53.699,423.74,8935.2
EV000285,2027-02-08T06:00:00Z,370.819,63.405,27.603,49.38,52.432,439.55,15712.3
EV000314,2027-02-08T12:00:00Z,362.108,20.192,27.14,16.48,51.952,394.18,31354.3
EV000194,2027-02-08T18:00:00Z,362.949,72.354,29.269,78.15,41.978,303.67,12016.4
EV000179,2027-02-09T00:00:00Z,356.913,55.364,28.598,38.57,39.832,316.12,73258.2
EV000388,2027-02-09T06:00:00Z,365.036,49.557,24.541,55.18,49.599,393.5,96232.6
EV000453,2027-02-09T12:00:00Z,367.652,34.606,33.304,64.28,49.524,382.71,57770.8
EV000081,2027-02-09T18:00:00Z,368.625,34.957,27.239,89.11,51.16,421.33,100913.0
EV000466,2027-02-10T00:00:00Z,364.777,39.29,29.3,52.2,46.517,369.58,111833.4
EV000093,2027-02-10T06:00:00Z,364.751,49.514,29.502,85.57,51.977,413.16,25517.1
EV000261,2027-02-10T12:00:00Z,375.158,35.366,31.512,41.76,48.815,404.37,94875.6
EV000327,2027-02-10T18:00:00Z,374.052,33.754,26.249,94.17,54.065,431.48,18610.8
EV000429,2027-02-11T00:00:00Z,376.506,73.436,28.934,31.2,50.976,403.99,57747.3
EV000373,2027-02-11T06:00:00Z,351.65,56.498,35.452,24.16,48.441,380.22,109387.2
EV000486,2027-02-11T12:00:00Z,364.635,60.129,27.748,72.32,52.013,414.34,52458.2
EV000043,2027-02-11T18:00:00Z,365.298,29.064,24.565,67.23,53.146,415.07,49799.9
EV000422,2027-02-12T00:00:00Z,360.485,15.016,32.113,48.29,38.066,295.22,55280.1
EV000497,2027-02-12T06:00:00Z,361.855,47.201,28.934,59.55,36.337,294.77,131033.0
EV000018,2027-02-12T12:00:00Z,369.193,31.018,31.369,40.35,48.516,385.21,93960.5
EV000397,2027-02-12T18:00:00Z,362.197,64.551,31.462,60.04,48.734,389.94,95281.3
EV000002,2027-02-13T00:00:00Z,361.021,35.233,45.266,93.63,47.056,371.14,112755.6
EV000109,2027-02-13T06:00:00Z,361.974,55.393,42.363,68.41,45.679,358.96,103772.9
EV000182,2027-02-13T12:00:00Z,381.171,40.368,51.858,34.18,48.388,376.92,99518.5
EV000382,2027-02-13T18:00:00Z,358.018,48.223,32.149,50.81,39.376,318.44,87202.7
EV000296,2027-02-14T00:00:00Z,372.333,30.168,27.914,45.78,42.771,344.39,35871.3
EV000080,2027-02-14T06:00:00Z,367.296,18.796,30.694,62.4,48.279,385.2,119248.0
EV000250,2027-02-14T12:00:00Z,364.122,73.616,32.067,49.35,52.312,430.11,21308.2
EV000391,2027-02-14T18:00:00Z,363.745,33.27,30.61,42.68,35.97,259.52,112251.1
EV000121,2027-02-15T00:00:00Z,378.175,33.526,48.298,18.46,50.672,409.91,23793.9
EV000147,2027-02-15T06:00:00Z,374.949,61.951,31.985,54.09,50.549,411.61,67772.0
EV000435,2027-02-15T12:00:00Z,366.909,51.568,30.461,52.65,53.343,422.4,25043.2
EV000100,2027-02-15T18:00:00Z,344.034,42.007,29.704,53.86,38.184,309.6,107673.2
EV000161,2027-02-16T00:00:00Z,359.08,36.477,31.598,58.72,37.528,317.18,92976.2
EV000187,2027-02-16T06:00:00Z,369.983,51.977,29.94,89.77,36.939,301.85,127519.6
EV000312,2027-02-16T12:00:00Z,375.798,46.16,27.691,23.01,53.84,435.58,44860.8
EV000292,2027-02-16T18:00:00Z,351.678,38.705,29.824,87.34,51.008,413.79,82343.0
EV000250,2027-02-17T00:00:00Z,363.663,43.876,29.402,27.34,53.169,430.42,37162.1
EV000294,2027-02-17T06:00:00Z,382.068,51.591,26.68,51.19,50.677,403.2,64259.4
EV000357,2027-02-17T12:00:00Z,348.528,48.526,31.027,19.08,47.201,384.58,80994.3
EV000176,2027-02-17T18:00:00Z,370.71,45.111,28.782,15.1,44.122,350.11,134815.3
EV000198,2027-02-18T00:00:00Z,364.509,42.449,26.934,89.95,50.335,413.53,16998.0
EV000371,2027-02-18T06:00:00Z,342.135,60.116,25.275,88.67,51.881,403.49,49976.5
EV000176,2027-02-18T12:00:00Z,373.053,33.535,30.06,63.82,52.787,433.24,22184.3
EV000239,2027-02-18T18:00:00Z,375.511,55.991,24.882,62.59,53.32,418.96,50883.8
EV000068,2027-02-19T00:00:00Z,361.37,33.175,28.232,19.42,55.885,442.34,6281.3
EV000220,2027-02-19T06:00:00Z,358.119,60.112,29.083,58.38,53.499,418.19,25753.8
EV000438,2027-02-19T12:00:00Z,358.727,59.587,29.118,81.76,44.196,347.13,137634.3
EV000341,2027-02-19T18:00:00Z,359.482,36.145,27.3,77.12,54.114,432.68,21387.7
EV000453,2027-02-20T00:00:00Z,356.091,50.172,21.958,46.85,51.013,404.94,8431.1
EV000357,2027-02-20T06:00:00Z,359.552,34.731,25.761,36.46,49.136,389.0,70149.4
EV000285,2027-02-20T12:00:00Z,368.567,42.589,25.279,86.57,47.874,383.91,125396.9
EV000488,2027-02-20T18:00:00Z,368.053,28.102,32.178,67.57,40.397,329.14,64665.6
EV000463,2027-02-21T00:00:00Z,367.736,52.69,33.139,62.59,48.296,379.21,125313.0
EV000033,2027-02-21T06:00:00Z,352.378,65.472,34.011,86.08,39.31,292.16,76180.0
EV000075,2027-02-21T12:00:00Z,358.311,32.647,27.194,83.81,48.928,397.44,49242.9
EV000482,2027-02-21T18:00:00Z,354.474,37.277,24.434,70.95,46.601,371.61,114060.3
EV000287,2027-02-22T00:00:00Z,359.297,39.181,28.931,37.57,40.071,325.19,48714.5
EV000109,2027-02-22T06:00:00Z,380.607,29.571,43.758,55.47,51.418,404.74,9681.6
EV000424,2027-02-22T12:00:00Z,359.877,33.899,29.688,46.09,39.973,334.57,58283.9
EV000062,2027-02-22T18:00:00Z,361.667,51.102,36.146,43.93,51.603,414.77,35317.6
EV000288,2027-02-23T00:00:00Z,360.209,64.054,26.918,29.84,55.331,451.11,16889.2
EV000333,2027-02-23T06:00:00Z,354.133,11.325,32.55,20.49,52.046,404.72,33522.6
EV000012,2027-02-23T12:00:00Z,357.442,21.358,27.264,84.18,55.169,442.92,16292.8
EV000122,2027-02-23T18:00:00Z,368.021,37.119,32.161,70.82,55.936,461.24,40549.9
EV000373,2027-02-24T00:00:00Z,370.423,24.599,28.848,33.69,49.713,423.83,78839.4
EV000325,2027-02-24T06:00:00Z,366.357,42.265,29.522,77.24,37.573,298.15,93169.6
EV000027,2027-02-24T12:00:00Z,373.499,48.882,31.158,50.86,48.573,380.59,127499.1
EV000225,2027-02-24T18:00:00Z,362.521,21.212,32.563,37.52,51.494,426.27,19080.7
EV000208,2027-02-25T00:00:00Z,362.835,51.744,28.847,44.21,55.205,429.26,38704.4
EV000487,2027-02-25T06:00:00Z,364.639,43.901,33.905,20.36,48.951,387.64,60783.6
EV000308,2027-02-25T12:00:00Z,383.04,47.237,26.437,52.74,45.931,383.73,130770.6
EV000385,2027-02-25T18:00:00Z,367.47,32.417,31.771,32.74,52.76,421.21,41356.3
EV000121,2027-02-26T00:00:00Z,363.96,18.651,39.863,53.15,49.19,403.35,70053.7
EV000226,2027-02-26T06:00:00Z,363.387,60.062,25.851,31.15,53.512,420.12,34420.1
EV000371,2027-02-26T12:00:00Z,367.253,41.83,24.959,45.2,47.995,397.97,136267.6
EV000336,2027-02-26T18:00:00Z,359.213,57.518,24.152,37.3,49.309,378.17,93431.6
EV000096,2027-02-27T00:00:00Z,366.523,47.384,46.642,40.97,51.354,424.53,72749.1
EV000024,2027-02-27T06:00:00Z,373.324,56.148,28.291,40.09,51.087,390.51,59545.5
EV000006,2027-02-27T12:00:00Z,366.143,39.344,25.103,18.05,36.596,303.87,124962.1
EV000262,2027-02-27T18:00:00Z,373.099,40.578,30.043,69.66,32.608,254.16,139442.4
EV000039,2027-02-28T00:00:00Z,363.408,63.849,24.187,79.59,49.838,397.85,103316.7
EV000410,2027-02-28T06:00:00Z,355.255,43.131,32.808,39.66,39.017,301.97,84169.3
EV000211,2027-02-28T12:00:00Z,369.58,47.197,26.123,29.6,45.199,381.57,133041.4
EV000253,2027-02-28T18:00:00Z,375.188,48.826,28.499,36.64,43.229,332.4,136830.8
EV000146,2027-03-01T00:00:00Z,352.828,52.285,31.021,94.65,52.12,387.64,21700.8
EV000211,2027-03-01T06:00:00Z,358.88,43.926,27.952,65.98,48.342,398.36,122651.9
EV000198,2027-03-01T12:00:00Z,367.493,36.426,25.177,37.8,45.821,354.23,105069.3
EV000129,2027-03-01T18:00:00Z,363.921,24.564,25.917,27.32,33.37,260.88,111588.3
EV000487,2027-03-02T00:00:00Z,354.031,75.298,27.885,92.58,49.378,383.34,79731.0
EV000231,2027-03-02T06:00:00Z,367.556,35.27,31.092,47.06,44.336,372.48,134688.0
EV000342,2027-03-02T12:00:00Z,361.195,46.127,28.878,49.18,48.153,367.35,91705.2
EV000391,2027-03-02T18:00:00Z,371.485,42.905,26.473,63.4,37.731,302.49,80182.6
EV000343,2027-03-03T00:00:00Z,371.037,47.917,23.19,74.55,47.066,380.26,115348.6
EV000357,2027-03-03T06:00:00Z,369.983,42.244,26.031,76.23,52.628,419.16,12276.8
EV000243,2027-03-03T12:00:00Z,374.916,22.654,32.121,36.34,51.544,424.11,56556.4
EV000067,2027-03-03T18:00:00Z,357.463,35.958,35.11,39.91,47.398,375.17,107513.4
EV000083,2027-03-04T00:00:00Z,366.137,35.76,31.442,83.51,40.761,346.5,11391.8
EV000164,2027-03-04T06:00:00Z,357.504,66.246,30.535,24.95,39.24,299.93,42496.9
EV000232,2027-03-04T12:00:00Z,361.785,43.459,29.588,16.11,51.238,412.49,71667.1
EV000198,2027-03-04T18:00:00Z,369.491,51.344,26.096,59.81,49.198,391.14,109554.1
EV000500,2027-03-05T00:00:00Z,370.778,30.347,29.992,47.48,48.371,373.08,96046.0
EV000204,2027-03-05T06:00:00Z,366.35,48.206,29.018,90.39,38.054,306.24,112745.6
EV000373,2027-03-05T12:00:00Z,361.646,46.54,27.615,16.75,47.215,373.84,138077.3
EV000482,2027-03-05T18:00:00Z,363.271,28.837,31.733,33.26,49.75,397.36,88431.7
EV000321,2027-03-06T00:00:00Z,352.352,59.093,25.014,69.75,49.854,413.65,93022.7
EV000405,2027-03-06T06:00:00Z,361.774,17.508,34.399,86.31,52.813,426.62,39639.3
EV000398,2027-03-06T12:00:00Z,356.894,9.675,25.929,35.9,48.147,361.74,121148.7
EV000131,2027-03-06T18:00:00Z,367.618,39.098,30.15,85.1,53.44,444.08,6091.9
EV000155,2027-03-07T00:00:00Z,365.851,36.725,50.358,38.68,51.507,417.06,95718.4
EV000321,2027-03-07T06:00:00Z,364.123,52.549,27.653,18.35,50.477,406.81,13208.9
EV000021,2027-03-07T12:00:00Z,371.311,40.415,29.62,37.0,37.952,282.9,83586.8
EV000119,2027-03-07T18:00:00Z,372.884,26.429,26.01,72.15,47.094,370.48,115032.6
EV000043,2027-03-08T00:00:00Z,356.273,46.274,29.334,92.77,46.101,373.96,133641.0
EV000222,2027-03-08T06:00:00Z,369.125,51.197,29.619,67.66,39.846,311.19,48195.0
EV000347,2027-03-08T12:00:00Z,354.209,47.769,33.092,24.56,37.672,289.22,106370.2
EV000296,2027-03-08T18:00:00Z,365.472,45.702,24.414,72.34,42.631,342.38,12387.1
EV000369,2027-03-09T00:00:00Z,383.474,33.902,24.916,30.62,48.214,384.23,118986.6
EV000206,2027-03-09T06:00:00Z,366.63,29.88,24.325,60.65,38.693,293.72,132805.3
EV000043,2027-03-09T12:00:00Z,352.93,50.27,21.509,70.98,48.173,387.78,124730.1
EV000247,2027-03-09T18:00:00Z,368.074,44.692,27.548,22.88,37.756,293.8,97089.2
EV000441,2027-03-10T00:00:00Z,370.018,51.236,48.262,40.88,50.806,386.31,75431.9
EV000261,2027-03-10T06:00:00Z,359.494,47.196,27.696,25.95,52.112,407.17,44428.9
EV000370,2027-03-10T12:00:00Z,367.403,48.237,29.797,82.58,52.258,425.51,40915.2
EV000066,2027-03-10T18:00:00Z,374.433,55.024,25.714,43.9,51.493,396.68,36203.6
EV000131,2027-03-11T00:00:00Z,358.952,42.321,30.298,45.1,52.268,438.24,42993.0
EV000133,2027-03-11T06:00:00Z,369.714,56.639,29.0,86.39,40.577,315.8,69066.9
EV000118,2027-03-11T12:00:00Z,368.672,26.216,29.917,76.75,39.449,315.17,106859.2
EV000287,2027-03-11T18:00:00Z,356.094,53.213,29.804,64.68,36.286,291.46,104196.6
EV000459,2027-03-12T00:00:00Z,358.499,44.233,28.184,92.65,47.985,360.94,113259.3
EV000301,2027-03-12T06:00:00Z,362.336,32.03,25.262,82.42,37.203,301.0,96197.3
EV000023,2027-03-12T12:00:00Z,374.353,67.224,41.446,83.1,47.202,370.08,107338.2
EV000469,2027-03-12T18:00:00Z,367.874,48.205,29.019,26.9,51.142,401.86,85413.9
EV000056,2027-03-13T00:00:00Z,368.092,33.188,40.968,87.03,48.05,358.89,44194.3
EV000018,2027-03-13T06:00:00Z,366.216,45.148,27.168,50.97,48.037,392.13,99916.1
EV000037,2027-03-13T12:00:00Z,373.717,61.711,34.001,37.15,35.304,276.0,137860.6
EV000461,2027-03-13T18:00:00Z,374.399,59.667,33.623,36.37,47.903,374.93,121324.9
EV000330,2027-03-14T00:00:00Z,368.79,33.434,30.388,44.77,39.23,314.17,44230.3
EV000070,2027-03-14T06:00:00Z,367.141,46.468,27.52,33.95,48.268,401.95,91510.5
EV000444,2027-03-14T12:00:00Z,364.673,37.441,25.176,18.65,40.982,341.98,36487.7
EV000367,2027-03-14T18:00:00Z,369.92,32.63,30.644,72.53,51.951,408.57,49948.9
EV000454,2027-03-15T00:00:00Z,359.815,30.722,42.671,64.89,50.451,386.14,80742.3
EV000217,2027-03-15T06:00:00Z,365.409,42.799,29.52,47.12,45.71,361.0,139388.6
EV000210,2027-03-15T12:00:00Z,350.445,32.058,28.978,44.87,48.945,396.88,133016.7
EV000497,2027-03-15T18:00:00Z,368.831,33.703,30.916,17.64,45.087,354.72,6481.6
EV000072,2027-03-16T00:00:00Z,363.776,45.136,25.914,79.13,48.466,384.92,123475.1
EV000102,2027-03-16T06:00:00Z,363.584,48.236,27.788,20.7,44.024,358.26,133898.5
EV000190,2027-03-16T12:00:00Z,365.795,54.575,26.206,32.18,48.11,373.16,113938.0
EV000025,2027-03-16T18:00:00Z,385.024,60.791,33.57,19.77,52.697,423.77,41624.7
EV000314,2027-03-17T00:00:00Z,372.459,65.197,30.41,30.13,50.88,439.47,86149.6
EV000282,2027-03-17T06:00:00Z,366.24,24.671,30.873,72.19,47.406,400.53,89260.1
EV000227,2027-03-17T12:00:00Z,364.225,6.624,30.688,45.94,40.425,319.71,83847.4
EV000376,2027-03-17T18:00:00Z,362.173,36.518,29.116,64.14,52.362,422.71,33308.7
EV000259,2027-03-18T00:00:00Z,351.016,28.138,33.397,67.62,51.267,415.23,51459.3
EV000411,2027-03-18T06:00:00Z,354.011,16.711,31.678,42.19,49.138,383.92,115349.9
EV000485,2027-03-18T12:00:00Z,366.43,31.666,29.215,45.69,51.939,420.24,43396.8
EV000455,2027-03-18T18:00:00Z,381.496,28.039,33.94,94.87,53.5,442.65,31152.6
EV000287,2027-03-19T00:00:00Z,359.191,37.539,25.374,60.87,41.674,341.43,32345.3
EV000352,2027-03-19T06:00:00Z,369.631,37.663,30.176,36.25,37.176,302.83,102007.3
EV000196,2027-03-19T12:00:00Z,356.14,37.514,29.85,66.8,35.075,286.44,135031.0
EV000498,2027-03-19T18:00:00Z,355.243,46.801,29.751,37.2,52.482,431.6,32846.8
EV000131,2027-03-20T00:00:00Z,358.156,50.902,28.228,79.28,48.968,404.8,65669.4
EV000020,2027-03-20T06:00:00Z,360.512,52.887,32.912,20.85,50.545,413.98,44605.0
EV000197,2027-03-20T12:00:00Z,364.133,57.228,26.261,93.32,53.308,415.68,39413.6
EV000178,2027-03-20T18:00:00Z,371.07,39.914,29.487,65.98,52.799,406.71,5937.6
EV000261,2027-03-21T00:00:00Z,375.569,44.827,28.552,47.38,47.114,375.7,125136.5
EV000055,2027-03-21T06:00:00Z,364.859,57.958,31.325,20.88,41.975,327.98,45638.7
EV000427,2027-03-21T12:00:00Z,357.873,50.875,28.569,62.27,46.934,371.39,100903.9
EV000359,2027-03-21T18:00:00Z,363.295,40.44,28.243,52.3,44.773,339.49,128483.8
EV000469,2027-03-22T00:00:00Z,354.739,54.31,30.458,24.14,50.123,394.54,65688.2
EV000238,2027-03-22T06:00:00Z,359.015,57.147,42.748,66.47,54.024,439.03,15240.3
EV000119,2027-03-22T12:00:00Z,373.922,59.032,30.925,86.64,46.57,358.09,133304.8
EV000269,2027-03-22T18:00:00Z,378.379,61.415,31.859,29.58,46.109,339.99,127808.6
EV000008,2027-03-23T00:00:00Z,367.774,41.691,30.318,88.91,51.087,416.44,19956.1
EV000144,2027-03-23T06:00:00Z,366.078,36.397,23.654,79.53,52.115,425.34,54998.7
EV000113,2027-03-23T12:00:00Z,355.83,0.207,44.851,81.59,47.987,374.92,116030.0
EV000440,2027-03-23T18:00:00Z,348.571,54.61,26.916,66.42,52.184,406.34,26209.6
EV000113,2027-03-24T00:00:00Z,355.297,49.848,44.007,71.15,49.173,379.65,72144.5
EV000237,2027-03-24T06:00:00Z,352.822,51.641,31.688,59.51,53.515,430.97,82636.4
EV000402,2027-03-24T12:00:00Z,375.847,62.246,27.201,79.94,52.311,405.07,47734.9
EV000004,2027-03-24T18:00:00Z,374.731,48.912,23.348,71.08,47.72,371.21,117831.7
EV000097,2027-03-25T00:00:00Z,371.584,31.45,32.706,67.62,37.436,310.67,82085.4
EV000089,2027-03-25T06:00:00Z,378.292,62.446,28.289,63.38,39.897,293.97,119850.9
EV000007,2027-03-25T12:00:00Z,368.187,48.191,28.311,55.99,49.075,394.43,99922.8
EV000302,2027-03-25T18:00:00Z,364.036,57.319,26.943,15.51,49.277,386.08,61557.0
EV000140,2027-03-26T00:00:00Z,370.072,57.317,35.022,49.63,54.169,417.55,26392.7
EV000320,2027-03-26T06:00:00Z,372.589,57.4,27.587,72.68,47.59,379.5,93115.3
EV000381,2027-03-26T12:00:00Z,356.876,47.877,26.701,57.77,51.012,421.93,53469.7
EV000387,2027-03-26T18:00:00Z,358.471,57.77,30.306,22.17,52.341,408.68,69779.1
EV000168,2027-03-27T00:00:00Z,361.377,43.829,29.272,87.73,54.275,452.22,22162.2
EV000105,2027-03-27T06:00:00Z,375.511,52.304,27.67,58.04,35.983,287.92,110407.5
EV000487,2027-03-27T12:00:00Z,351.448,25.403,28.107,42.0,49.714,390.63,116485.3
EV000058,2027-03-27T18:00:00Z,355.852,49.165,29.686,19.89,47.373,371.79,136781.7
EV000352,2027-03-28T00:00:00Z,357.709,53.017,25.091,20.25,36.653,298.23,87056.6
EV000221,2027-03-28T06:00:00Z,375.594,42.867,28.741,57.57,50.614,406.5,34870.9
EV000479,2027-03-28T12:00:00Z,355.889,14.468,27.809,84.13,48.166,399.27,127616.8
EV000039,2027-03-28T18:00:00Z,360.922,35.568,28.933,66.44,56.077,443.79,6779.4
EV000214,2027-03-29T00:00:00Z,355.229,26.288,33.137,61.77,51.892,433.51,61054.4
EV000324,2027-03-29T06:00:00Z,364.224,56.48,51.626,75.93,50.378,407.52,57071.1
EV000180,2027-03-29T12:00:00Z,359.869,44.196,29.612,45.92,48.367,392.43,80218.5
EV000422,2027-03-29T18:00:00Z,364.431,34.327,33.914,59.4,38.043,285.03,51481.7
EV000454,2027-03-30T00:00:00Z,365.094,40.498,42.657,69.38,51.006,392.15,66279.1
EV000212,2027-03-30T06:00:00Z,375.376,29.997,27.232,37.73,37.557,301.96,96004.8
EV000199,2027-03-30T12:00:00Z,378.289,21.613,29.352,85.14,48.772,372.52,77802.4
EV000027,2027-03-30T18:00:00Z,376.565,26.826,29.219,31.67,53.907,421.81,6840.5
EV000369,2027-03-31T00:00:00Z,362.128,49.931,31.139,47.18,53.852,425.43,26320.5
EV000466,2027-03-31T06:00:00Z,370.046,33.327,30.3,67.73,53.856,433.41,8601.5
EV000092,2027-03-31T12:00:00Z,362.229,46.444,31.796,32.83,46.116,369.92,134344.8
EV000472,2027-03-31T18:00:00Z,358.846,37.816,42.077,40.5,52.582,417.68,44905.4
EV000168,2027-04-01T00:00:00Z,371.954,32.807,33.6,42.5,44.1,349.0,122300.5
EV000172,2027-04-01T06:00:00Z,370.347,23.616,31.498,47.33,50.251,401.56,77939.4
EV000085,2027-04-01T12:00:00Z,357.627,57.024,24.619,15.82,49.609,404.84,80706.3
EV000373,2027-04-01T18:00:00Z,361.862,24.667,26.629,67.25,53.947,440.49,30868.2
EV000432,2027-04-02T00:00:00Z,363.614,38.039,26.654,88.79,52.647,410.21,16560.1
EV000100,2027-04-02T06:00:00Z,363.771,66.395,28.825,66.89,37.844,315.01,74011.5
EV000158,2027-04-02T12:00:00Z,363.905,43.663,26.044,47.54,50.021,411.01,35845.5
EV000394,2027-04-02T18:00:00Z,366.431,48.439,28.142,21.98,46.506,377.52,136242.5
EV000125,2027-04-03T00:00:00Z,369.004,44.689,31.469,39.29,47.306,383.0,106218.9
EV000048,2027-04-03T06:00:00Z,372.703,48.411,27.484,17.75,53.09,408.2,18579.2
EV000495,2027-04-03T12:00:00Z,359.461,53.91,27.856,46.89,55.284,456.82,49963.2
EV000355,2027-04-03T18:00:00Z,363.63,42.276,23.569,79.0,49.523,417.78,100275.1
EV000480,2027-04-04T00:00:00Z,376.292,55.739,34.542,29.19,47.995,374.79,97743.2
EV000136,2027-04-04T06:00:00Z,366.652,17.0,44.949,25.83,48.286,373.36,88185.8
EV000260,2027-04-04T12:00:00Z,371.142,38.435,29.276,45.63,36.029,297.09,133014.3
EV000253,2027-04-04T18:00:00Z,369.539,35.655,27.17,61.04,56.118,442.03,12649.3
EV000471,2027-04-05T00:00:00Z,358.39,40.72,28.142,48.23,49.417,399.94,123897.1
EV000317,2027-04-05T06:00:00Z,356.427,37.545,28.981,64.28,47.084,360.98,84106.9
EV000255,2027-04-05T12:00:00Z,366.672,31.297,42.231,44.82,46.649,387.33,115175.8
EV000422,2027-04-05T18:00:00Z,349.684,38.049,32.138,31.2,40.783,340.61,15821.2
EV000433,2027-04-06T00:00:00Z,375.255,34.713,28.014,70.52,52.194,433.15,20558.9
EV000233,2027-04-06T06:00:00Z,373.059,51.65,32.491,22.12,47.139,371.34,114402.5
EV000396,2027-04-06T12:00:00Z,372.274,51.024,45.324,59.38,50.715,398.75,100653.4
EV000253,2027-04-06T18:00:00Z,363.034,37.837,33.667,15.24,53.073,407.82,44678.8
EV000083,2027-04-07T00:00:00Z,361.481,34.723,31.631,86.28,40.739,310.71,60310.9
EV000092,2027-04-07T06:00:00Z,357.968,43.959,31.282,50.83,47.136,375.83,109288.7
EV000496,2027-04-07T12:00:00Z,358.985,53.54,28.206,44.67,38.387,302.04,106046.9
EV000181,2027-04-07T18:00:00Z,366.149,45.322,49.627,45.82,47.333,372.36,104216.3
EV000307,2027-04-08T00:00:00Z,359.835,37.926,32.062,88.3,35.229,294.9,134652.2
EV000249,2027-04-08T06:00:00Z,372.254,45.761,33.236,70.31,45.528,339.04,122208.6
EV000416,2027-04-08T12:00:00Z,365.233,30.314,27.329,63.95,48.66,385.14,85481.6
EV000213,2027-04-08T18:00:00Z,364.135,56.75,32.085,51.58,47.344,374.56,116074.3
EV000342,2027-04-09T00:00:00Z,366.573,32.519,31.544,65.08,46.848,385.5,106948.8
EV000279,2027-04-09T06:00:00Z,381.556,55.946,34.766,87.45,50.812,409.45,83228.1
EV000495,2027-04-09T12:00:00Z,361.849,50.88,29.491,75.25,51.089,405.17,29038.7
EV000493,2027-04-09T18:00:00Z,362.595,48.809,25.287,17.9,38.647,299.83,91540.5
EV000213,2027-04-10T00:00:00Z,382.723,53.095,27.396,87.93,49.794,431.76,88656.7
EV000051,2027-04-10T06:00:00Z,365.937,26.362,44.544,70.58,54.832,446.33,29599.3
EV000224,2027-04-10T12:00:00Z,372.333,60.134,26.001,78.65,34.948,256.32,111535.5
EV000238,2027-04-10T18:00:00Z,371.438,55.538,42.821,21.62,44.782,350.22,111491.6
EV000376,2027-04-11T00:00:00Z,351.552,74.975,29.973,61.08,48.135,405.79,116804.6
EV000003,2027-04-11T06:00:00Z,357.872,34.095,30.132,40.01,34.62,269.33,84948.9
EV000184,2027-04-11T12:00:00Z,357.933,46.038,29.425,53.5,46.762,382.67,133719.6
EV000061,2027-04-11T18:00:00Z,369.569,53.062,29.647,59.98,43.686,324.93,29998.5
EV000218,2027-04-12T00:00:00Z,370.88,33.648,26.78,20.91,46.363,372.79,129254.8
EV000132,2027-04-12T06:00:00Z,366.355,36.416,49.642,83.7,54.631,440.41,33479.5
EV000169,2027-04-12T12:00:00Z,360.871,49.287,24.941,73.04,53.412,423.79,54147.4
EV000472,2027-04-12T18:00:00Z,364.682,59.537,43.54,75.98,53.001,400.58,16844.5
EV000031,2027-04-13T00:00:00Z,368.88,46.576,33.05,15.25,51.256,405.75,46582.1
EV000428,2027-04-13T06:00:00Z,367.897,73.87,28.621,32.89,53.663,427.81,10926.7
EV000406,2027-04-13T12:00:00Z,357.464,50.006,47.11,41.76,52.207,402.93,78516.7
EV000001,2027-04-13T18:00:00Z,361.997,41.223,31.328,84.63,49.639,388.89,65638.4
EV000335,2027-04-14T00:00:00Z,362.693,18.262,43.346,31.66,49.587,388.7,84920.1
EV000361,2027-04-14T06:00:00Z,374.245,44.48,46.623,27.99,48.393,381.26,108508.6
EV000437,2027-04-14T12:00:00Z,358.824,26.698,34.443,40.31,43.223,352.39,28038.8
EV000052,2027-04-14T18:00:00Z,364.643,56.074,26.568,90.72,46.979,374.58,127820.0
EV000029,2027-04-15T00:00:00Z,365.157,65.075,27.419,87.48,51.506,406.0,39196.1
EV000266,2027-04-15T06:00:00Z,371.207,50.699,26.332,65.35,49.306,413.72,79825.6
EV000061,2027-04-15T12:00:00Z,369.778,41.675,30.115,81.26,34.905,285.74,134597.8
EV000188,2027-04-15T18:00:00Z,384.476,32.912,29.97,27.36,52.816,435.87,42027.5
EV000013,2027-04-16T00:00:00Z,353.975,49.391,46.533,16.79,46.304,369.14,120236.3
EV000410,2027-04-16T06:00:00Z,368.381,48.396,29.431,43.46,31.95,247.93,135587.2
EV000167,2027-04-16T12:00:00Z,365.711,53.62,24.312,89.61,47.797,379.5,110413.0
EV000252,2027-04-16T18:00:00Z,367.364,40.72,28.891,45.86,45.703,373.47,130402.8
EV000120,2027-04-17T00:00:00Z,358.345,15.756,29.646,92.3,34.977,289.3,137475.3
EV000373,2027-04-17T06:00:00Z,354.879,36.226,25.15,36.56,52.222,424.39,33017.0
EV000239,2027-04-17T12:00:00Z,367.841,52.707,24.9,19.87,48.417,383.08,117080.9
EV000362,2027-04-17T18:00:00Z,359.372,50.317,26.989,70.26,53.781,436.87,13145.9
EV000430,2027-04-18T00:00:00Z,364.345,25.344,30.123,39.87,50.331,417.5,38176.3
EV000454,2027-04-18T06:00:00Z,368.077,66.117,48.019,53.33,53.667,412.48,16787.1
EV000373,2027-04-18T12:00:00Z,349.303,52.105,24.655,42.55,48.018,393.81,112703.2
EV000339,2027-04-18T18:00:00Z,338.02,31.336,28.585,45.04,51.916,443.97,36939.9
EV000095,2027-04-19T00:00:00Z,366.867,46.871,46.599,88.4,47.714,360.57,56837.1
EV000327,2027-04-19T06:00:00Z,363.328,34.727,29.473,88.56,52.781,412.9,5855.6
EV000242,2027-04-19T12:00:00Z,362.238,50.605,32.537,71.42,48.343,385.13,91695.4
EV000184,2027-04-19T18:00:00Z,364.451,66.932,25.835,26.32,52.243,396.35,85554.4
EV000224,2027-04-20T00:00:00Z,362.42,61.071,27.201,65.15,35.603,283.1,99767.6
EV000262,2027-04-20T06:00:00Z,363.264,54.056,27.272,47.34,37.004,327.8,102335.6
EV000027,2027-04-20T12:00:00Z,351.401,51.496,27.515,92.21,52.224,410.18,13708.6
EV000065,2027-04-20T18:00:00Z,365.72,60.801,23.752,20.5,48.77,377.9,76772.7
EV000142,2027-04-21T00:00:00Z,355.672,42.353,33.398,21.48,46.698,361.97,111187.9
EV000394,2027-04-21T06:00:00Z,356.121,38.058,33.518,18.57,45.864,369.49,110847.9
EV000361,2027-04-21T12:00:00Z,371.604,41.932,43.348,31.63,50.708,382.75,100594.8
EV000021,2027-04-21T18:00:00Z,363.568,35.21,29.873,32.12,37.572,299.93,134409.7
EV000437,2027-04-22T00:00:00Z,364.608,45.077,28.593,28.23,38.895,317.86,92166.4
EV000062,2027-04-22T06:00:00Z,363.943,33.435,32.395,47.51,47.272,379.18,113961.5
EV000412,2027-04-22T12:00:00Z,354.744,36.763,31.736,45.13,52.341,432.48,66218.4
EV000212,2027-04-22T18:00:00Z,372.437,51.02,30.396,88.32,38.684,283.68,75632.5
EV000367,2027-04-23T00:00:00Z,357.582,52.518,32.905,82.54,54.21,427.95,9442.1
EV000218,2027-04-23T06:00:00Z,365.78,36.501,29.192,54.46,49.561,398.98,68328.8
EV000397,2027-04-23T12:00:00Z,358.058,40.167,27.259,89.63,54.584,444.0,20817.4
EV000490,2027-04-23T18:00:00Z,375.792,54.752,24.475,46.02,51.044,400.03,72631.1
EV000013,2027-04-24T00:00:00Z,358.244,48.685,41.636,15.43,51.544,422.55,34524.7
EV000325,2027-04-24T06:00:00Z,380.502,24.304,28.998,34.45,44.552,357.0,6136.4
EV000444,2027-04-24T12:00:00Z,376.796,28.604,26.7,23.27,37.163,282.46,77092.6
EV000221,2027-04-24T18:00:00Z,354.881,34.709,29.952,92.96,49.817,407.18,84994.1
EV000104,2027-04-25T00:00:00Z,371.151,29.239,31.467,23.73,46.634,371.84,139967.4
EV000476,2027-04-25T06:00:00Z,378.982,45.482,25.294,22.22,49.594,401.07,135009.9
EV000083,2027-04-25T12:00:00Z,372.72,67.479,32.124,49.13,36.39,284.56,84193.7
EV000481,2027-04-25T18:00:00Z,357.223,27.506,25.183,59.46,48.51,382.45,93134.6
EV000116,2027-04-26T00:00:00Z,361.412,51.059,29.768,64.98,46.873,375.59,115895.6
EV000285,2027-04-26T06:00:00Z,362.393,38.131,29.644,44.25,48.948,382.28,94987.1
EV000118,2027-04-26T12:00:00Z,361.485,58.026,26.669,69.49,41.973,337.26,5504.0
EV000144,2027-04-26T18:00:00Z,360.371,26.151,31.869,80.39,50.486,402.5,70137.8
EV000019,2027-04-27T00:00:00Z,362.824,33.158,27.277,64.09,46.394,367.41,98682.9
EV000208,2027-04-27T06:00:00Z,373.486,43.327,32.269,66.78,50.839,410.22,70457.3
EV000104,2027-04-27T12:00:00Z,350.2,52.132,32.164,79.98,48.784,390.25,83787.2
EV000462,2027-04-27T18:00:00Z,382.996,38.856,27.134,60.54,30.656,231.74,138273.1
EV000453,2027-04-28T00:00:00Z,366.641,38.114,28.911,43.46,49.791,417.59,51652.9
EV000330,2027-04-28T06:00:00Z,379.851,52.627,29.951,71.72,43.407,339.36,19915.2
EV000396,2027-04-28T12:00:00Z,368.947,22.482,45.195,72.86,52.885,410.44,52019.0
EV000140,2027-04-28T18:00:00Z,366.181,36.885,48.821,93.09,57.302,463.71,21666.3
EV000379,2027-04-29T00:00:00Z,363.662,46.248,26.01,23.71,51.777,408.83,25916.3
EV000249,2027-04-29T06:00:00Z,360.797,44.361,25.337,68.26,45.82,359.28,108711.8
EV000055,2027-04-29T12:00:00Z,366.401,42.748,29.509,26.18,38.875,301.92,99386.7
EV000350,2027-04-29T18:00:00Z,370.659,43.904,23.632,43.5,38.952,312.47,51480.9
EV000143,2027-04-30T00:00:00Z,370.481,47.901,30.504,21.12,49.433,385.01,103708.5
EV000209,2027-04-30T06:00:00Z,378.806,26.831,26.189,66.51,47.841,394.15,138764.9
EV000030,2027-04-30T12:00:00Z,356.343,24.921,27.497,46.69,43.962,349.29,134617.1
EV000297,2027-04-30T18:00:00Z,371.661,41.671,29.298,67.66,52.413,415.09,80196.5
EV000116,2027-05-01T00:00:00Z,356.806,28.907,33.029,58.11,50.435,408.91,65940.9
EV000499,2027-05-01T06:00:00Z,364.504,46.489,34.113,30.4,51.046,420.46,82605.2
EV000058,2027-05-01T12:00:00Z,362.29,34.482,28.717,27.7,53.494,430.02,78732.2
EV000068,2027-05-01T18:00:00Z,374.553,22.183,31.867,82.18,55.542,444.55,41294.6
EV000319,2027-05-02T00:00:00Z,361.904,37.362,27.003,81.63,46.787,375.57,109523.8
EV000340,2027-05-02T06:00:00Z,365.763,37.634,25.963,27.93,48.997,386.05,112609.2
EV000357,2027-05-02T12:00:00Z,372.052,39.182,33.391,83.5,49.118,413.89,84181.3
EV000437,2027-05-02T18:00:00Z,365.322,59.857,28.212,46.18,37.131,283.4,81924.8
EV000065,2027-05-03T00:00:00Z,373.665,29.527,31.51,86.17,47.963,354.07,120782.1
EV000269,2027-05-03T06:00:00Z,361.346,43.567,29.175,74.92,53.969,449.93,21608.8
EV000227,2027-05-03T12:00:00Z,378.837,33.337,28.868,20.45,42.969,359.63,26839.3
EV000247,2027-05-03T18:00:00Z,367.386,43.466,26.741,16.33,42.636,333.2,68533.8
EV000015,2027-05-04T00:00:00Z,359.906,59.102,31.316,44.93,35.958,316.63,95292.4
EV000162,2027-05-04T06:00:00Z,370.988,71.405,23.8,55.59,47.468,394.5,131164.9
EV000384,2027-05-04T12:00:00Z,373.335,34.71,32.538,58.49,47.838,372.17,97991.1
EV000264,2027-05-04T18:00:00Z,365.609,42.978,30.428,28.14,38.269,298.75,58805.2
EV000235,2027-05-05T00:00:00Z,356.591,44.173,32.521,65.04,44.117,363.72,19682.1
EV000377,2027-05-05T06:00:00Z,372.256,37.871,26.036,30.36,52.386,432.04,36309.2
EV000500,2027-05-05T12:00:00Z,370.109,37.054,28.539,26.96,52.9,422.53,48013.2
EV000384,2027-05-05T18:00:00Z,355.754,10.904,30.647,32.11,47.881,388.38,135671.3
EV000298,2027-05-06T00:00:00Z,366.063,40.279,30.829,31.1,48.31,398.4,129918.1
EV000319,2027-05-06T06:00:00Z,368.682,59.718,25.877,37.9,48.416,389.07,95794.4
EV000441,2027-05-06T12:00:00Z,360.68,33.907,39.8,68.57,46.575,389.22,123808.5
EV000315,2027-05-06T18:00:00Z,369.847,43.916,31.267,79.89,46.681,369.52,133564.9
EV000366,2027-05-07T00:00:00Z,356.255,22.662,31.389,42.86,49.722,403.97,112422.0
EV000403,2027-05-07T06:00:00Z,376.843,43.858,33.577,82.39,50.955,420.96,79790.0
EV000392,2027-05-07T12:00:00Z,367.281,55.074,31.643,90.19,44.717,351.92,126052.8
EV000045,2027-05-07T18:00:00Z,365.226,50.067,27.127,63.02,48.516,372.3,77072.2
EV000017,2027-05-08T00:00:00Z,352.052,38.928,31.46,81.36,53.718,448.02,8859.3
EV000277,2027-05-08T06:00:00Z,369.043,29.017,24.049,46.32,48.564,378.11,72182.9
EV000065,2027-05-08T12:00:00Z,366.853,43.745,33.197,78.78,49.696,417.16,110358.4
EV000492,2027-05-08T18:00:00Z,369.781,50.28,23.341,54.2,40.065,313.28,83803.8
EV000276,2027-05-09T00:00:00Z,366.816,36.737,27.023,81.92,36.137,283.22,101290.6
EV000169,2027-05-09T06:00:00Z,380.823,36.989,24.952,37.13,47.123,390.55,124950.0
EV000252,2027-05-09T12:00:00Z,365.782,59.054,28.719,74.95,52.891,433.41,15784.2
EV000390,2027-05-09T18:00:00Z,360.93,56.634,30.316,50.88,52.417,403.2,13970.5
EV000157,2027-05-10T00:00:00Z,358.644,39.638,23.824,79.57,37.706,291.88,81833.6
EV000221,2027-05-10T06:00:00Z,365.227,51.214,30.393,78.59,50.16,395.06,61490.8
EV000456,2027-05-10T12:00:00Z,364.37,30.801,24.331,34.27,51.524,422.21,56679.8
EV000147,2027-05-10T18:00:00Z,355.667,62.278,27.081,73.05,53.658,443.39,39600.1
EV000287,2027-05-11T00:00:00Z,361.51,32.068,32.652,15.83,36.236,291.33,123900.3
EV000194,2027-05-11T06:00:00Z,365.852,23.579,28.243,44.8,33.118,258.28,134378.9
EV000061,2027-05-11T12:00:00Z,349.335,47.893,29.647,37.34,39.995,302.63,64238.1
EV000410,2027-05-11T18:00:00Z,375.625,19.632,30.053,71.59,39.422,297.84,71334.1
EV000166,2027-05-12T00:00:00Z,356.085,57.256,33.481,92.46,51.983,435.08,55866.0
EV000311,2027-05-12T06:00:00Z,379.07,54.499,30.253,85.26,53.994,412.97,21655.2
EV000084,2027-05-12T12:00:00Z,369.427,35.846,30.668,61.02,49.895,398.63,85528.9
EV000375,2027-05-12T18:00:00Z,358.648,40.712,27.912,61.08,48.074,374.65,60958.1
EV000435,2027-05-13T00:00:00Z,364.187,52.467,24.064,61.76,47.109,391.44,123043.6
EV000178,2027-05-13T06:00:00Z,376.436,57.103,25.939,45.61,51.884,403.14,16399.6
EV000008,2027-05-13T12:00:00Z,364.865,52.92,28.322,30.09,48.047,375.18,93763.2
EV000151,2027-05-13T18:00:00Z,361.149,48.495,33.133,49.81,54.133,425.28,13634.1
EV000439,2027-05-14T00:00:00Z,357.538,20.991,27.605,15.42,51.842,400.12,87313.1
EV000094,2027-05-14T06:00:00Z,372.997,48.072,23.261,15.83,40.129,335.53,94488.6
EV000093,2027-05-14T12:00:00Z,368.125,42.121,33.54,20.06,50.634,388.27,41816.0
EV000488,2027-05-14T18:00:00Z,393.349,34.522,30.743,26.62,40.796,313.46,25933.4
EV000113,2027-05-15T00:00:00Z,354.688,61.461,45.859,91.15,52.495,413.61,47128.7
EV000185,2027-05-15T06:00:00Z,364.781,36.961,24.776,89.79,52.704,411.49,53183.1
EV000172,2027-05-15T12:00:00Z,364.868,39.02,24.496,49.51,48.682,377.56,120166.3
EV000398,2027-05-15T18:00:00Z,374.872,48.915,26.78,20.89,53.134,434.49,36267.0
EV000276,2027-05-16T00:00:00Z,364.816,38.44,30.964,30.83,41.384,334.1,71475.5
EV000195,2027-05-16T06:00:00Z,368.624,39.05,46.787,41.84,47.78,371.66,133860.2
EV000434,2027-05-16T12:00:00Z,371.028,51.385,29.874,93.7,50.335,389.92,93415.6
EV000275,2027-05-16T18:00:00Z,372.021,39.083,32.6,40.17,46.835,388.73,110492.1
EV000366,2027-05-17T00:00:00Z,351.215,57.595,31.492,43.63,52.777,422.18,5756.9
EV000433,2027-05-17T06:00:00Z,363.111,56.091,33.167,74.69,51.446,416.81,60831.7
EV000306,2027-05-17T12:00:00Z,350.691,17.938,31.895,50.69,54.116,433.22,11648.7
EV000104,2027-05-17T18:00:00Z,373.109,48.354,28.873,54.47,48.046,387.58,98260.9
EV000336,2027-05-18T00:00:00Z,360.38,30.976,30.677,23.83,45.642,349.03,136603.3
EV000273,2027-05-18T06:00:00Z,350.992,45.245,31.024,41.92,55.278,430.87,12153.0
EV000035,2027-05-18T12:00:00Z,357.498,39.908,32.322,74.31,50.58,392.32,94610.3
EV000123,2027-05-18T18:00:00Z,361.88,52.731,27.644,65.92,49.766,406.98,88083.6
EV000418,2027-05-19T00:00:00Z,350.708,50.091,26.049,72.67,40.348,317.09,28748.1
EV000492,2027-05-19T06:00:00Z,361.201,31.508,34.529,39.7,34.12,265.56,129680.1
EV000398,2027-05-19T12:00:00Z,371.003,26.287,31.015,42.29,44.954,350.92,130837.5
EV000461,2027-05-19T18:00:00Z,369.99,41.603,25.4,36.47,53.049,424.74,30287.2
EV000168,2027-05-20T00:00:00Z,374.265,62.714,23.953,88.54,51.718,410.94,61348.4
EV000231,2027-05-20T06:00:00Z,353.115,48.707,27.915,73.26,50.734,403.31,85562.3
EV000163,2027-05-20T12:00:00Z,362.452,31.554,30.578,92.85,47.175,380.34,126106.7
EV000138,2027-05-20T18:00:00Z,357.977,30.366,26.095,68.12,50.394,395.59,86339.0
EV000006,2027-05-21T00:00:00Z,363.823,60.806,31.189,87.62,41.074,354.38,11911.0
EV000307,2027-05-21T06:00:00Z,368.531,17.924,29.348,94.05,43.785,367.76,5804.1
EV000299,2027-05-21T12:00:00Z,358.902,27.537,26.55,39.71,35.778,269.31,131833.9
EV000433,2027-05-21T18:00:00Z,371.595,48.137,26.329,33.47,45.324,357.37,138380.9
EV000320,2027-05-22T00:00:00Z,349.928,28.346,30.204,74.96,48.378,389.56,112361.3
EV000324,2027-05-22T06:00:00Z,364.006,40.496,43.086,16.0,48.015,383.59,85983.3
EV000242,2027-05-22T12:00:00Z,372.322,27.232,26.745,91.89,54.508,437.5,52323.3
EV000420,2027-05-22T18:00:00Z,371.983,57.077,29.353,56.24,44.038,368.08,7149.3
EV000158,2027-05-23T00:00:00Z,376.108,62.073,27.939,91.07,51.493,424.06,59939.9
EV000419,2027-05-23T06:00:00Z,372.112,27.205,23.046,59.92,48.261,399.79,94032.7
EV000300,2027-05-23T12:00:00Z,364.399,22.625,48.446,89.37,54.555,444.78,43185.9
EV000078,2027-05-23T18:00:00Z,353.243,38.286,29.669,61.8,50.052,394.18,83007.6
EV000390,2027-05-24T00:00:00Z,369.17,30.384,32.964,80.49,55.775,440.53,6988.1
EV000241,2027-05-24T06:00:00Z,366.183,39.741,28.006,23.18,42.148,344.57,11455.2
EV000094,2027-05-24T12:00:00Z,376.517,49.188,27.72,25.98,44.113,361.93,13179.2
EV000125,2027-05-24T18:00:00Z,338.957,45.891,22.62,32.92,47.852,391.39,94157.9
EV000272,2027-05-25T00:00:00Z,362.887,67.304,24.947,50.99,51.261,429.64,77159.2
EV000029,2027-05-25T06:00:00Z,377.111,58.825,30.151,38.27,53.868,433.1,26525.9
EV000297,2027-05-25T12:00:00Z,356.454,73.013,24.233,75.98,47.054,372.81,118815.3
EV000049,2027-05-25T18:00:00Z,385.864,59.855,25.561,46.73,37.755,302.11,100570.0
EV000364,2027-05-26T00:00:00Z,352.359,44.154,31.089,72.9,42.344,344.75,31693.0
EV000483,2027-05-26T06:00:00Z,372.575,44.001,29.049,38.46,50.818,385.14,40264.3
EV000384,2027-05-26T12:00:00Z,357.871,55.201,30.989,75.6,47.147,388.05,116935.3
EV000425,2027-05-26T18:00:00Z,356.659,31.77,29.472,40.69,53.223,423.78,26401.5
EV000388,2027-05-27T00:00:00Z,365.322,49.444,30.404,58.04,54.017,413.13,9603.8
EV000451,2027-05-27T06:00:00Z,359.868,62.213,30.723,16.68,50.144,387.59,46059.2
EV000089,2027-05-27T12:00:00Z,378.207,62.223,30.182,73.13,40.914,352.26,21259.7
EV000082,2027-05-27T18:00:00Z,363.745,26.578,46.716,45.93,47.173,363.78,91971.8
EV000120,2027-05-28T00:00:00Z,365.107,30.734,27.531,72.86,40.369,339.24,47812.7
EV000135,2027-05-28T06:00:00Z,367.108,6.207,27.857,54.66,49.349,404.92,85859.2
EV000007,2027-05-28T12:00:00Z,389.087,47.479,31.72,71.09,48.135,381.49,108839.6
EV000135,2027-05-28T18:00:00Z,370.484,57.674,31.219,31.03,51.171,405.23,48704.4
EV000356,2027-05-29T00:00:00Z,371.322,24.008,46.197,66.66,46.03,363.98,129766.4
EV000217,2027-05-29T06:00:00Z,370.379,63.421,25.954,83.85,43.051,349.37,137479.8
EV000478,2027-05-29T12:00:00Z,364.948,43.759,28.552,58.44,51.909,407.99,83418.2
EV000416,2027-05-29T18:00:00Z,363.97,30.335,28.301,89.56,48.856,377.48,72521.1
EV000339,2027-05-30T00:00:00Z,372.833,35.089,25.348,42.06,52.275,412.17,15702.0
EV000276,2027-05-30T06:00:00Z,359.815,25.735,28.864,36.41,35.984,278.31,93286.3
EV000102,2027-05-30T12:00:00Z,350.994,31.445,20.771,62.46,45.653,381.26,139842.5
EV000296,2027-05-30T18:00:00Z,379.458,43.61,27.565,46.38,37.495,293.93,78891.1
EV000210,2027-05-31T00:00:00Z,371.004,33.199,22.473,49.89,52.999,429.5,39119.8
EV000426,2027-05-31T06:00:00Z,363.329,33.037,29.548,76.29,54.416,429.39,25795.7
EV000370,2027-05-31T12:00:00Z,380.212,29.75,27.007,81.17,49.298,425.9,83815.0
EV000191,2027-05-31T18:00:00Z,370.968,41.793,25.216,24.18,54.423,442.34,5462.2
EV000484,2027-06-01T00:00:00Z,372.651,67.276,30.244,43.67,41.477,356.66,26558.8
EV000436,2027-06-01T06:00:00Z,355.538,42.072,31.855,16.04,53.217,415.65,24937.6
EV000460,2027-06-01T12:00:00Z,355.053,45.474,24.399,56.26,47.795,395.43,128642.3
EV000496,2027-06-01T18:00:00Z,365.767,19.632,29.483,17.44,37.47,313.17,101497.1
EV000102,2027-06-02T00:00:00Z,365.696,38.888,26.192,86.08,48.099,377.27,109746.8
EV000246,2027-06-02T06:00:00Z,368.155,20.571,24.927,67.61,50.425,409.68,72690.8
EV000324,2027-06-02T12:00:00Z,357.799,20.298,43.891,36.52,49.801,384.02,100859.0
EV000329,2027-06-02T18:00:00Z,384.39,52.825,26.234,44.78,51.508,408.24,72626.6
EV000471,2027-06-03T00:00:00Z,350.678,59.646,32.121,54.07,53.655,420.42,59062.1
EV000398,2027-06-03T06:00:00Z,372.405,26.384,30.462,34.03,52.565,423.01,24423.8
EV000098,2027-06-03T12:00:00Z,358.633,49.59,24.229,27.94,48.206,392.67,87228.3
EV000102,2027-06-03T18:00:00Z,363.983,25.909,29.244,82.86,52.025,423.17,68529.6
EV000117,2027-06-04T00:00:00Z,358.121,47.439,30.053,40.74,49.074,394.21,71298.3
EV000184,2027-06-04T06:00:00Z,356.773,32.802,22.885,81.71,47.415,377.45,127444.2
EV000045,2027-06-04T12:00:00Z,377.134,36.208,25.602,38.38,46.674,387.79,128788.5
EV000025,2027-06-04T18:00:00Z,380.474,48.496,33.754,45.7,51.542,422.26,59453.6
EV000330,2027-06-05T00:00:00Z,358.452,32.119,25.24,75.36,41.211,321.61,55388.9
EV000476,2027-06-05T06:00:00Z,369.164,37.326,24.691,77.31,50.459,400.07,69847.7
EV000490,2027-06-05T12:00:00Z,359.569,39.683,26.074,51.57,49.999,406.04,54330.7
EV000231,2027-06-05T18:00:00Z,364.232,45.005,29.444,59.4,49.98,424.4,64097.2
EV000106,2027-06-06T00:00:00Z,370.286,45.927,30.656,86.34,54.442,438.23,21072.7
EV000244,2027-06-06T06:00:00Z,354.621,54.107,24.964,19.53,42.792,346.09,7037.8
EV000373,2027-06-06T12:00:00Z,370.826,-8.116,30.597,17.09,48.606,390.41,94877.6
EV000037,2027-06-06T18:00:00Z,356.096,47.391,25.255,23.9,38.716,312.84,71449.0
EV000036,2027-06-07T00:00:00Z,370.787,27.01,28.825,89.43,49.642,396.45,65312.0
EV000443,2027-06-07T06:00:00Z,356.149,59.0,30.664,67.84,36.049,259.45,88731.0
EV000402,2027-06-07T12:00:00Z,361.363,33.849,25.033,20.96,53.614,443.85,24798.3
EV000182,2027-06-07T18:00:00Z,378.793,34.005,38.892,35.37,48.57,387.82,123574.0
EV000432,2027-06-08T00:00:00Z,362.992,15.518,24.675,88.92,54.136,443.77,14564.6
EV000111,2027-06-08T06:00:00Z,381.318,29.131,46.859,78.07,49.413,395.21,89126.5
EV000151,2027-06-08T12:00:00Z,370.051,40.309,25.975,19.01,53.595,426.9,24798.7
EV000211,2027-06-08T18:00:00Z,367.948,22.679,33.105,53.91,49.917,409.07,123360.8
EV000419,2027-06-09T00:00:00Z,361.041,34.191,30.751,69.22,44.356,338.63,136278.0
EV000216,2027-06-09T06:00:00Z,345.162,21.167,33.264,70.9,53.197,412.14,54674.5
EV000066,2027-06-09T12:00:00Z,355.548,55.307,32.346,41.09,53.512,427.52,40978.6
EV000308,2027-06-09T18:00:00Z,371.555,50.399,26.595,25.07,47.478,370.73,128059.2
EV000018,2027-06-10T00:00:00Z,362.592,13.458,29.94,48.11,45.13,343.27,138094.2
EV000249,2027-06-10T06:00:00Z,372.36,46.979,27.379,46.03,47.927,385.81,111509.4
EV000485,2027-06-10T12:00:00Z,369.533,26.466,31.782,58.56,53.315,411.37,51714.7
EV000140,2027-06-10T18:00:00Z,357.708,56.023,46.94,75.97,53.198,419.27,33399.3
EV000005,2027-06-11T00:00:00Z,360.651,62.679,26.067,62.88,48.799,396.46,103654.2
EV000065,2027-06-11T06:00:00Z,353.069,47.764,28.264,26.38,47.405,371.95,106850.9
EV000493,2027-06-11T12:00:00Z,380.232,65.416,31.99,65.15,42.188,353.1,17839.7
EV000069,2027-06-11T18:00:00Z,363.317,49.523,19.682,94.97,38.92,320.6,79831.6
EV000142,2027-06-12T00:00:00Z,373.946,45.321,31.245,48.08,52.001,422.8,68061.7
EV000299,2027-06-12T06:00:00Z,360.83,50.105,32.37,30.49,40.674,306.8,73387.3
EV000358,2027-06-12T12:00:00Z,364.242,40.57,28.306,68.95,37.337,284.73,80697.7
EV000363,2027-06-12T18:00:00Z,364.986,39.653,34.2,67.91,37.756,323.16,79730.5
EV000357,2027-06-13T00:00:00Z,355.382,24.518,29.508,24.47,48.03,384.48,80209.7
EV000055,2027-06-13T06:00:00Z,386.739,44.01,27.11,16.14,38.678,295.33,84847.0
EV000434,2027-06-13T12:00:00Z,369.306,50.934,34.046,65.63,52.104,398.08,20897.7
EV000281,2027-06-13T18:00:00Z,368.928,29.396,33.808,39.64,37.913,283.32,68121.3
EV000317,2027-06-14T00:00:00Z,360.812,45.73,30.639,80.68,51.399,403.44,97628.4
EV000387,2027-06-14T06:00:00Z,364.269,39.686,30.832,56.63,51.429,431.03,92124.4
EV000006,2027-06-14T12:00:00Z,360.004,35.257,27.145,38.96,36.233,276.9,116906.5
EV000022,2027-06-14T18:00:00Z,356.934,56.493,26.937,60.25,49.688,391.95,59855.7
EV000075,2027-06-15T00:00:00Z,371.144,12.3,25.858,52.42,49.594,400.55,79059.6
EV000398,2027-06-15T06:00:00Z,358.725,38.251,33.384,55.28,53.477,440.41,13387.3
EV000443,2027-06-15T12:00:00Z,385.888,57.178,27.593,60.5,39.701,304.25,53741.7
EV000101,2027-06-15T18:00:00Z,370.171,59.413,32.802,67.93,34.559,273.14,89552.3
EV000080,2027-06-16T00:00:00Z,368.188,63.945,29.82,44.26,47.296,391.69,115886.2
EV000399,2027-06-16T06:00:00Z,353.775,53.449,51.488,45.33,51.506,414.67,58359.7
EV000428,2027-06-16T12:00:00Z,375.181,25.386,33.843,81.29,50.692,389.96,71520.0
EV000304,2027-06-16T18:00:00Z,386.553,48.867,28.106,64.28,40.059,305.84,19748.2
EV000459,2027-06-17T00:00:00Z,376.588,57.465,25.806,53.19,53.073,416.79,13596.3
EV000316,2027-06-17T06:00:00Z,365.143,29.631,28.813,91.67,54.396,436.97,14551.4
EV000232,2027-06-17T12:00:00Z,359.094,40.482,29.605,72.87,51.127,405.11,35044.6
EV000058,2027-06-17T18:00:00Z,364.067,39.36,27.314,50.15,53.381,449.07,16217.1
EV000201,2027-06-18T00:00:00Z,377.035,50.493,32.143,84.5,39.654,314.3,61829.0
EV000436,2027-06-18T06:00:00Z,359.216,31.615,29.323,84.63,50.353,407.98,36831.0
EV000386,2027-06-18T12:00:00Z,367.113,27.533,26.087,69.67,54.681,442.22,19411.9
EV000199,2027-06-18T18:00:00Z,359.111,43.977,28.08,42.41,48.868,402.67,45021.8
EV000467,2027-06-19T00:00:00Z,361.784,37.517,23.626,85.62,50.875,410.9,75039.8
EV000193,2027-06-19T06:00:00Z,360.353,51.856,30.458,66.18,36.602,277.58,61263.9
EV000022,2027-06-19T12:00:00Z,353.22,34.895,20.382,66.47,47.345,419.58,117334.5
EV000430,2027-06-19T18:00:00Z,352.614,30.132,30.642,62.85,53.435,429.92,31982.3
EV000426,2027-06-20T00:00:00Z,373.807,30.703,29.702,39.16,53.628,449.12,8930.9
EV000137,2027-06-20T06:00:00Z,358.38,27.097,45.378,94.73,48.87,365.12,90523.3
EV000267,2027-06-20T12:00:00Z,363.679,59.994,25.234,38.22,34.953,286.75,124422.5
EV000428,2027-06-20T18:00:00Z,368.806,37.126,24.503,27.77,49.687,400.39,45011.9
EV000060,2027-06-21T00:00:00Z,362.523,27.634,35.836,31.68,39.234,304.04,47412.8
EV000109,2027-06-21T06:00:00Z,356.883,35.962,41.126,81.02,49.048,394.27,84013.6
EV000017,2027-06-21T12:00:00Z,361.681,43.041,25.987,46.78,55.675,441.48,14337.3
EV000464,2027-06-21T18:00:00Z,360.151,39.959,29.261,81.78,39.058,322.18,82382.0
EV000063,2027-06-22T00:00:00Z,359.365,37.043,30.505,28.02,35.328,282.49,131302.8
EV000153,2027-06-22T06:00:00Z,357.36,48.735,31.825,63.43,37.672,287.38,95063.4
EV000423,2027-06-22T12:00:00Z,359.638,62.722,49.236,24.63,51.82,411.01,51927.6
EV000431,2027-06-22T18:00:00Z,361.193,65.471,47.738,59.05,54.674,432.64,30854.2
EV000303,2027-06-23T00:00:00Z,366.054,26.578,31.771,87.28,50.197,405.85,68598.2
EV000016,2027-06-23T06:00:00Z,376.606,46.755,27.133,65.86,50.567,388.37,90006.0
EV000473,2027-06-23T12:00:00Z,373.636,43.51,34.593,62.39,54.476,442.99,6073.9
EV000253,2027-06-23T18:00:00Z,378.948,49.562,31.167,27.12,46.334,350.72,97607.1
EV000010,2027-06-24T00:00:00Z,367.808,61.095,30.235,46.2,50.011,394.73,46010.8
EV000382,2027-06-24T06:00:00Z,358.36,23.58,28.819,53.75,41.198,316.72,17812.3
EV000213,2027-06-24T12:00:00Z,364.522,52.934,27.761,56.52,48.471,392.33,121265.4
EV000150,2027-06-24T18:00:00Z,356.64,23.57,28.157,81.81,48.982,383.63,46640.4
EV000018,2027-06-25T00:00:00Z,362.762,48.379,29.859,21.54,47.984,378.42,74837.6
EV000035,2027-06-25T06:00:00Z,360.365,41.136,30.622,85.15,51.768,428.93,56671.3
EV000470,2027-06-25T12:00:00Z,372.373,47.687,35.358,47.49,48.263,379.0,137510.0
EV000190,2027-06-25T18:00:00Z,350.275,52.036,28.654,90.66,46.979,386.38,105427.1
EV000209,2027-06-26T00:00:00Z,368.199,40.29,30.323,68.98,53.874,436.99,30757.6
EV000274,2027-06-26T06:00:00Z,355.184,24.856,29.033,25.3,39.598,303.41,13320.3
EV000215,2027-06-26T12:00:00Z,376.161,29.984,33.168,41.33,50.315,403.67,82011.1
EV000025,2027-06-26T18:00:00Z,361.285,46.741,31.765,40.11,49.448,396.19,90647.3
EV000397,2027-06-27T00:00:00Z,365.466,51.374,27.318,88.09,47.985,376.72,105767.4
EV000090,2027-06-27T06:00:00Z,374.168,52.809,25.224,20.88,48.892,406.66,85259.0
EV000295,2027-06-27T12:00:00Z,366.436,34.037,30.189,51.59,37.617,292.82,89436.4
EV000293,2027-06-27T18:00:00Z,380.376,31.119,29.742,64.33,48.624,392.61,110047.7
EV000082,2027-06-28T00:00:00Z,364.677,41.323,45.957,91.06,52.826,413.14,18893.0
EV000293,2027-06-28T06:00:00Z,362.402,54.612,25.702,33.52,54.056,444.42,11572.7
EV000097,2027-06-28T12:00:00Z,355.589,33.855,32.269,81.32,35.403,261.18,132977.0
EV000357,2027-06-28T18:00:00Z,359.391,27.681,30.821,86.06,48.7,384.67,107012.6
EV000364,2027-06-29T00:00:00Z,367.205,30.241,27.834,45.55,40.587,306.74,21552.8
EV000151,2027-06-29T06:00:00Z,362.721,45.575,24.89,47.3,49.993,396.63,102051.2
EV000339,2027-06-29T12:00:00Z,367.953,45.203,35.67,25.0,54.808,438.6,29367.4
EV000273,2027-06-29T18:00:00Z,373.844,38.678,32.192,85.09,54.541,433.64,7963.4
EV000144,2027-06-30T00:00:00Z,372.178,45.762,31.278,75.1,51.825,390.4,68168.6
EV000356,2027-06-30T06:00:00Z,377.841,20.253,45.381,65.57,52.782,454.84,43622.0
EV000031,2027-06-30T12:00:00Z,355.527,37.895,27.051,58.24,48.607,402.77,133238.8
EV000317,2027-06-30T18:00:00Z,355.933,53.937,27.288,21.53,53.495,408.14,7653.5
EV000153,2027-07-01T00:00:00Z,362.059,56.403,34.729,74.85,40.117,317.09,57407.4
EV000371,2027-07-01T06:00:00Z,348.2,35.646,25.579,59.08,52.769,399.29,16434.7
EV000133,2027-07-01T12:00:00Z,383.115,28.234,25.651,17.12,43.122,339.56,36366.5
EV000035,2027-07-01T18:00:00Z,381.314,53.622,28.709,48.73,55.737,431.38,10061.5
EV000495,2027-07-02T00:00:00Z,370.105,65.026,34.613,36.2,55.01,436.6,20305.4
EV000325,2027-07-02T06:00:00Z,371.846,61.557,23.6,56.45,37.883,303.87,127058.4
EV000341,2027-07-02T12:00:00Z,352.426,29.97,31.381,58.83,50.855,402.75,43899.5
EV000095,2027-07-02T18:00:00Z,369.246,44.671,41.629,50.91,45.328,346.98,126778.5
EV000254,2027-07-03T00:00:00Z,370.01,30.443,29.378,75.4,51.473,391.82,45988.5
EV000198,2027-07-03T06:00:00Z,355.8,43.847,30.3,56.74,51.838,406.34,73225.9
EV000090,2027-07-03T12:00:00Z,361.124,26.834,29.315,55.52,53.909,439.7,44821.0
EV000232,2027-07-03T18:00:00Z,360.676,42.49,27.373,57.84,46.201,369.48,128760.0
EV000211,2027-07-04T00:00:00Z,368.748,61.145,26.047,59.02,46.101,346.61,137584.8
EV000063,2027-07-04T06:00:00Z,373.467,58.841,24.805,39.5,42.205,342.98,18279.5
EV000422,2027-07-04T12:00:00Z,356.065,30.012,29.921,28.04,35.378,276.67,124943.4
EV000073,2027-07-04T18:00:00Z,371.455,47.43,30.733,55.55,36.373,293.83,60014.7
EV000272,2027-07-05T00:00:00Z,363.933,52.366,25.285,53.3,52.75,413.95,38256.6
EV000049,2027-07-05T06:00:00Z,370.144,72.129,31.902,40.6,38.338,309.47,77031.8
EV000487,2027-07-05T12:00:00Z,370.582,46.851,32.438,74.24,52.463,418.48,37130.3
EV000131,2027-07-05T18:00:00Z,365.113,30.506,27.208,45.55,55.21,454.67,19955.7
EV000422,2027-07-06T00:00:00Z,362.297,35.291,29.72,28.0,41.36,330.51,19741.6
EV000360,2027-07-06T06:00:00Z,384.402,52.338,30.865,34.58,41.765,326.53,21128.2
EV000063,2027-07-06T12:00:00Z,379.981,59.43,27.47,32.66,39.401,317.6,25891.9
EV000155,2027-07-06T18:00:00Z,381.059,19.689,50.984,24.2,48.752,412.05,99542.4
EV000423,2027-07-07T00:00:00Z,366.138,37.346,41.587,31.49,52.173,427.84,10603.6
EV000272,2027-07-07T06:00:00Z,376.994,26.097,22.805,68.08,50.647,398.3,96546.7
EV000188,2027-07-07T12:00:00Z,354.768,62.424,33.704,22.78,52.899,425.16,16725.1
EV000447,2027-07-07T18:00:00Z,356.023,53.947,27.074,44.88,41.321,316.07,45992.8
EV000329,2027-07-08T00:00:00Z,367.685,46.858,31.403,15.08,52.102,405.64,60951.6
EV000097,2027-07-08T06:00:00Z,361.95,54.541,26.086,27.12,34.785,271.91,126964.4
EV000201,2027-07-08T12:00:00Z,364.773,64.682,28.34,43.25,40.571,329.47,34639.2
EV000156,2027-07-08T18:00:00Z,381.265,40.776,29.59,84.15,47.301,386.91,130120.9
EV000446,2027-07-09T00:00:00Z,374.521,44.867,29.583,81.49,45.951,383.13,118915.6
EV000293,2027-07-09T06:00:00Z,351.784,34.008,36.491,83.18,51.503,401.49,67823.3
EV000457,2027-07-09T12:00:00Z,367.385,87.046,26.85,44.68,49.796,407.02,71107.5
EV000007,2027-07-09T18:00:00Z,367.449,74.989,25.7,85.86,51.492,412.73,45226.8
EV000092,2027-07-10T00:00:00Z,354.54,60.802,30.465,62.97,55.938,441.69,40322.4
EV000316,2027-07-10T06:00:00Z,375.315,31.331,30.09,67.35,54.081,424.99,15561.9
EV000303,2027-07-10T12:00:00Z,365.202,44.828,28.752,52.8,55.255,441.29,9721.9
EV000069,2027-07-10T18:00:00Z,374.724,50.24,29.058,47.79,38.03,317.0,53542.1
EV000056,2027-07-11T00:00:00Z,357.534,45.978,50.712,73.05,47.25,396.52,119182.0
EV000474,2027-07-11T06:00:00Z,353.141,40.494,35.96,24.19,53.834,419.62,32842.1
EV000191,2027-07-11T12:00:00Z,375.097,38.201,29.636,31.28,48.407,389.91,107170.8
EV000471,2027-07-11T18:00:00Z,352.908,34.711,29.041,25.06,54.776,434.1,10876.2
EV000362,2027-07-12T00:00:00Z,366.26,40.012,32.404,79.26,49.903,392.59,80097.1
EV000185,2027-07-12T06:00:00Z,369.972,52.75,31.521,57.03,51.643,406.83,86224.5
EV000244,2027-07-12T12:00:00Z,370.879,54.742,27.703,66.18,36.133,308.12,93099.2
EV000218,2027-07-12T18:00:00Z,363.66,62.965,31.954,55.55,51.721,428.14,55145.7
EV000436,2027-07-13T00:00:00Z,364.624,32.963,31.366,81.56,49.931,390.94,88808.8
EV000332,2027-07-13T06:00:00Z,356.855,45.432,35.497,66.57,53.023,406.63,39284.9
EV000399,2027-07-13T12:00:00Z,358.718,27.27,45.249,52.53,49.676,381.46,101466.4
EV000276,2027-07-13T18:00:00Z,357.566,27.64,25.923,41.77,39.159,300.87,81368.6
EV000359,2027-07-14T00:00:00Z,361.838,30.64,24.697,38.78,51.306,393.91,62640.5
EV000480,2027-07-14T06:00:00Z,365.662,50.274,25.701,56.15,48.842,398.88,71464.8
EV000284,2027-07-14T12:00:00Z,371.443,38.956,47.052,68.61,47.375,379.74,128838.4
EV000442,2027-07-14T18:00:00Z,359.957,19.9,26.029,48.75,38.092,312.01,49151.4
EV000241,2027-07-15T00:00:00Z,381.53,54.303,31.888,78.34,39.756,321.76,50680.1
EV000427,2027-07-15T06:00:00Z,364.835,67.925,32.105,45.49,51.911,410.42,48944.7
EV000493,2027-07-15T12:00:00Z,368.003,35.906,29.38,39.25,39.182,311.51,10032.7
EV000239,2027-07-15T18:00:00Z,386.69,48.085,26.375,85.19,55.854,447.7,13343.9
EV000350,2027-07-16T00:00:00Z,356.705,47.561,30.96,80.75,40.751,324.8,8640.9
EV000267,2027-07-16T06:00:00Z,357.83,54.01,31.029,24.5,36.573,297.95,90633.4
EV000451,2027-07-16T12:00:00Z,363.421,33.209,22.61,48.41,52.611,396.17,43323.6
EV000086,2027-07-16T18:00:00Z,375.545,21.044,50.451,58.79,51.468,409.47,64178.3
EV000376,2027-07-17T00:00:00Z,344.862,23.458,25.147,64.32,48.077,390.0,122920.8
EV000422,2027-07-17T06:00:00Z,359.194,58.049,31.007,34.81,39.266,305.3,59856.7
EV000167,2027-07-17T12:00:00Z,354.426,57.33,26.572,58.28,46.036,345.77,113528.7
EV000210,2027-07-17T18:00:00Z,355.091,26.468,27.348,40.97,50.768,408.23,68235.1
EV000470,2027-07-18T00:00:00Z,380.374,21.699,26.43,89.43,50.3,402.75,61039.5
EV000358,2027-07-18T06:00:00Z,368.796,47.83,25.914,38.25,39.425,324.91,43562.5
EV000353,2027-07-18T12:00:00Z,362.414,30.724,26.73,94.89,47.931,391.85,116185.6
EV000143,2027-07-18T18:00:00Z,352.555,39.752,29.04,44.16,51.872,392.86,56060.4
EV000046,2027-07-19T00:00:00Z,370.241,54.956,31.935,63.25,38.473,294.81,102071.8
EV000432,2027-07-19T06:00:00Z,354.149,38.516,30.0,79.45,51.604,404.82,16716.2
EV000056,2027-07-19T12:00:00Z,352.219,50.011,47.726,51.4,52.801,441.6,32169.1
EV000272,2027-07-19T18:00:00Z,367.488,26.65,25.225,20.23,46.596,376.63,130808.0
EV000475,2027-07-20T00:00:00Z,374.291,60.95,25.963,87.92,47.033,364.47,139791.8
EV000258,2027-07-20T06:00:00Z,368.497,24.34,27.189,35.63,50.337,399.7,64712.9
EV000312,2027-07-20T12:00:00Z,353.42,42.622,32.32,18.65,43.384,367.28,129064.6
EV000248,2027-07-20T18:00:00Z,358.772,50.922,29.855,64.77,47.894,387.33,84256.6
EV000105,2027-07-21T00:00:00Z,376.752,17.898,28.487,80.78,34.768,287.87,127935.7
EV000011,2027-07-21T06:00:00Z,368.01,12.194,26.344,49.69,46.585,363.56,116606.0
EV000199,2027-07-21T12:00:00Z,357.981,50.683,31.282,65.48,45.474,351.24,136773.8
EV000320,2027-07-21T18:00:00Z,359.346,35.819,21.464,84.65,50.014,393.97,77802.4
EV000347,2027-07-22T00:00:00Z,363.574,69.435,26.482,30.8,35.512,278.26,132206.9
EV000181,2027-07-22T06:00:00Z,357.196,26.192,46.078,58.8,51.548,409.72,48405.1
EV000183,2027-07-22T12:00:00Z,350.938,41.611,31.792,80.43,47.666,396.86,119600.1
EV000298,2027-07-22T18:00:00Z,374.518,33.188,28.361,68.42,49.628,403.8,82988.6
EV000400,2027-07-23T00:00:00Z,372.259,56.256,43.392,72.25,47.144,390.32,120322.9
EV000384,2027-07-23T06:00:00Z,372.244,71.653,22.601,64.43,46.677,389.01,95809.3
EV000284,2027-07-23T12:00:00Z,357.349,39.114,45.151,82.37,52.723,431.4,45195.5
EV000190,2027-07-23T18:00:00Z,368.906,26.975,27.705,19.02,48.617,401.41,104342.3
EV000264,2027-07-24T00:00:00Z,355.415,53.265,33.181,88.07,38.079,292.98,64781.1
EV000059,2027-07-24T06:00:00Z,360.296,44.99,27.332,35.28,53.811,430.1,5032.0
EV000401,2027-07-24T12:00:00Z,366.335,40.597,28.1,25.76,45.965,370.1,134446.1
EV000278,2027-07-24T18:00:00Z,366.302,45.279,30.035,50.27,45.715,361.07,135845.3
EV000033,2027-07-25T00:00:00Z,357.406,39.548,27.913,56.86,42.699,379.97,10244.0
EV000225,2027-07-25T06:00:00Z,369.896,45.341,33.003,83.6,55.46,464.63,9889.5
EV000244,2027-07-25T12:00:00Z,372.645,61.084,29.232,52.53,41.979,335.71,23883.1
EV000118,2027-07-25T18:00:00Z,365.756,49.099,28.625,44.85,34.682,277.55,93102.0
EV000383,2027-07-26T00:00:00Z,358.926,66.401,23.241,45.92,39.104,313.95,52519.7
EV000347,2027-07-26T06:00:00Z,345.239,39.048,23.974,84.3,39.462,306.19,67623.4
EV000038,2027-07-26T12:00:00Z,366.629,77.6,30.032,15.28,53.465,430.77,20869.1
EV000437,2027-07-26T18:00:00Z,348.975,34.086,29.237,48.76,39.595,309.52,45861.7
EV000123,2027-07-27T00:00:00Z,353.413,35.801,26.038,65.15,46.087,357.93,136967.8
EV000373,2027-07-27T06:00:00Z,369.917,52.85,25.546,85.6,50.235,394.6,64424.8
EV000359,2027-07-27T12:00:00Z,364.225,43.25,27.73,32.65,46.152,349.85,107520.2
EV000397,2027-07-27T18:00:00Z,370.82,43.127,32.104,15.61,47.894,374.6,87729.6
EV000493,2027-07-28T00:00:00Z,357.997,42.487,25.589,31.57,33.713,259.07,132746.1
EV000270,2027-07-28T06:00:00Z,353.417,31.984,27.395,88.57,42.37,320.63,18457.8
EV000208,2027-07-28T12:00:00Z,361.695,21.368,22.876,81.72,54.823,465.8,13828.0
EV000420,2027-07-28T18:00:00Z,354.174,52.206,30.787,75.39,37.267,298.15,112118.6
EV000417,2027-07-29T00:00:00Z,367.56,30.928,23.874,20.14,41.587,366.71,29797.4
EV000476,2027-07-29T06:00:00Z,358.761,40.775,28.862,21.86,56.332,440.08,24397.7
EV000285,2027-07-29T12:00:00Z,367.561,52.697,27.41,86.38,50.11,416.31,69403.0
EV000251,2027-07-29T18:00:00Z,359.419,34.658,34.281,46.95,48.319,391.6,73229.5
EV000464,2027-07-30T00:00:00Z,369.39,19.476,25.125,56.62,37.882,299.6,43926.5
EV000340,2027-07-30T06:00:00Z,356.906,58.382,26.373,34.96,51.28,416.49,94620.5
EV000273,2027-07-30T12:00:00Z,357.187,39.924,30.142,39.32,47.757,353.44,111993.3
EV000067,2027-07-30T18:00:00Z,363.605,56.014,31.615,64.95,53.644,441.08,11602.1
EV000344,2027-07-31T00:00:00Z,347.138,78.891,45.068,47.76,47.36,390.92,115566.6
EV000331,2027-07-31T06:00:00Z,363.398,37.148,31.201,58.75,48.699,403.53,117872.3
EV000129,2027-07-31T12:00:00Z,362.723,63.074,29.998,29.08,38.147,310.91,98011.1
EV000361,2027-07-31T18:00:00Z,357.54,47.06,46.126,40.57,48.708,401.39,98847.9
EV000496,2027-08-01T00:00:00Z,362.898,47.22,26.627,84.67,40.093,322.27,29465.3
EV000395,2027-08-01T06:00:00Z,368.542,46.277,49.686,27.21,47.557,376.38,135285.3
EV000452,2027-08-01T12:00:00Z,372.996,41.029,26.778,76.02,43.755,366.46,136367.6
EV000500,2027-08-01T18:00:00Z,364.023,50.43,29.805,27.1,50.211,388.63,60814.3
EV000116,2027-08-02T00:00:00Z,371.753,32.296,25.6,29.73,51.166,402.82,78193.0
EV000453,2027-08-02T06:00:00Z,367.31,65.035,34.013,27.2,50.266,400.25,111992.0
EV000485,2027-08-02T12:00:00Z,359.943,42.499,33.377,58.28,49.927,412.49,110798.9
EV000064,2027-08-02T18:00:00Z,375.698,42.79,29.957,61.3,50.189,391.37,97403.4
EV000259,2027-08-03T00:00:00Z,362.532,25.976,26.663,15.03,53.864,443.48,39860.4
EV000258,2027-08-03T06:00:00Z,362.333,52.835,33.495,56.94,52.426,446.51,6978.9
EV000176,2027-08-03T12:00:00Z,367.029,49.889,25.826,25.94,44.506,353.52,126402.4
EV000299,2027-08-03T18:00:00Z,360.346,42.175,30.908,40.22,38.367,306.8,42379.1
EV000033,2027-08-04T00:00:00Z,369.314,31.312,30.433,76.65,40.052,324.23,35864.5
EV000029,2027-08-04T06:00:00Z,364.377,46.582,29.761,91.15,48.755,397.42,69362.4
EV000211,2027-08-04T12:00:00Z,357.474,40.156,30.215,40.45,50.382,406.01,68442.4
EV000443,2027-08-04T18:00:00Z,369.356,30.209,32.932,92.91,39.603,315.01,109598.4
EV000242,2027-08-05T00:00:00Z,352.832,42.319,22.124,20.03,52.44,428.73,31160.3
EV000495,2027-08-05T06:00:00Z,362.428,54.513,23.383,27.81,49.958,397.22,114583.6
EV000294,2027-08-05T12:00:00Z,354.145,42.361,27.798,18.92,46.525,366.34,113583.4
EV000143,2027-08-05T18:00:00Z,364.524,41.821,25.74,64.11,52.462,396.4,39664.8
EV000153,2027-08-06T00:00:00Z,377.806,37.197,28.832,18.76,38.337,314.26,74292.7
EV000081,2027-08-06T06:00:00Z,365.848,23.794,26.53,54.6,45.547,356.29,125413.9
EV000463,2027-08-06T12:00:00Z,365.604,54.329,26.428,68.73,51.061,404.52,68593.2
EV000475,2027-08-06T18:00:00Z,368.973,40.189,32.703,51.14,51.429,408.59,47399.9
EV000323,2027-08-07T00:00:00Z,368.864,61.718,27.437,51.33,49.745,413.55,71319.9
EV000209,2027-08-07T06:00:00Z,361.345,13.184,26.678,92.34,47.438,397.65,119049.8
EV000234,2027-08-07T12:00:00Z,350.427,20.681,32.294,36.75,41.571,331.43,31428.2
EV000149,2027-08-07T18:00:00Z,361.164,20.622,26.318,80.7,49.087,399.43,85430.8
EV000434,2027-08-08T00:00:00Z,367.025,12.718,27.89,20.9,47.456,382.65,111547.5
EV000057,2027-08-08T06:00:00Z,364.881,51.725,31.58,55.94,34.037,248.55,101194.8
EV000049,2027-08-08T12:00:00Z,360.802,53.502,33.687,29.2,42.395,347.52,7555.6
EV000453,2027-08-08T18:00:00Z,381.406,38.107,29.946,65.86,52.209,431.33,30279.3
EV000131,2027-08-09T00:00:00Z,365.485,78.478,27.499,30.8,49.657,394.52,80135.0
EV000052,2027-08-09T06:00:00Z,378.24,61.218,30.58,58.64,51.734,421.66,78742.2
EV000028,2027-08-09T12:00:00Z,361.291,41.07,27.307,33.09,43.338,327.93,5781.3
EV000333,2027-08-09T18:00:00Z,359.424,32.769,32.039,39.33,51.22,395.05,74945.8
EV000303,2027-08-10T00:00:00Z,363.996,38.299,33.621,87.16,50.658,384.69,49228.8
EV000094,2027-08-10T06:00:00Z,362.714,52.825,30.215,66.33,40.568,339.2,41791.7
EV000442,2027-08-10T12:00:00Z,337.148,50.472,31.374,58.41,41.939,346.47,6745.3
EV000146,2027-08-10T18:00:00Z,364.755,25.723,29.916,73.68,46.834,393.13,86354.1
EV000208,2027-08-11T00:00:00Z,364.499,47.122,26.676,80.36,52.07,416.76,16080.1
EV000367,2027-08-11T06:00:00Z,362.308,34.404,27.306,71.48,47.409,379.97,105173.9
EV000152,2027-08-11T12:00:00Z,368.281,55.253,27.447,34.93,53.57,435.61,18679.8
EV000398,2027-08-11T18:00:00Z,362.201,20.798,29.054,57.19,55.15,444.73,20277.9
EV000067,2027-08-12T00:00:00Z,379.97,23.986,25.514,69.97,45.431,352.46,128181.3
EV000131,2027-08-12T06:00:00Z,357.759,44.266,24.181,25.02,49.39,406.21,92896.6
EV000385,2027-08-12T12:00:00Z,349.273,49.677,34.571,94.52,50.412,391.78,73217.8
EV000127,2027-08-12T18:00:00Z,360.915,58.89,45.441,60.22,47.434,372.53,80596.5
EV000288,2027-08-13T00:00:00Z,351.773,32.803,34.089,33.41,53.162,419.61,46928.8
EV000150,2027-08-13T06:00:00Z,366.55,31.955,33.067,22.11,53.969,448.67,56337.8
EV000295,2027-08-13T12:00:00Z,368.57,50.108,26.533,36.71,36.444,316.41,102663.2
EV000265,2027-08-13T18:00:00Z,382.569,54.965,51.307,92.23,52.877,402.31,52584.4
EV000109,2027-08-14T00:00:00Z,379.931,60.636,41.69,78.36,47.315,380.03,83988.4
EV000287,2027-08-14T06:00:00Z,371.868,33.815,27.964,37.9,38.13,294.77,97956.3
EV000308,2027-08-14T12:00:00Z,351.19,53.76,30.239,90.03,49.591,400.58,50943.5
EV000364,2027-08-14T18:00:00Z,361.389,48.362,26.496,76.94,38.984,300.41,90816.4
EV000476,2027-08-15T00:00:00Z,353.25,15.665,24.541,27.61,53.766,425.33,52900.8
EV000053,2027-08-15T06:00:00Z,356.209,55.435,28.06,58.72,52.482,431.39,6256.0
EV000237,2027-08-15T12:00:00Z,373.292,53.873,27.796,58.91,51.049,396.56,29040.6
EV000314,2027-08-15T18:00:00Z,358.285,15.613,32.288,65.2,49.491,375.25,127390.2
EV000089,2027-08-16T00:00:00Z,352.18,60.731,26.508,59.7,42.165,339.8,51720.3
EV000100,2027-08-16T06:00:00Z,368.025,41.154,35.443,85.94,41.793,331.83,75422.4
EV000238,2027-08-16T12:00:00Z,386.641,36.207,41.44,82.99,48.308,386.17,114215.2
EV000123,2027-08-16T18:00:00Z,358.711,45.927,30.784,78.8,49.856,397.09,112107.8
EV000492,2027-08-17T00:00:00Z,362.214,35.232,31.271,45.24,35.512,289.84,109893.6
EV000014,2027-08-17T06:00:00Z,366.526,53.554,31.629,19.72,41.761,350.67,45691.0
EV000198,2027-08-17T12:00:00Z,368.959,20.251,27.405,68.8,50.965,400.06,89087.7
EV000019,2027-08-17T18:00:00Z,355.981,34.144,27.585,33.66,50.313,414.82,106613.4
EV000118,2027-08-18T00:00:00Z,361.409,14.637,28.542,19.02,37.935,295.92,86930.1
EV000208,2027-08-18T06:00:00Z,361.811,49.753,32.5,32.95,51.714,426.52,55951.3
EV000169,2027-08-18T12:00:00Z,368.143,53.169,25.112,45.74,50.616,383.08,95931.5
EV000205,2027-08-18T18:00:00Z,369.595,43.834,28.384,19.71,42.403,323.15,44888.1
EV000027,2027-08-19T00:00:00Z,372.102,50.074,33.635,26.38,48.489,391.75,83937.4
EV000105,2027-08-19T06:00:00Z,359.602,36.866,28.573,47.42,36.642,278.95,101592.6
EV000363,2027-08-19T12:00:00Z,353.359,38.428,30.652,83.42,39.724,329.54,76535.5
EV000491,2027-08-19T18:00:00Z,366.965,33.299,27.471,56.97,36.135,288.42,111237.0
EV000464,2027-08-20T00:00:00Z,378.245,43.383,29.059,78.86,39.895,307.92,56809.1
EV000454,2027-08-20T06:00:00Z,369.364,36.227,50.681,47.38,47.949,396.45,82470.4
EV000331,2027-08-20T12:00:00Z,361.881,48.399,28.41,24.84,51.044,405.37,61718.6
EV000328,2027-08-20T18:00:00Z,369.155,64.906,28.275,29.71,36.385,300.78,134936.0
EV000428,2027-08-21T00:00:00Z,376.719,59.367,33.496,68.28,53.724,418.45,30940.2
EV000095,2027-08-21T06:00:00Z,367.812,40.001,43.247,48.92,51.111,396.31,57392.3
EV000035,2027-08-21T12:00:00Z,364.897,54.106,30.018,74.67,48.238,382.96,99509.2
EV000184,2027-08-21T18:00:00Z,365.8,67.343,28.044,90.61,47.608,382.24,116714.3
EV000092,2027-08-22T00:00:00Z,355.983,62.455,22.894,82.91,49.579,395.59,115780.3
EV000292,2027-08-22T06:00:00Z,375.502,37.221,27.196,18.05,50.814,417.47,37513.6
EV000276,2027-08-22T12:00:00Z,377.346,23.594,26.721,67.94,35.57,297.13,99122.0
EV000016,2027-08-22T18:00:00Z,358.817,51.863,26.969,21.27,53.187,411.75,9598.7
EV000280,2027-08-23T00:00:00Z,362.735,40.082,23.09,18.37,49.221,397.47,99681.1
EV000144,2027-08-23T06:00:00Z,363.398,39.027,27.305,77.86,48.674,399.93,68998.8
EV000068,2027-08-23T12:00:00Z,370.815,57.43,29.356,26.83,49.1,404.06,107682.7
EV000119,2027-08-23T18:00:00Z,345.86,39.382,30.796,88.12,51.562,407.09,22431.9
EV000134,2027-08-24T00:00:00Z,352.86,46.917,29.203,49.56,49.899,409.58,55273.4
EV000024,2027-08-24T06:00:00Z,367.076,43.275,25.125,50.56,47.313,368.8,108320.3
EV000206,2027-08-24T12:00:00Z,364.126,32.228,28.264,82.38,43.017,354.47,15668.5
EV000225,2027-08-24T18:00:00Z,361.12,48.835,27.072,78.87,48.693,381.43,112011.3
EV000128,2027-08-25T00:00:00Z,368.982,29.198,27.388,48.43,39.85,319.24,39056.3
EV000440,2027-08-25T06:00:00Z,373.151,41.879,30.543,28.57,50.692,397.95,139443.7
EV000165,2027-08-25T12:00:00Z,362.543,46.938,30.292,69.3,48.925,384.97,113113.2
EV000193,2027-08-25T18:00:00Z,363.181,28.749,27.556,73.58,37.684,287.26,107846.1
EV000084,2027-08-26T00:00:00Z,359.689,42.369,26.166,57.26,55.196,452.79,13516.5
EV000394,2027-08-26T06:00:00Z,378.971,37.248,23.137,16.17,50.28,389.64,50451.3
EV000263,2027-08-26T12:00:00Z,373.445,22.295,29.468,50.27,48.161,375.16,101008.8
EV000347,2027-08-26T18:00:00Z,374.86,49.379,28.401,79.94,42.271,335.35,28358.4
EV000030,2027-08-27T00:00:00Z,363.457,55.866,27.365,91.62,46.454,385.85,124469.0
EV000283,2027-08-27T06:00:00Z,371.669,44.7,31.002,65.02,46.886,383.46,133833.4
EV000129,2027-08-27T12:00:00Z,362.258,33.265,31.208,19.58,43.101,334.28,14013.0
EV000214,2027-08-27T18:00:00Z,373.603,41.626,31.26,60.25,49.393,419.81,95753.8
EV000370,2027-08-28T00:00:00Z,362.239,36.174,30.153,87.17,45.169,362.05,130609.0
EV000157,2027-08-28T06:00:00Z,363.337,53.37,24.292,57.56,39.963,336.0,29342.6
EV000042,2027-08-28T12:00:00Z,364.632,44.431,28.72,44.56,49.563,419.19,48516.1
EV000398,2027-08-28T18:00:00Z,365.839,43.417,34.709,52.27,51.403,411.58,92055.6
EV000272,2027-08-29T00:00:00Z,362.826,48.063,30.357,21.11,48.835,378.94,100587.9
EV000144,2027-08-29T06:00:00Z,373.339,49.814,29.458,79.44,49.841,380.87,106226.0
EV000416,2027-08-29T12:00:00Z,375.91,37.393,25.421,76.01,50.485,374.8,61051.0
EV000016,2027-08-29T18:00:00Z,361.836,60.251,33.47,26.08,52.225,446.34,44818.0
EV000117,2027-08-30T00:00:00Z,363.435,46.205,29.141,58.34,46.802,354.37,136131.7
EV000313,2027-08-30T06:00:00Z,376.616,51.448,29.449,91.46,43.902,360.41,20829.7
EV000434,2027-08-30T12:00:00Z,359.775,26.873,26.379,29.32,50.813,409.55,74814.9
EV000497,2027-08-30T18:00:00Z,371.83,29.382,28.574,20.0,38.56,304.96,83608.4
EV000001,2027-08-31T00:00:00Z,368.804,20.646,27.279,86.17,48.046,363.75,94764.6
EV000363,2027-08-31T06:00:00Z,378.656,53.123,26.657,32.34,34.307,279.04,138754.2
EV000278,2027-08-31T12:00:00Z,359.526,45.75,26.605,92.32,49.441,409.54,95958.5
EV000225,2027-08-31T18:00:00Z,379.42,63.536,27.192,23.01,48.323,354.96,123646.8
EV000293,2027-09-01T00:00:00Z,364.018,48.485,32.116,17.34,48.681,398.59,91850.1
EV000431,2027-09-01T06:00:00Z,357.096,52.823,44.104,29.3,53.667,414.61,39386.3
EV000004,2027-09-01T12:00:00Z,362.883,39.275,34.203,33.33,51.367,419.39,35019.2
EV000432,2027-09-01T18:00:00Z,372.84,37.716,28.533,45.98,47.746,377.18,135964.2
EV000290,2027-09-02T00:00:00Z,365.51,33.706,30.209,17.1,39.038,328.16,93607.7
EV000254,2027-09-02T06:00:00Z,361.047,23.101,32.599,20.93,54.299,455.55,33633.2
EV000310,2027-09-02T12:00:00Z,357.307,42.143,30.103,37.02,49.693,419.63,58936.1
EV000182,2027-09-02T18:00:00Z,364.87,45.663,49.159,76.49,49.586,399.25,112558.7
EV000006,2027-09-03T00:00:00Z,355.943,63.294,26.74,81.55,38.039,305.25,83168.0
EV000098,2027-09-03T06:00:00Z,363.175,65.557,31.045,81.34,52.898,421.93,40629.1
EV000434,2027-09-03T12:00:00Z,377.536,24.689,30.379,15.39,48.777,369.89,111141.8
EV000365,2027-09-03T18:00:00Z,360.306,55.651,27.23,40.97,52.418,430.72,36169.6
EV000007,2027-09-04T00:00:00Z,364.434,37.989,37.565,47.12,51.786,387.66,57722.5
EV000082,2027-09-04T06:00:00Z,375.642,46.541,44.885,65.49,52.86,417.9,25661.2
EV000423,2027-09-04T12:00:00Z,366.691,35.583,49.285,58.14,50.297,395.8,48868.3
EV000130,2027-09-04T18:00:00Z,358.881,22.163,31.434,65.92,37.052,286.03,112387.6
EV000431,2027-09-05T00:00:00Z,352.903,26.688,47.193,55.87,49.61,428.24,104946.0
EV000309,2027-09-05T06:00:00Z,353.999,59.519,26.617,57.56,36.646,282.35,118033.4
EV000350,2027-09-05T12:00:00Z,366.245,54.8,27.074,40.78,41.747,371.48,21060.7
EV000311,2027-09-05T18:00:00Z,375.914,61.6,28.616,52.76,52.756,416.06,68319.5
EV000237,2027-09-06T00:00:00Z,359.618,54.311,25.226,40.65,51.778,426.55,29450.4
EV000497,2027-09-06T06:00:00Z,369.699,24.727,26.68,65.98,41.048,319.52,30717.1
EV000493,2027-09-06T12:00:00Z,366.502,30.021,26.402,41.04,36.064,290.73,58065.1
EV000050,2027-09-06T18:00:00Z,361.124,26.371,25.497,18.64,42.389,329.66,19903.2
EV000214,2027-09-07T00:00:00Z,368.479,38.336,29.452,87.62,53.571,416.76,18117.3
EV000316,2027-09-07T06:00:00Z,371.819,11.861,26.375,37.35,48.588,383.59,79805.2
EV000073,2027-09-07T12:00:00Z,365.741,42.082,31.248,71.4,37.821,329.64,59745.9
EV000318,2027-09-07T18:00:00Z,363.751,34.823,31.767,54.8,38.04,287.63,101774.1
EV000004,2027-09-08T00:00:00Z,356.899,58.253,23.166,56.55,51.873,443.69,65249.6
EV000247,2027-09-08T06:00:00Z,358.604,23.058,35.647,60.12,38.082,297.76,64899.1
EV000194,2027-09-08T12:00:00Z,373.265,61.177,30.632,75.41,37.054,276.07,88582.6
EV000297,2027-09-08T18:00:00Z,363.057,35.756,33.299,45.67,45.331,365.17,124635.9
EV000148,2027-09-09T00:00:00Z,371.384,38.285,31.255,51.06,49.425,395.99,98802.4
EV000331,2027-09-09T06:00:00Z,381.564,34.61,28.199,68.53,46.095,375.57,138144.5
EV000281,2027-09-09T12:00:00Z,369.238,45.788,26.857,38.21,38.769,320.2,108095.8
EV000478,2027-09-09T18:00:00Z,347.26,43.983,26.128,84.04,50.151,400.12,81962.3
EV000378,2027-09-10T00:00:00Z,368.828,72.881,26.681,22.25,50.825,428.98,56369.5
EV000202,2027-09-10T06:00:00Z,363.585,15.413,50.319,59.17,53.753,451.07,46434.4
EV000309,2027-09-10T12:00:00Z,369.138,36.801,27.948,23.82,41.786,333.55,46087.9
EV000160,2027-09-10T18:00:00Z,362.011,44.889,30.551,88.34,40.934,311.49,26910.9
EV000246,2027-09-11T00:00:00Z,368.29,50.095,25.547,67.37,52.781,425.19,83484.1
EV000127,2027-09-11T06:00:00Z,352.271,48.274,44.308,93.12,54.699,448.33,11803.8
EV000313,2027-09-11T12:00:00Z,360.812,37.769,31.593,76.56,42.733,358.44,66033.2
EV000037,2027-09-11T18:00:00Z,362.061,49.935,34.052,21.29,41.721,328.08,25081.1
EV000293,2027-09-12T00:00:00Z,368.102,60.139,33.641,16.28,53.316,433.32,25435.7
EV000392,2027-09-12T06:00:00Z,374.567,35.424,27.874,78.96,51.389,392.38,21402.5
EV000227,2027-09-12T12:00:00Z,378.792,48.868,30.675,29.67,35.304,290.39,115962.4
EV000164,2027-09-12T18:00:00Z,370.802,31.189,24.284,36.68,40.416,327.89,32815.1
EV000279,2027-09-13T00:00:00Z,375.049,50.915,31.68,76.48,47.694,377.2,120499.9
EV000269,2027-09-13T06:00:00Z,369.098,26.405,28.224,63.39,47.221,370.58,124672.2
EV000039,2027-09-13T12:00:00Z,365.861,55.941,29.695,51.01,52.319,428.48,46068.8
EV000332,2027-09-13T18:00:00Z,362.295,14.804,22.451,87.29,51.382,407.57,61810.4
EV000145,2027-09-14T00:00:00Z,361.549,28.624,28.661,34.63,49.245,402.22,79658.6
EV000165,2027-09-14T06:00:00Z,364.045,66.449,27.998,79.57,52.721,429.51,36590.6
EV000355,2027-09-14T12:00:00Z,378.645,41.439,27.652,85.49,47.687,372.8,78232.8
EV000286,2027-09-14T18:00:00Z,368.033,36.759,31.768,81.16,44.839,350.54,125755.7
EV000307,2027-09-15T00:00:00Z,358.106,62.39,33.516,31.21,40.753,314.28,59054.2
EV000237,2027-09-15T06:00:00Z,358.545,63.891,26.816,46.76,47.993,390.27,130453.2
EV000451,2027-09-15T12:00:00Z,366.268,45.636,28.398,53.7,51.263,413.65,46496.8
EV000109,2027-09-15T18:00:00Z,366.361,31.027,46.11,71.19,43.359,334.27,137230.1
EV000404,2027-09-16T00:00:00Z,367.724,38.911,29.099,53.97,46.707,377.39,106846.7
EV000125,2027-09-16T06:00:00Z,362.539,24.939,29.484,28.59,46.714,371.13,128701.5
EV000408,2027-09-16T12:00:00Z,366.571,44.859,24.869,32.3,42.667,328.31,10302.7
EV000419,2027-09-16T18:00:00Z,372.012,43.049,28.193,16.11,48.304,391.49,68929.3
EV000006,2027-09-17T00:00:00Z,367.439,52.739,31.642,75.48,35.916,288.07,78124.6
EV000275,2027-09-17T06:00:00Z,374.842,50.933,25.385,77.07,46.542,363.76,124745.5
EV000251,2027-09-17T12:00:00Z,356.758,48.636,32.347,21.4,46.788,392.41,113803.1
EV000203,2027-09-17T18:00:00Z,373.721,53.162,28.488,69.03,51.328,391.06,86612.4
EV000115,2027-09-18T00:00:00Z,371.177,51.136,27.645,29.72,47.398,390.05,124332.3
EV000050,2027-09-18T06:00:00Z,361.009,53.157,27.409,34.86,35.931,271.43,109858.0
EV000114,2027-09-18T12:00:00Z,357.687,24.608,29.831,45.8,52.14,406.23,26682.0
EV000054,2027-09-18T18:00:00Z,362.14,56.244,28.495,63.34,37.487,297.95,115153.3
EV000421,2027-09-19T00:00:00Z,369.089,19.116,26.054,89.56,54.185,445.48,26484.1
EV000178,2027-09-19T06:00:00Z,361.231,54.799,27.734,39.62,50.302,397.01,56244.5
EV000233,2027-09-19T12:00:00Z,364.442,73.118,31.257,56.17,47.646,402.04,95858.9
EV000321,2027-09-19T18:00:00Z,375.523,43.439,31.355,41.46,49.014,386.7,102375.9
EV000305,2027-09-20T00:00:00Z,364.143,55.923,24.626,42.12,46.67,366.05,113488.0
EV000062,2027-09-20T06:00:00Z,354.251,37.982,28.0,18.66,44.284,350.73,111763.3
EV000488,2027-09-20T12:00:00Z,353.63,48.911,30.561,23.13,36.079,300.54,127987.4
EV000340,2027-09-20T18:00:00Z,374.338,47.893,27.941,63.86,48.263,377.76,72405.9
EV000314,2027-09-21T00:00:00Z,358.365,30.958,26.239,19.22,50.019,409.2,96853.8
EV000019,2027-09-21T06:00:00Z,358.052,15.961,35.965,15.87,48.094,354.74,135995.7
EV000416,2027-09-21T12:00:00Z,369.226,58.876,24.215,16.59,54.463,445.01,49117.5
EV000296,2027-09-21T18:00:00Z,358.728,52.052,25.502,44.22,40.6,324.69,38503.9
EV000318,2027-09-22T00:00:00Z,354.141,34.439,35.747,18.19,37.913,293.06,41688.2
EV000179,2027-09-22T06:00:00Z,360.012,68.676,27.79,60.08,34.954,271.35,100927.6
EV000318,2027-09-22T12:00:00Z,365.292,37.381,27.91,39.01,39.329,318.17,30808.6
EV000020,2027-09-22T18:00:00Z,355.638,2.602,30.492,67.99,51.137,413.09,107148.8
EV000111,2027-09-23T00:00:00Z,372.189,58.809,44.56,69.76,52.704,405.82,58706.5
EV000428,2027-09-23T06:00:00Z,359.865,41.003,28.753,73.84,47.978,398.96,135479.5
EV000280,2027-09-23T12:00:00Z,379.208,33.982,27.244,65.5,49.912,393.98,65925.3
EV000165,2027-09-23T18:00:00Z,371.186,27.019,30.752,65.28,53.585,402.31,13136.9
EV000382,2027-09-24T00:00:00Z,378.216,40.086,28.872,36.98,40.562,334.25,35267.7
EV000478,2027-09-24T06:00:00Z,365.26,43.418,30.917,64.52,45.879,354.75,101121.0
EV000310,2027-09-24T12:00:00Z,359.752,35.263,31.753,15.75,53.023,425.47,35855.7
EV000012,2027-09-24T18:00:00Z,367.801,25.212,31.647,72.85,50.154,407.97,49125.7
EV000355,2027-09-25T00:00:00Z,347.995,60.34,26.697,64.76,51.473,391.61,32766.9
EV000388,2027-09-25T06:00:00Z,366.912,9.519,27.233,54.76,48.616,372.55,118187.7
EV000298,2027-09-25T12:00:00Z,363.558,48.834,29.146,67.75,51.068,430.52,79166.1
EV000494,2027-09-25T18:00:00Z,375.62,50.949,45.088,50.61,49.743,416.42,106409.3
EV000308,2027-09-26T00:00:00Z,371.885,41.649,32.586,42.66,45.908,372.51,132414.5
EV000232,2027-09-26T06:00:00Z,371.367,22.4,28.927,43.43,46.991,388.09,99150.7
EV000187,2027-09-26T12:00:00Z,373.323,37.552,31.504,81.38,37.332,288.53,116663.1
EV000290,2027-09-26T18:00:00Z,356.677,57.495,28.302,80.18,40.523,300.43,27488.0
EV000044,2027-09-27T00:00:00Z,357.75,40.203,46.304,54.14,47.732,385.42,75525.3
EV000308,2027-09-27T06:00:00Z,352.387,38.669,29.655,74.83,45.262,354.68,131198.6
EV000275,2027-09-27T12:00:00Z,370.678,52.723,24.35,48.16,52.143,427.76,48504.2
EV000108,2027-09-27T18:00:00Z,366.973,37.746,32.505,36.87,51.434,416.58,28662.7
EV000179,2027-09-28T00:00:00Z,367.998,36.002,27.276,92.98,40.005,310.3,85975.2
EV000374,2027-09-28T06:00:00Z,355.584,10.16,26.785,68.07,35.82,275.19,130205.4
EV000300,2027-09-28T12:00:00Z,362.945,42.695,42.688,26.55,53.835,442.83,13734.7
EV000409,2027-09-28T18:00:00Z,358.472,40.16,27.299,30.96,45.094,372.14,104841.9
EV000433,2027-09-29T00:00:00Z,355.191,32.203,26.175,87.11,48.311,376.51,123678.5
EV000449,2027-09-29T06:00:00Z,383.148,35.226,43.233,58.37,50.541,410.17,117830.7
EV000213,2027-09-29T12:00:00Z,373.367,2.084,31.482,87.88,53.524,440.47,61564.9
EV000345,2027-09-29T18:00:00Z,357.89,35.59,27.456,65.93,33.316,250.55,137226.6
EV000189,2027-09-30T00:00:00Z,371.751,42.073,45.78,53.13,49.234,354.44,130198.7
EV000072,2027-09-30T06:00:00Z,362.536,21.133,28.361,56.45,51.184,391.17,25544.8
EV000369,2027-09-30T12:00:00Z,364.662,48.936,33.252,88.22,48.938,390.07,92067.6
EV000054,2027-09-30T18:00:00Z,373.453,84.602,29.37,84.92,42.05,322.72,48986.0
EV000242,2027-10-01T00:00:00Z,371.594,74.081,31.841,60.44,53.537,410.42,46662.0
EV000191,2027-10-01T06:00:00Z,363.656,43.509,24.489,78.49,53.464,432.13,45324.2
EV000378,2027-10-01T12:00:00Z,358.547,27.268,27.261,23.64,52.392,425.37,36299.8
EV000329,2027-10-01T18:00:00Z,367.049,58.362,28.774,79.18,50.544,403.71,101862.9
EV000490,2027-10-02T00:00:00Z,378.282,29.002,29.377,76.55,51.092,412.09,54591.5
EV000117,2027-10-02T06:00:00Z,375.003,32.952,26.868,58.31,48.751,388.15,72375.5
EV000078,2027-10-02T12:00:00Z,373.354,31.172,24.649,18.69,48.061,395.14,96881.7
EV000340,2027-10-02T18:00:00Z,374.049,21.164,30.604,61.85,48.589,380.59,40792.1
EV000114,2027-10-03T00:00:00Z,367.966,50.845,28.425,40.61,52.032,398.71,9203.8
EV000271,2027-10-03T06:00:00Z,361.28,30.346,33.829,54.61,48.57,388.85,95867.5
EV000351,2027-10-03T12:00:00Z,364.751,51.941,34.39,26.77,52.567,398.63,56368.2
EV000290,2027-10-03T18:00:00Z,387.001,63.741,30.554,46.65,43.497,326.26,7829.2
EV000164,2027-10-04T00:00:00Z,362.063,19.611,29.614,47.08,45.5,379.0,37157.7
EV000305,2027-10-04T06:00:00Z,380.128,43.03,31.35,76.44,52.38,427.6,35706.7
EV000079,2027-10-04T12:00:00Z,369.29,41.492,27.277,42.25,50.327,395.65,115333.1
EV000427,2027-10-04T18:00:00Z,356.448,47.917,27.185,61.32,50.17,396.76,18593.9
EV000216,2027-10-05T00:00:00Z,368.48,48.778,27.49,67.86,52.404,419.56,75046.2
EV000500,2027-10-05T06:00:00Z,360.218,32.803,29.293,54.26,45.584,358.44,117147.0
EV000263,2027-10-05T12:00:00Z,357.849,58.118,29.524,22.65,49.241,392.58,109145.4
EV000041,2027-10-05T18:00:00Z,370.708,58.023,47.685,74.17,51.466,421.2,56472.8
EV000212,2027-10-06T00:00:00Z,360.466,54.631,30.825,58.26,37.391,303.31,130245.3
EV000439,2027-10-06T06:00:00Z,361.58,24.046,23.509,91.45,47.512,377.81,110712.9
EV000331,2027-10-06T12:00:00Z,365.067,-3.991,28.501,82.92,54.907,451.22,16180.0
EV000490,2027-10-06T18:00:00Z,354.044,50.863,32.17,20.69,44.931,351.64,129060.9
EV000016,2027-10-07T00:00:00Z,369.107,49.871,25.087,57.29,48.233,393.17,126870.2
EV000130,2027-10-07T06:00:00Z,367.276,57.699,25.638,50.85,38.181,294.31,115547.3
EV000214,2027-10-07T12:00:00Z,356.671,66.777,28.393,40.48,50.159,408.32,104798.5
EV000038,2027-10-07T18:00:00Z,367.646,45.493,25.255,37.3,53.052,431.27,24659.8
EV000005,2027-10-08T00:00:00Z,361.399,39.457,25.294,89.67,49.291,372.19,72676.1
EV000102,2027-10-08T06:00:00Z,354.716,45.121,25.821,34.46,50.635,398.22,24119.1
EV000366,2027-10-08T12:00:00Z,377.298,74.439,29.165,63.14,54.059,432.71,38811.4
EV000187,2027-10-08T18:00:00Z,353.538,42.497,28.42,35.46,39.052,301.29,90371.6
EV000022,2027-10-09T00:00:00Z,367.96,65.646,30.827,66.93,46.245,382.63,109644.0
EV000314,2027-10-09T06:00:00Z,360.863,69.244,24.573,78.21,52.426,433.23,49773.1
EV000196,2027-10-09T12:00:00Z,365.141,30.851,28.244,37.19,40.827,320.81,25697.4
EV000266,2027-10-09T18:00:00Z,358.869,50.255,23.462,65.28,45.786,358.67,136711.3
EV000233,2027-10-10T00:00:00Z,348.592,40.398,28.997,41.44,52.454,402.62,32258.4
EV000103,2027-10-10T06:00:00Z,365.237,26.612,43.607,52.96,54.218,448.42,12096.9
EV000363,2027-10-10T12:00:00Z,372.419,62.794,29.085,77.43,40.973,319.83,34053.5
EV000040,2027-10-10T18:00:00Z,359.12,45.586,32.646,74.18,54.255,428.27,28382.7
EV000194,2027-10-11T00:00:00Z,356.393,52.477,33.446,67.59,34.985,275.29,91805.0
EV000013,2027-10-11T06:00:00Z,362.186,23.433,40.603,93.87,49.368,390.39,120638.7
EV000286,2027-10-11T12:00:00Z,373.841,36.88,26.476,68.83,48.585,381.08,82571.2
EV000354,2027-10-11T18:00:00Z,361.638,54.106,29.929,36.09,45.369,345.48,121253.5
EV000048,2027-10-12T00:00:00Z,378.425,59.356,26.388,38.22,51.553,408.37,87940.0
EV000252,2027-10-12T06:00:00Z,376.242,54.301,31.046,65.82,53.812,441.43,19489.6
EV000327,2027-10-12T12:00:00Z,365.539,59.68,29.274,84.54,52.104,430.53,55040.5
EV000142,2027-10-12T18:00:00Z,356.929,57.583,30.007,22.9,48.011,387.08,136648.7
EV000054,2027-10-13T00:00:00Z,362.854,48.729,28.772,79.23,41.187,332.64,70314.6
EV000254,2027-10-13T06:00:00Z,358.149,43.917,33.944,50.45,54.58,429.28,23579.1
EV000410,2027-10-13T12:00:00Z,353.424,46.017,32.583,59.47,40.757,327.17,16505.2
EV000097,2027-10-13T18:00:00Z,360.179,55.359,28.702,34.27,37.926,299.12,89225.6
EV000457,2027-10-14T00:00:00Z,367.745,42.693,29.514,53.05,46.21,372.73,121947.2
EV000338,2027-10-14T06:00:00Z,368.399,28.682,26.02,61.89,37.622,311.03,95999.3
EV000097,2027-10-14T12:00:00Z,383.178,52.637,27.093,47.21,36.247,297.03,127101.7
EV000183,2027-10-14T18:00:00Z,363.852,47.222,29.153,79.1,50.009,398.14,59697.0
EV000154,2027-10-15T00:00:00Z,367.754,9.81,29.017,65.81,52.112,403.95,29868.7
EV000271,2027-10-15T06:00:00Z,381.206,28.527,25.244,70.18,51.027,418.19,62546.9
EV000453,2027-10-15T12:00:00Z,366.527,50.996,27.596,88.48,50.64,395.8,83973.7
EV000162,2027-10-15T18:00:00Z,368.923,32.439,26.651,35.86,50.579,401.64,61561.4
EV000147,2027-10-16T00:00:00Z,368.943,53.398,28.062,57.61,46.353,370.15,131854.0
EV000377,2027-10-16T06:00:00Z,349.055,57.734,25.288,88.0,50.138,416.11,58912.5
EV000066,2027-10-16T12:00:00Z,373.055,43.747,33.574,80.55,49.394,386.0,39592.0
EV000457,2027-10-16T18:00:00Z,360.632,58.33,22.467,18.51,52.934,411.19,34495.5
EV000383,2027-10-17T00:00:00Z,359.642,39.784,30.6,67.48,36.616,286.45,118512.7
EV000207,2027-10-17T06:00:00Z,358.762,51.593,32.648,54.17,51.648,408.65,82922.0
EV000045,2027-10-17T12:00:00Z,361.374,48.657,35.773,46.94,47.983,394.79,84804.7
EV000365,2027-10-17T18:00:00Z,371.422,49.255,28.939,38.55,50.294,422.32,51368.0
EV000017,2027-10-18T00:00:00Z,365.073,36.154,26.793,49.54,50.996,406.44,83621.0
EV000167,2027-10-18T06:00:00Z,359.572,29.003,29.89,67.73,51.116,389.4,43652.9
EV000290,2027-10-18T12:00:00Z,355.676,53.188,32.396,93.79,42.196,341.73,6277.4
EV000107,2027-10-18T18:00:00Z,361.747,60.806,45.24,59.22,47.6,380.47,114241.1
EV000004,2027-10-19T00:00:00Z,369.823,35.443,29.588,93.45,46.668,375.67,94559.0
EV000058,2027-10-19T06:00:00Z,365.786,21.087,29.442,18.73,48.721,380.77,63853.4
EV000084,2027-10-19T12:00:00Z,371.09,31.238,27.144,60.28,51.367,411.95,51678.6
EV000336,2027-10-19T18:00:00Z,364.499,34.642,34.093,83.45,50.182,399.17,68687.1
EV000282,2027-10-20T00:00:00Z,359.489,45.594,28.824,83.28,47.781,395.67,132512.6
EV000448,2027-10-20T06:00:00Z,353.029,47.908,33.509,33.48,51.257,407.74,31827.2
EV000048,2027-10-20T12:00:00Z,371.409,57.882,30.912,86.92,49.009,389.15,104908.2
EV000156,2027-10-20T18:00:00Z,348.468,47.343,29.595,44.6,44.573,359.28,99380.6
EV000391,2027-10-21T00:00:00Z,362.885,53.292,24.51,70.1,34.012,249.08,103623.6
EV000224,2027-10-21T06:00:00Z,354.158,64.014,28.994,66.74,41.399,327.47,56341.3
EV000385,2027-10-21T12:00:00Z,360.857,56.252,24.731,28.61,55.883,450.07,16447.5
EV000244,2027-10-21T18:00:00Z,355.25,37.632,29.706,42.82,37.535,282.22,102675.7
EV000438,2027-10-22T00:00:00Z,382.004,41.844,32.931,93.43,46.876,360.55,96184.1
EV000120,2027-10-22T06:00:00Z,377.959,37.878,31.922,27.07,33.5,269.46,132043.4
EV000294,2027-10-22T12:00:00Z,373.456,26.239,25.909,36.85,46.943,381.01,119630.1
EV000437,2027-10-22T18:00:00Z,364.313,44.071,34.497,53.87,38.216,295.65,98155.7
EV000482,2027-10-23T00:00:00Z,359.052,62.05,22.541,46.72,51.262,421.44,59303.4
EV000310,2027-10-23T06:00:00Z,369.814,36.463,27.552,67.29,50.385,387.24,93857.9
EV000085,2027-10-23T12:00:00Z,358.217,14.754,27.829,64.89,50.537,408.35,69587.0
EV000382,2027-10-23T18:00:00Z,349.063,24.783,32.42,60.49,40.309,337.84,70177.9
EV000103,2027-10-24T00:00:00Z,364.976,40.934,40.531,27.06,52.85,419.95,63862.3
EV000287,2027-10-24T06:00:00Z,353.71,49.634,31.324,54.39,37.223,275.99,90164.0
EV000090,2027-10-24T12:00:00Z,378.732,31.026,28.898,52.17,52.557,424.2,57579.6
EV000296,2027-10-24T18:00:00Z,357.77,31.701,32.294,82.82,40.397,306.29,16289.8
EV000357,2027-10-25T00:00:00Z,357.99,28.464,31.02,85.62,51.103,405.89,67902.2
EV000353,2027-10-25T06:00:00Z,366.075,21.568,28.97,51.09,50.314,404.54,42522.6
EV000318,2027-10-25T12:00:00Z,379.025,61.473,26.09,68.19,39.668,317.6,62236.5
EV000482,2027-10-25T18:00:00Z,370.646,23.239,28.926,34.49,49.264,380.48,57460.5
EV000471,2027-10-26T00:00:00Z,380.493,41.056,32.151,68.61,47.401,371.18,108567.1
EV000401,2027-10-26T06:00:00Z,363.666,67.796,25.45,51.84,47.007,368.39,137546.9
EV000294,2027-10-26T12:00:00Z,358.75,39.671,27.09,81.72,51.933,411.67,31790.0
EV000335,2027-10-26T18:00:00Z,366.884,16.147,46.125,88.18,54.061,457.59,40873.7
EV000072,2027-10-27T00:00:00Z,360.813,30.049,35.939,75.44,55.273,444.46,14665.9
EV000396,2027-10-27T06:00:00Z,359.529,50.497,40.008,76.5,47.835,370.81,115076.6
EV000127,2027-10-27T12:00:00Z,376.864,61.309,47.726,69.47,50.765,386.15,60104.5
EV000228,2027-10-27T18:00:00Z,368.89,39.208,29.499,78.63,54.373,443.91,14332.3
EV000329,2027-10-28T00:00:00Z,364.858,38.193,34.337,44.03,46.972,391.7,124471.8
EV000462,2027-10-28T06:00:00Z,347.196,31.808,31.585,22.65,38.231,329.31,71381.6
EV000066,2027-10-28T12:00:00Z,361.503,46.288,29.818,32.06,46.05,378.06,129396.6
EV000103,2027-10-28T18:00:00Z,368.723,42.706,46.581,37.76,50.595,438.02,31845.0
EV000489,2027-10-29T00:00:00Z,356.468,47.221,30.166,86.21,50.124,407.88,67874.3
EV000284,2027-10-29T06:00:00Z,348.76,45.206,44.25,43.09,53.877,429.03,34666.1
EV000482,2027-10-29T12:00:00Z,372.291,58.402,31.258,21.31,51.215,405.02,83521.2
EV000457,2027-10-29T18:00:00Z,360.663,60.39,29.954,81.63,46.876,373.58,132096.5
EV000346,2027-10-30T00:00:00Z,367.635,42.91,24.804,48.74,37.553,304.65,104041.7
EV000055,2027-10-30T06:00:00Z,371.207,56.413,28.102,19.92,38.63,307.24,53023.2
EV000071,2027-10-30T12:00:00Z,353.05,15.813,33.937,19.34,36.735,273.46,78876.7
EV000106,2027-10-30T18:00:00Z,376.571,36.397,30.151,69.13,51.927,403.26,28269.5
EV000496,2027-10-31T00:00:00Z,365.844,36.492,31.425,28.57,35.155,288.31,67490.9
EV000224,2027-10-31T06:00:00Z,371.917,27.638,31.794,36.32,36.761,320.36,81296.3
EV000347,2027-10-31T12:00:00Z,366.579,69.231,29.642,26.1,36.555,294.88,131630.6
EV000454,2027-10-31T18:00:00Z,368.221,28.265,44.717,86.04,51.172,422.01,108037.6
EV000040,2027-11-01T00:00:00Z,363.344,71.06,28.036,54.11,45.759,375.95,111994.0
EV000192,2027-11-01T06:00:00Z,371.226,51.519,29.845,65.33,41.262,337.12,70279.0
EV000028,2027-11-01T12:00:00Z,350.017,41.754,29.589,91.42,39.485,310.21,64009.6
EV000223,2027-11-01T18:00:00Z,359.446,25.706,47.922,76.55,51.78,426.86,50084.4
EV000129,2027-11-02T00:00:00Z,367.062,36.169,32.524,91.67,40.681,317.18,11935.7
EV000051,2027-11-02T06:00:00Z,366.67,33.835,47.286,16.91,50.712,367.14,44190.5
EV000111,2027-11-02T12:00:00Z,371.497,14.026,49.796,24.52,51.31,430.21,32404.1
EV000488,2027-11-02T18:00:00Z,363.527,46.076,25.673,51.15,38.953,320.05,75888.9
EV000096,2027-11-03T00:00:00Z,367.703,54.195,51.409,20.65,51.228,431.3,95471.0
EV000386,2027-11-03T06:00:00Z,365.709,42.399,29.027,41.89,46.718,374.51,114305.6
EV000147,2027-11-03T12:00:00Z,356.377,42.463,29.844,15.06,50.477,431.24,69421.8
EV000310,2027-11-03T18:00:00Z,359.288,51.612,31.322,79.08,47.726,379.01,133380.3
EV000128,2027-11-04T00:00:00Z,370.232,36.759,32.566,65.99,39.638,316.0,65648.6
EV000331,2027-11-04T06:00:00Z,357.637,36.926,30.07,91.8,49.875,401.01,100662.6
EV000083,2027-11-04T12:00:00Z,363.905,27.179,29.559,66.94,40.637,340.89,17088.1
EV000319,2027-11-04T18:00:00Z,366.417,34.125,28.598,57.83,50.995,413.17,34029.2
EV000465,2027-11-05T00:00:00Z,366.36,38.536,33.957,84.41,48.756,400.1,81297.5
EV000412,2027-11-05T06:00:00Z,360.019,57.399,28.408,37.26,52.268,416.97,31210.2
EV000351,2027-11-05T12:00:00Z,347.949,48.432,29.19,27.41,50.023,400.36,110427.2
EV000224,2027-11-05T18:00:00Z,365.256,45.148,25.191,57.44,40.673,331.0,63124.4
EV000024,2027-11-06T00:00:00Z,360.623,19.287,28.594,43.31,57.207,440.65,23218.2
EV000461,2027-11-06T06:00:00Z,371.645,50.357,32.925,82.34,49.251,400.44,108943.2
EV000060,2027-11-06T12:00:00Z,375.274,30.434,28.359,72.46,34.817,263.63,115382.3
EV000124,2027-11-06T18:00:00Z,369.045,50.348,29.845,41.91,52.692,404.74,14949.3
EV000112,2027-11-07T00:00:00Z,365.822,52.392,28.601,48.59,51.509,417.0,42451.3
EV000103,2027-11-07T06:00:00Z,367.338,55.969,45.709,19.65,46.427,359.94,101318.0
EV000024,2027-11-07T12:00:00Z,372.27,64.772,29.717,74.51,48.506,398.98,113222.6
EV000426,2027-11-07T18:00:00Z,361.83,53.432,25.582,67.32,54.102,448.57,24048.1
EV000320,2027-11-08T00:00:00Z,368.855,47.565,29.799,25.1,46.401,381.6,132132.8
EV000185,2027-11-08T06:00:00Z,363.188,49.884,35.376,74.13,48.743,372.51,128987.2
EV000478,2027-11-08T12:00:00Z,370.287,31.899,27.893,63.61,51.234,411.43,38741.7
EV000149,2027-11-08T18:00:00Z,369.277,35.74,27.557,36.09,47.58,379.19,98639.0
EV000347,2027-11-09T00:00:00Z,361.717,41.453,23.109,77.04,37.393,290.16,111066.9
EV000070,2027-11-09T06:00:00Z,361.033,54.551,22.439,62.89,53.375,410.83,29872.1
EV000153,2027-11-09T12:00:00Z,376.423,53.856,27.142,19.19,39.275,301.85,102196.9
EV000414,2027-11-09T18:00:00Z,378.173,34.647,47.894,68.88,49.224,403.73,130890.4
EV000278,2027-11-10T00:00:00Z,383.73,42.968,25.929,34.75,51.578,404.19,83270.0
EV000423,2027-11-10T06:00:00Z,361.906,56.343,42.85,49.21,48.313,391.39,102227.3
EV000473,2027-11-10T12:00:00Z,356.601,65.857,29.032,73.55,50.982,402.16,45232.7
EV000341,2027-11-10T18:00:00Z,352.208,73.823,33.722,54.31,46.89,365.94,104607.9
EV000270,2027-11-11T00:00:00Z,367.975,23.232,27.05,27.15,42.335,341.09,7038.3
EV000408,2027-11-11T06:00:00Z,350.255,52.14,24.992,32.05,41.355,312.57,22958.0
EV000107,2027-11-11T12:00:00Z,359.697,30.408,47.08,18.61,53.839,437.55,33673.4
EV000428,2027-11-11T18:00:00Z,367.482,49.515,27.282,23.7,52.448,418.96,66298.4
EV000419,2027-11-12T00:00:00Z,371.082,34.05,31.977,92.83,47.766,387.37,94678.5
EV000020,2027-11-12T06:00:00Z,361.345,45.634,31.41,92.29,54.546,439.59,19013.7
EV000205,2027-11-12T12:00:00Z,351.769,40.939,27.826,55.39,38.816,317.4,69203.7
EV000277,2027-11-12T18:00:00Z,362.801,57.462,33.276,35.0,50.287,400.35,91265.0
EV000101,2027-11-13T00:00:00Z,371.587,41.67,34.746,80.48,37.984,290.86,67915.3
EV000398,2027-11-13T06:00:00Z,356.748,34.077,30.333,40.85,49.366,415.87,89890.6
EV000077,2027-11-13T12:00:00Z,365.514,54.35,23.587,18.16,50.791,417.23,112855.6
EV000428,2027-11-13T18:00:00Z,379.587,31.449,24.974,35.41,52.133,424.88,23472.3
EV000334,2027-11-14T00:00:00Z,347.477,54.061,47.534,65.06,45.768,375.02,123459.6
EV000329,2027-11-14T06:00:00Z,369.1,41.273,34.349,63.6,47.924,363.01,116663.7
EV000329,2027-11-14T12:00:00Z,351.772,55.081,28.236,63.96,52.184,399.79,33034.3
EV000195,2027-11-14T18:00:00Z,379.745,39.934,45.232,87.61,51.317,426.58,70553.6
EV000141,2027-11-15T00:00:00Z,357.069,42.564,49.197,26.46,50.271,379.27,82896.1
EV000361,2027-11-15T06:00:00Z,372.66,39.372,49.644,81.65,49.499,386.07,91965.5
EV000265,2027-11-15T12:00:00Z,359.581,41.067,48.121,17.2,47.944,397.81,64823.4
EV000356,2027-11-15T18:00:00Z,365.191,46.478,47.795,89.11,51.994,414.49,41581.3
EV000482,2027-11-16T00:00:00Z,353.901,41.667,29.165,56.89,48.682,386.63,134174.1
EV000087,2027-11-16T06:00:00Z,351.924,33.278,24.254,45.31,42.002,337.4,45555.7
EV000432,2027-11-16T12:00:00Z,364.216,34.775,28.262,54.18,52.049,414.03,41131.8
EV000127,2027-11-16T18:00:00Z,367.41,34.386,49.08,23.38,53.644,416.59,73549.7
EV000102,2027-11-17T00:00:00Z,365.329,28.687,34.744,72.19,48.284,371.06,90590.7
EV000226,2027-11-17T06:00:00Z,359.836,47.591,25.105,23.73,46.701,374.67,108575.8
EV000344,2027-11-17T12:00:00Z,373.003,0.969,42.395,51.98,46.81,376.22,102620.1
EV000449,2027-11-17T18:00:00Z,366.807,58.478,48.647,55.83,50.193,412.77,57056.6
EV000099,2027-11-18T00:00:00Z,358.839,42.715,29.407,34.01,53.934,431.6,33474.7
EV000175,2027-11-18T06:00:00Z,371.1,58.431,26.242,73.67,55.137,419.21,24357.4
EV000002,2027-11-18T12:00:00Z,362.308,55.989,51.88,32.5,48.449,374.04,79846.9
EV000228,2027-11-18T18:00:00Z,369.968,57.357,26.004,40.47,54.28,435.31,13493.7
EV000237,2027-11-19T00:00:00Z,362.52,45.162,30.287,28.3,48.4,393.39,120571.6
EV000319,2027-11-19T06:00:00Z,365.223,45.625,30.896,40.63,45.849,388.55,119245.5
EV000210,2027-11-19T12:00:00Z,364.761,70.389,33.069,76.4,45.053,355.86,126968.5
EV000344,2027-11-19T18:00:00Z,364.737,53.616,44.115,24.54,48.239,390.67,101164.1
EV000385,2027-11-20T00:00:00Z,368.02,55.706,28.795,72.09,50.244,405.13,68097.7
EV000145,2027-11-20T06:00:00Z,373.758,38.805,29.553,16.3,50.913,422.63,81023.5
EV000100,2027-11-20T12:00:00Z,362.241,40.343,24.741,23.39,40.589,311.43,33750.6
EV000037,2027-11-20T18:00:00Z,369.724,64.876,28.618,94.73,41.489,318.83,45373.1
EV000195,2027-11-21T00:00:00Z,349.325,36.922,45.506,49.76,49.573,391.11,50237.2
EV000436,2027-11-21T06:00:00Z,357.435,48.061,32.622,71.76,49.725,442.79,74914.8
EV000203,2027-11-21T12:00:00Z,390.598,33.935,31.234,23.66,48.351,386.6,115261.8
EV000031,2027-11-21T18:00:00Z,362.521,46.094,28.195,54.98,44.885,378.66,131691.3
EV000014,2027-11-22T00:00:00Z,357.413,50.441,27.921,72.09,33.583,274.75,107744.8
EV000475,2027-11-22T06:00:00Z,361.769,47.11,28.467,62.65,46.676,376.42,108642.1
EV000373,2027-11-22T12:00:00Z,364.072,67.413,25.093,27.83,47.221,391.46,126574.5
EV000155,2027-11-22T18:00:00Z,363.611,56.895,44.402,56.67,51.951,397.56,51602.8
EV000487,2027-11-23T00:00:00Z,367.583,48.214,32.401,88.58,49.818,400.06,76769.7
EV000148,2027-11-23T06:00:00Z,364.749,41.242,30.461,82.43,49.049,401.61,129394.8
EV000032,2027-11-23T12:00:00Z,361.474,50.691,30.878,34.12,49.579,394.93,120773.4
EV000178,2027-11-23T18:00:00Z,363.564,53.336,26.264,34.57,51.129,400.68,56420.0
EV000077,2027-11-24T00:00:00Z,372.606,36.241,30.684,93.38,47.671,385.26,114905.6
EV000032,2027-11-24T06:00:00Z,361.18,36.197,29.058,88.61,48.56,377.15,49069.1
EV000102,2027-11-24T12:00:00Z,370.096,25.674,28.276,35.34,50.389,390.29,66214.0
EV000363,2027-11-24T18:00:00Z,364.112,40.972,29.839,26.85,35.549,297.38,137915.9
EV000367,2027-11-25T00:00:00Z,358.177,47.796,28.716,49.7,48.29,406.26,129507.7
EV000328,2027-11-25T06:00:00Z,348.588,39.229,27.065,88.87,32.841,282.2,138678.0
EV000201,2027-11-25T12:00:00Z,368.521,25.132,35.193,20.99,40.553,341.75,88292.7
EV000082,2027-11-25T18:00:00Z,362.953,42.934,44.959,15.33,54.968,454.22,31778.0
EV000389,2027-11-26T00:00:00Z,371.942,46.922,30.369,92.14,40.083,325.86,61332.2
EV000077,2027-11-26T06:00:00Z,367.415,35.477,22.442,19.4,47.345,361.64,120735.4
EV000137,2027-11-26T12:00:00Z,372.452,64.535,51.439,87.46,51.796,390.61,35892.4
EV000345,2027-11-26T18:00:00Z,372.476,29.208,28.043,52.49,43.112,358.45,27969.0
EV000443,2027-11-27T00:00:00Z,367.929,26.451,24.336,25.7,38.568,316.87,96884.4
EV000466,2027-11-27T06:00:00Z,375.294,28.678,26.089,85.93,52.242,428.69,38313.9
EV000148,2027-11-27T12:00:00Z,363.211,33.355,28.188,81.3,53.279,427.23,8777.2
EV000170,2027-11-27T18:00:00Z,379.494,32.132,29.471,85.32,41.487,341.33,20290.7
EV000423,2027-11-28T00:00:00Z,363.401,52.303,45.478,67.88,48.548,377.66,135415.6
EV000399,2027-11-28T06:00:00Z,366.022,44.604,44.771,38.4,52.616,414.74,54792.6
EV000424,2027-11-28T12:00:00Z,377.256,40.44,28.689,80.01,41.202,332.81,49717.9
EV000266,2027-11-28T18:00:00Z,375.415,52.891,34.485,70.34,48.843,398.11,84840.8
EV000188,2027-11-29T00:00:00Z,368.378,17.146,29.787,59.61,48.826,395.05,88114.1
EV000044,2027-11-29T06:00:00Z,371.377,58.013,43.038,54.27,46.886,381.5,139690.1
EV000198,2027-11-29T12:00:00Z,382.196,54.82,25.147,30.61,51.294,393.74,48018.2
EV000010,2027-11-29T18:00:00Z,352.354,27.824,31.428,84.6,49.005,377.11,86349.3
EV000387,2027-11-30T00:00:00Z,369.109,37.082,27.911,23.29,49.748,408.7,45906.9
EV000389,2027-11-30T06:00:00Z,374.358,47.585,29.291,93.81,32.615,251.08,138511.5
EV000436,2027-11-30T12:00:00Z,360.04,38.709,28.985,18.67,51.064,412.77,80248.4
EV000421,2027-11-30T18:00:00Z,371.415,62.835,29.568,88.55,52.412,421.36,45011.6
EV000259,2027-12-01T00:00:00Z,363.163,39.68,30.783,42.05,48.83,401.78,138894.0
EV000263,2027-12-01T06:00:00Z,366.017,36.794,33.083,38.48,47.501,377.85,98541.1
EV000059,2027-12-01T12:00:00Z,357.021,44.26,32.801,81.73,47.558,382.92,91468.5
EV000288,2027-12-01T18:00:00Z,378.932,34.812,30.987,80.97,49.022,393.89,79994.5
EV000403,2027-12-02T00:00:00Z,371.9,44.866,29.147,27.32,47.342,373.17,116158.0
EV000238,2027-12-02T06:00:00Z,357.923,69.63,49.402,73.91,47.242,387.38,133736.7
EV000373,2027-12-02T12:00:00Z,351.034,33.54,29.821,59.38,49.376,401.22,91563.8
EV000108,2027-12-02T18:00:00Z,365.461,61.793,30.374,71.74,43.723,357.69,139105.8
EV000312,2027-12-03T00:00:00Z,366.951,55.356,26.997,30.3,46.849,345.05,134463.1
EV000318,2027-12-03T06:00:00Z,357.762,25.73,29.35,90.44,42.729,325.96,27756.6
EV000330,2027-12-03T12:00:00Z,365.718,55.255,28.724,89.36,36.841,296.61,108115.8
EV000191,2027-12-03T18:00:00Z,369.558,42.41,38.307,50.99,47.592,375.8,127275.6
EV000304,2027-12-04T00:00:00Z,371.763,41.186,26.987,57.65,42.932,366.69,20669.2
EV000089,2027-12-04T06:00:00Z,366.301,29.728,26.958,89.92,40.928,327.76,30980.4
EV000252,2027-12-04T12:00:00Z,367.77,65.586,22.179,22.46,53.652,435.68,28060.6
EV000189,2027-12-04T18:00:00Z,374.405,54.805,47.065,41.68,49.986,391.59,76730.5
EV000254,2027-12-05T00:00:00Z,370.388,54.516,28.022,82.31,53.667,411.37,15918.8
EV000301,2027-12-05T06:00:00Z,355.312,25.438,30.887,56.31,44.032,353.66,29993.0
EV000252,2027-12-05T12:00:00Z,354.404,26.391,29.061,75.99,52.436,416.2,40579.9
EV000016,2027-12-05T18:00:00Z,355.436,26.35,31.525,35.91,46.545,382.76,106172.2
EV000108,2027-12-06T00:00:00Z,362.553,47.72,23.148,44.42,51.281,419.43,33831.8
EV000481,2027-12-06T06:00:00Z,366.085,44.292,29.827,84.78,46.08,363.46,130075.7
EV000476,2027-12-06T12:00:00Z,364.848,52.197,32.037,23.27,53.681,442.91,19412.8
EV000213,2027-12-06T18:00:00Z,367.653,62.64,27.672,92.29,48.679,381.11,90830.8
EV000027,2027-12-07T00:00:00Z,357.489,50.904,30.318,78.38,51.851,417.19,70318.3
EV000244,2027-12-07T06:00:00Z,374.119,54.263,29.715,24.17,44.16,363.71,24574.1
EV000326,2027-12-07T12:00:00Z,369.922,32.885,30.817,91.61,42.777,354.71,49778.5
EV000244,2027-12-07T18:00:00Z,366.779,29.315,27.431,85.02,36.073,285.19,98934.5
EV000339,2027-12-08T00:00:00Z,360.813,51.461,28.988,44.86,49.955,397.3,82668.7
EV000109,2027-12-08T06:00:00Z,353.551,28.351,39.546,81.03,54.05,426.55,40152.5
EV000019,2027-12-08T12:00:00Z,383.942,18.233,26.185,19.52,51.482,413.57,71748.8
EV000241,2027-12-08T18:00:00Z,364.63,46.569,31.847,44.97,42.222,360.0,24106.2
EV000381,2027-12-09T00:00:00Z,362.935,63.672,26.092,31.91,49.698,379.19,25825.6
EV000194,2027-12-09T06:00:00Z,352.669,55.576,35.435,68.43,40.306,332.09,47467.1
EV000188,2027-12-09T12:00:00Z,372.463,47.739,29.648,73.46,55.437,447.51,39661.0
EV000164,2027-12-09T18:00:00Z,369.547,42.846,27.678,66.24,41.327,324.66,50820.9
EV000392,2027-12-10T00:00:00Z,378.84,33.541,32.188,84.91,48.489,364.0,106214.0
EV000312,2027-12-10T06:00:00Z,358.323,28.643,27.019,41.2,53.327,430.03,7627.8
EV000141,2027-12-10T12:00:00Z,344.775,30.501,44.684,72.14,48.954,401.45,92777.4
EV000316,2027-12-10T18:00:00Z,369.037,47.198,30.236,59.75,52.675,426.98,19159.8
EV000499,2027-12-11T00:00:00Z,371.408,57.296,26.569,40.86,49.161,390.32,138277.2
EV000234,2027-12-11T06:00:00Z,367.964,37.102,25.803,35.54,41.512,330.94,18136.7
EV000036,2027-12-11T12:00:00Z,357.023,54.274,29.343,33.82,46.621,364.91,83549.1
EV000430,2027-12-11T18:00:00Z,373.021,58.476,32.678,34.22,46.245,381.54,107674.0
EV000499,2027-12-12T00:00:00Z,353.542,30.096,27.666,81.43,50.637,412.03,14292.2
EV000264,2027-12-12T06:00:00Z,362.488,37.862,27.47,82.47,36.831,283.44,50129.5
EV000108,2027-12-12T12:00:00Z,365.081,11.552,27.735,73.3,48.679,392.23,78513.7
EV000400,2027-12-12T18:00:00Z,369.414,40.698,49.369,17.4,46.646,358.9,117907.9
EV000090,2027-12-13T00:00:00Z,376.648,37.042,30.552,17.51,50.262,397.17,63510.5
EV000266,2027-12-13T06:00:00Z,366.915,52.139,28.492,81.84,52.039,415.64,36994.6
EV000039,2027-12-13T12:00:00Z,366.659,54.51,32.165,81.8,48.575,402.36,100782.2
EV000227,2027-12-13T18:00:00Z,360.303,46.733,31.402,77.47,44.3,342.42,8809.2
EV000031,2027-12-14T00:00:00Z,379.781,35.38,25.231,21.82,50.269,396.66,102161.8
EV000394,2027-12-14T06:00:00Z,374.125,60.291,29.907,34.58,53.605,430.26,26113.0
EV000110,2027-12-14T12:00:00Z,362.563,52.882,29.085,81.64,50.091,403.06,69831.5
EV000273,2027-12-14T18:00:00Z,360.549,69.692,24.036,74.19,53.205,428.41,56708.3
EV000451,2027-12-15T00:00:00Z,367.03,64.92,24.751,65.88,51.125,409.42,48973.9
EV000468,2027-12-15T06:00:00Z,369.969,43.831,53.176,83.79,52.415,416.35,82800.7
EV000443,2027-12-15T12:00:00Z,372.47,27.684,30.196,86.41,40.616,309.09,69185.5
EV000365,2027-12-15T18:00:00Z,364.689,4.853,30.911,93.81,48.22,373.04,121302.4
EV000279,2027-12-16T00:00:00Z,354.241,38.324,30.102,48.6,46.175,358.71,95651.0
EV000437,2027-12-16T06:00:00Z,353.304,49.247,30.894,73.83,38.366,313.91,64422.3
EV000106,2027-12-16T12:00:00Z,371.139,22.209,28.631,57.12,52.381,430.37,14060.9
EV000339,2027-12-16T18:00:00Z,363.277,46.419,30.752,88.13,52.0,441.13,8122.0
EV000160,2027-12-17T00:00:00Z,362.671,58.913,28.217,32.95,41.206,331.12,19105.6
EV000339,2027-12-17T06:00:00Z,382.483,60.058,28.837,25.73,47.481,367.79,118802.0
EV000388,2027-12-17T12:00:00Z,372.379,41.053,29.576,64.17,52.235,410.78,41379.1
EV000196,2027-12-17T18:00:00Z,363.073,60.415,31.213,59.96,39.329,301.96,78122.4
EV000381,2027-12-18T00:00:00Z,365.521,67.173,26.642,91.88,49.914,398.25,74475.8
EV000405,2027-12-18T06:00:00Z,375.988,34.185,22.161,89.62,50.024,425.74,56487.7
EV000189,2027-12-18T12:00:00Z,365.111,59.049,46.86,52.3,50.322,401.6,80551.5
EV000448,2027-12-18T18:00:00Z,362.031,37.038,31.405,18.03,46.651,357.78,116274.4
EV000438,2027-12-19T00:00:00Z,367.962,50.448,27.456,86.23,49.397,399.39,89459.1
EV000164,2027-12-19T06:00:00Z,374.293,56.424,26.128,87.28,35.433,299.96,94868.4
EV000429,2027-12-19T12:00:00Z,358.787,37.814,29.842,88.82,48.398,395.98,133474.4
EV000057,2027-12-19T18:00:00Z,369.585,56.434,24.408,66.88,39.532,282.51,84433.2
EV000446,2027-12-20T00:00:00Z,371.194,60.418,30.587,20.89,50.834,404.97,46340.6
EV000011,2027-12-20T06:00:00Z,353.588,68.975,34.318,65.68,53.525,413.34,6748.9
EV000023,2027-12-20T12:00:00Z,361.288,40.931,43.128,37.19,53.185,421.36,41649.3
EV000083,2027-12-20T18:00:00Z,368.54,42.281,27.258,16.43,39.608,297.16,80292.3
EV000167,2027-12-21T00:00:00Z,363.346,41.574,29.281,30.25,45.804,380.28,124213.7
EV000182,2027-12-21T06:00:00Z,370.527,57.441,44.819,77.68,53.526,439.64,16762.3
EV000075,2027-12-21T12:00:00Z,366.213,40.557,25.199,52.73,55.592,429.65,25212.4
EV000069,2027-12-21T18:00:00Z,376.647,51.008,23.235,54.39,39.474,303.58,59002.3
EV000102,2027-12-22T00:00:00Z,366.656,43.248,28.501,42.89,50.838,428.07,46042.9
EV000144,2027-12-22T06:00:00Z,368.91,57.267,33.408,78.15,50.668,405.22,52826.9
EV000480,2027-12-22T12:00:00Z,368.435,36.497,33.32,78.78,51.707,407.05,64114.3
EV000313,2027-12-22T18:00:00Z,357.654,42.239,30.63,36.19,37.421,284.45,95771.6
EV000363,2027-12-23T00:00:00Z,368.702,31.358,22.694,17.0,39.481,296.99,32649.1
EV000061,2027-12-23T06:00:00Z,357.38,31.912,22.468,43.23,38.752,291.71,104364.4
EV000345,2027-12-23T12:00:00Z,357.844,46.037,30.24,84.48,38.875,326.38,77828.5
EV000264,2027-12-23T18:00:00Z,351.876,15.484,26.424,50.2,41.053,334.95,13078.0
EV000376,2027-12-24T00:00:00Z,380.177,49.626,27.771,53.34,45.378,372.59,125304.7
EV000436,2027-12-24T06:00:00Z,379.146,29.527,29.92,56.75,49.389,386.61,56080.8
EV000345,2027-12-24T12:00:00Z,366.324,53.683,31.993,60.74,38.961,286.95,106112.8
EV000083,2027-12-24T18:00:00Z,357.878,51.426,27.074,86.64,36.181,306.26,95011.7
EV000166,2027-12-25T00:00:00Z,370.989,50.634,31.067,48.55,53.673,430.86,42488.7
EV000006,2027-12-25T06:00:00Z,362.78,35.678,23.874,94.05,38.107,311.53,98256.1
EV000410,2027-12-25T12:00:00Z,359.776,61.194,29.554,28.53,42.153,329.43,13959.5
EV000339,2027-12-25T18:00:00Z,375.724,42.482,30.093,51.83,52.043,395.24,34181.5
EV000330,2027-12-26T00:00:00Z,363.977,66.621,28.676,68.78,36.116,282.98,126926.7
EV000018,2027-12-26T06:00:00Z,363.377,49.498,30.351,61.05,53.499,445.0,18534.9
EV000317,2027-12-26T12:00:00Z,354.365,33.782,26.421,72.99,47.139,379.31,100648.9
EV000353,2027-12-26T18:00:00Z,370.707,17.961,29.765,41.92,46.02,360.89,120156.2
EV000466,2027-12-27T00:00:00Z,368.337,62.401,26.798,86.7,51.698,419.58,66287.9
EV000316,2027-12-27T06:00:00Z,372.734,37.122,25.924,93.35,52.274,429.2,11787.3
EV000159,2027-12-27T12:00:00Z,364.967,50.246,24.5,49.26,48.922,404.16,120696.7
EV000031,2027-12-27T18:00:00Z,360.467,56.207,30.459,39.23,47.531,381.77,102384.2
EV000420,2027-12-28T00:00:00Z,349.295,39.593,28.414,37.15,38.255,304.22,79366.3
EV000353,2027-12-28T06:00:00Z,365.411,66.535,28.392,21.42,53.732,453.54,27527.3
EV000117,2027-12-28T12:00:00Z,382.834,28.473,24.877,88.19,50.186,414.17,105477.7
EV000365,2027-12-28T18:00:00Z,363.458,36.456,29.837,47.47,49.393,370.82,108699.1
EV000182,2027-12-29T00:00:00Z,352.079,34.261,48.165,91.07,51.384,417.19,36210.2
EV000259,2027-12-29T06:00:00Z,365.215,31.092,30.015,80.4,54.935,460.82,16948.6
EV000127,2027-12-29T12:00:00Z,362.966,16.234,48.998,72.28,48.348,403.29,111268.4
EV000499,2027-12-29T18:00:00Z,369.93,35.813,28.658,61.63,45.98,357.85,126684.0
EV000307,2027-12-30T00:00:00Z,375.4,32.947,27.175,93.83,41.215,346.45,73137.6
EV000097,2027-12-30T06:00:00Z,374.906,53.314,28.76,31.64,42.451,336.67,24283.7
EV000323,2027-12-30T12:00:00Z,360.206,37.021,32.163,45.52,50.88,414.23,91987.9
EV000408,2027-12-30T18:00:00Z,365.664,37.225,28.52,33.58,38.994,310.08,69171.8
EV000225,2027-12-31T00:00:00Z,379.826,23.354,21.029,40.65,49.605,414.33,73617.0
EV000326,2027-12-31T06:00:00Z,377.935,50.979,30.271,37.39,37.837,288.9,60229.2
EV000032,2027-12-31T12:00:00Z,366.24,17.697,28.657,16.58,54.069,443.64,13201.4
EV000030,2027-12-31T18:00:00Z,377.468,39.121,29.274,38.17,48.804,383.06,56732.2
EV000095,2028-01-01T00:00:00Z,354.657,55.357,49.484,49.65,52.049,399.64,46796.2
EV000404,2028-01-01T06:00:00Z,363.803,47.017,28.304,32.84,46.528,368.71,109818.9
EV000423,2028-01-01T12:00:00Z,358.798,28.409,44.073,28.14,47.312,369.94,130330.6
EV000280,2028-01-01T18:00:00Z,369.214,56.996,25.648,66.73,51.491,418.05,54680.0
EV000411,2028-01-02T00:00:00Z,364.915,47.181,31.359,78.31,46.191,360.14,101276.9
EV000127,2028-01-02T06:00:00Z,362.993,37.533,51.666,50.83,51.252,395.31,38246.7
EV000062,2028-01-02T12:00:00Z,372.238,48.966,29.178,78.29,53.692,416.41,21908.5
EV000469,2028-01-02T18:00:00Z,356.312,35.885,23.235,93.21,54.231,432.99,10079.2
EV000030,2028-01-03T00:00:00Z,355.801,45.751,31.088,56.19,51.458,402.61,75561.6
EV000320,2028-01-03T06:00:00Z,366.81,57.064,27.131,83.7,47.363,376.82,120613.0
EV000036,2028-01-03T12:00:00Z,357.075,54.557,29.38,47.46,51.2,416.81,46034.4
EV000202,2028-01-03T18:00:00Z,361.398,19.518,40.47,66.06,49.093,390.91,111495.5
EV000474,2028-01-04T00:00:00Z,359.667,47.206,29.082,29.07,49.591,396.65,99585.8
EV000397,2028-01-04T06:00:00Z,378.315,24.042,24.957,57.45,51.302,414.82,88988.0
EV000165,2028-01-04T12:00:00Z,377.878,47.573,34.901,61.43,49.72,395.35,86623.8
EV000276,2028-01-04T18:00:00Z,374.744,51.851,24.563,69.89,40.649,314.4,37232.4
EV000172,2028-01-05T00:00:00Z,373.859,47.907,29.961,72.69,46.813,360.14,124069.4
EV000350,2028-01-05T06:00:00Z,360.272,51.669,30.139,92.48,36.027,266.75,88638.8
EV000222,2028-01-05T12:00:00Z,364.944,40.785,28.526,26.3,36.666,278.75,139823.1
EV000451,2028-01-05T18:00:00Z,354.47,32.743,28.595,19.96,48.011,398.05,92418.3
EV000014,2028-01-06T00:00:00Z,363.869,50.168,29.769,19.95,45.488,367.87,25492.2
EV000466,2028-01-06T06:00:00Z,366.236,56.096,30.863,83.52,48.538,389.58,91681.3
EV000229,2028-01-06T12:00:00Z,355.326,44.681,33.464,20.74,41.477,332.1,27646.5
EV000070,2028-01-06T18:00:00Z,356.901,35.305,31.787,45.38,52.651,425.47,63160.2
EV000217,2028-01-07T00:00:00Z,360.752,40.304,26.967,17.19,53.766,440.36,64374.1
EV000293,2028-01-07T06:00:00Z,364.741,34.781,28.94,53.42,53.582,423.91,28813.5
EV000252,2028-01-07T12:00:00Z,360.656,46.353,31.559,67.59,48.212,391.08,118398.5
EV000194,2028-01-07T18:00:00Z,374.242,42.079,25.985,76.77,42.204,339.03,23267.7
EV000308,2028-01-08T00:00:00Z,361.107,47.068,27.45,56.97,49.211,398.7,106464.1
EV000232,2028-01-08T06:00:00Z,362.725,34.234,30.372,77.33,49.086,385.17,75424.3
EV000166,2028-01-08T12:00:00Z,366.208,53.017,33.972,55.94,46.716,370.1,101334.5
EV000022,2028-01-08T18:00:00Z,358.705,32.688,30.598,54.81,49.762,398.01,70172.1
EV000309,2028-01-09T00:00:00Z,361.92,17.05,23.701,50.45,42.248,335.13,24977.0
EV000066,2028-01-09T06:00:00Z,382.84,40.761,25.261,15.93,47.918,388.17,88225.1
EV000028,2028-01-09T12:00:00Z,361.79,42.342,31.126,77.74,37.72,327.38,84912.9
EV000415,2028-01-09T18:00:00Z,356.368,27.728,24.854,47.6,52.886,417.63,55991.3
EV000076,2028-01-10T00:00:00Z,362.032,43.773,45.601,42.1,51.909,410.68,36470.7
EV000390,2028-01-10T06:00:00Z,371.596,41.685,23.331,82.53,51.911,407.97,37868.8
EV000487,2028-01-10T12:00:00Z,348.216,34.817,28.678,69.93,53.286,420.04,14240.2
EV000082,2028-01-10T18:00:00Z,366.228,28.073,41.322,84.79,51.134,428.49,60066.4
EV000424,2028-01-11T00:00:00Z,356.806,42.582,30.779,45.45,33.581,265.44,125956.4
EV000354,2028-01-11T06:00:00Z,361.795,47.749,26.64,49.66,49.052,390.26,87965.3
EV000293,2028-01-11T12:00:00Z,354.56,44.21,28.972,63.83,52.641,391.49,11791.1
EV000251,2028-01-11T18:00:00Z,374.317,53.373,35.306,91.77,48.674,373.87,77135.2
EV000222,2028-01-12T00:00:00Z,357.408,58.033,33.464,53.14,32.409,275.08,138571.8
EV000450,2028-01-12T06:00:00Z,365.997,51.108,43.947,15.46,49.992,409.54,88334.6
EV000196,2028-01-12T12:00:00Z,373.504,50.061,30.734,91.23,38.979,321.11,43501.9
EV000196,2028-01-12T18:00:00Z,349.598,12.015,32.218,16.88,41.372,354.28,23308.9
EV000219,2028-01-13T00:00:00Z,363.21,66.946,29.16,84.66,39.73,326.65,95031.4
EV000154,2028-01-13T06:00:00Z,365.355,50.829,26.327,51.69,53.371,436.09,20875.4
EV000212,2028-01-13T12:00:00Z,350.838,32.479,28.369,76.97,43.411,344.59,21391.2
EV000014,2028-01-13T18:00:00Z,361.205,29.664,31.765,71.83,39.601,330.8,45540.9
EV000135,2028-01-14T00:00:00Z,369.26,52.428,31.254,30.34,52.04,408.07,43159.1
EV000124,2028-01-14T06:00:00Z,373.25,32.836,28.928,62.99,46.858,406.23,135161.7
EV000103,2028-01-14T12:00:00Z,356.418,62.935,47.268,22.38,49.435,401.42,94775.1
EV000005,2028-01-14T18:00:00Z,364.037,15.921,33.004,51.93,51.531,415.82,54374.5
EV000158,2028-01-15T00:00:00Z,364.623,46.595,20.077,48.5,46.541,381.71,131559.0
EV000238,2028-01-15T06:00:00Z,363.845,20.661,48.024,18.37,46.726,365.41,118740.6
EV000122,2028-01-15T12:00:00Z,372.183,33.983,29.408,48.72,44.591,351.9,136422.3
EV000150,2028-01-15T18:00:00Z,362.29,25.635,22.827,17.84,48.169,376.26,106049.4
EV000425,2028-01-16T00:00:00Z,366.626,44.687,35.165,29.11,54.725,439.9,18976.2
EV000208,2028-01-16T06:00:00Z,366.178,35.574,31.169,25.44,47.735,376.77,78760.9
EV000284,2028-01-16T12:00:00Z,365.065,54.292,47.161,92.17,47.771,367.22,58980.7
EV000087,2028-01-16T18:00:00Z,373.607,31.709,29.203,84.75,35.786,285.84,107456.5
EV000395,2028-01-17T00:00:00Z,368.114,53.83,44.786,32.32,52.875,398.22,7103.6
EV000265,2028-01-17T06:00:00Z,374.877,50.428,48.379,55.1,48.311,394.27,103389.2
EV000228,2028-01-17T12:00:00Z,374.808,36.348,28.64,66.19,48.486,391.67,125229.9
EV000324,2028-01-17T18:00:00Z,366.003,36.887,41.686,48.27,45.854,383.6,128356.9
EV000339,2028-01-18T00:00:00Z,357.881,28.388,31.941,61.54,52.502,417.33,51421.6
EV000177,2028-01-18T06:00:00Z,365.908,24.602,30.66,41.92,51.919,417.35,35210.4
EV000070,2028-01-18T12:00:00Z,370.223,27.665,24.165,63.85,46.655,367.72,113194.7
EV000129,2028-01-18T18:00:00Z,371.713,32.784,31.217,21.32,36.96,312.65,110089.8
EV000184,2028-01-19T00:00:00Z,370.484,67.999,28.562,78.57,50.475,410.98,68468.8
EV000349,2028-01-19T06:00:00Z,366.411,40.752,23.597,47.68,48.039,398.12,106029.1
EV000344,2028-01-19T12:00:00Z,360.921,59.009,44.933,49.23,47.395,360.3,100540.0
EV000405,2028-01-19T18:00:00Z,361.134,44.982,30.294,37.85,55.734,445.76,12363.7
EV000376,2028-01-20T00:00:00Z,361.392,36.162,30.568,24.31,47.829,381.84,125766.6
EV000193,2028-01-20T06:00:00Z,338.395,21.89,35.537,25.62,42.242,318.39,49300.1
EV000274,2028-01-20T12:00:00Z,370.94,55.284,28.986,84.65,41.889,329.23,8285.8
EV000355,2028-01-20T18:00:00Z,366.668,43.652,25.348,46.24,50.964,416.15,101465.8
EV000107,2028-01-21T00:00:00Z,377.907,67.509,41.883,63.1,47.137,368.2,122169.5
EV000477,2028-01-21T06:00:00Z,356.983,67.351,27.399,23.06,48.851,382.96,104300.9
EV000367,2028-01-21T12:00:00Z,363.538,36.234,29.461,94.0,43.921,350.93,138047.7
EV000327,2028-01-21T18:00:00Z,374.458,27.746,23.649,39.57,49.977,392.24,106193.9
EV000170,2028-01-22T00:00:00Z,373.756,35.995,30.579,79.09,39.218,322.44,58202.1
EV000414,2028-01-22T06:00:00Z,366.293,51.834,43.643,34.11,51.111,406.88,75727.1
EV000088,2028-01-22T12:00:00Z,365.407,26.077,45.307,30.39,50.743,419.72,11722.6
EV000494,2028-01-22T18:00:00Z,371.407,52.276,44.42,22.23,47.244,367.98,115865.5
EV000250,2028-01-23T00:00:00Z,362.902,25.072,25.877,23.1,50.518,375.31,60843.1
EV000250,2028-01-23T06:00:00Z,360.969,27.141,25.797,21.68,52.02,435.22,62755.8
EV000428,2028-01-23T12:00:00Z,364.555,16.248,29.165,40.97,50.807,422.97,92090.3
EV000488,2028-01-23T18:00:00Z,368.752,58.558,26.927,80.45,39.851,344.24,55350.7
EV000304,2028-01-24T00:00:00Z,368.757,53.747,30.283,68.57,39.257,309.36,85481.4
EV000081,2028-01-24T06:00:00Z,382.946,36.617,29.248,54.66,48.546,403.98,122341.3
EV000420,2028-01-24T12:00:00Z,355.704,37.853,30.467,29.27,41.907,319.68,44693.9
EV000280,2028-01-24T18:00:00Z,364.502,56.009,24.263,38.5,52.248,403.48,86086.4
EV000324,2028-01-25T00:00:00Z,368.371,27.937,41.95,57.5,54.59,428.23,37795.5
EV000240,2028-01-25T06:00:00Z,370.889,27.502,30.695,30.54,48.888,387.18,87693.9
EV000233,2028-01-25T12:00:00Z,372.416,25.164,27.063,50.38,47.768,388.24,128957.2
EV000248,2028-01-25T18:00:00Z,375.866,38.285,33.423,73.14,49.768,417.27,58145.5
EV000184,2028-01-26T00:00:00Z,380.681,53.86,27.365,57.88,52.052,412.95,8378.8
EV000013,2028-01-26T06:00:00Z,353.211,35.953,43.954,49.31,53.184,434.49,35469.3
EV000102,2028-01-26T12:00:00Z,349.67,51.754,26.263,89.67,51.995,406.08,77332.7
EV000492,2028-01-26T18:00:00Z,375.379,33.992,30.59,77.1,40.801,318.75,53232.7
EV000359,2028-01-27T00:00:00Z,374.375,21.488,25.84,64.92,48.313,387.92,77440.8
EV000065,2028-01-27T06:00:00Z,364.901,53.096,23.899,73.17,49.393,396.66,91373.1
EV000078,2028-01-27T12:00:00Z,366.558,28.523,24.749,84.06,52.197,422.08,23925.7
EV000056,2028-01-27T18:00:00Z,374.238,43.826,49.844,81.55,50.607,398.21,38264.1
EV000147,2028-01-28T00:00:00Z,367.837,39.207,34.512,23.11,48.658,393.81,78604.5
EV000399,2028-01-28T06:00:00Z,360.863,37.328,46.001,61.56,54.357,415.4,24472.3
EV000138,2028-01-28T12:00:00Z,373.677,43.253,25.109,71.71,48.459,402.59,102691.7
EV000420,2028-01-28T18:00:00Z,369.227,46.041,26.613,16.53,37.537,309.02,74667.7
EV000119,2028-01-29T00:00:00Z,373.297,51.762,29.581,32.88,52.123,420.21,92407.5
EV000198,2028-01-29T06:00:00Z,363.299,65.298,30.872,64.69,52.025,410.82,26407.3
EV000196,2028-01-29T12:00:00Z,356.791,30.067,30.678,52.65,36.489,296.9,131387.2
EV000295,2028-01-29T18:00:00Z,359.979,65.445,29.02,21.49,36.228,292.13,136850.2
EV000412,2028-01-30T00:00:00Z,375.931,33.978,29.366,73.38,47.919,402.82,93411.3
EV000400,2028-01-30T06:00:00Z,359.317,43.996,47.585,42.52,49.169,368.41,54720.1
EV000184,2028-01-30T12:00:00Z,366.806,37.98,30.141,92.86,47.708,381.7,101709.8
EV000466,2028-01-30T18:00:00Z,384.397,51.454,24.484,89.76,52.186,396.6,49567.4
EV000197,2028-01-31T00:00:00Z,375.407,51.566,29.516,90.25,48.114,382.24,93783.7
EV000075,2028-01-31T06:00:00Z,372.206,23.283,31.832,80.4,51.562,387.66,62055.9
EV000315,2028-01-31T12:00:00Z,366.608,50.277,32.154,62.44,49.78,387.32,91489.5
EV000358,2028-01-31T18:00:00Z,369.251,31.337,32.414,28.98,38.463,339.0,127047.8
EV000299,2028-02-01T00:00:00Z,358.489,54.714,29.532,93.96,40.191,327.1,39656.6
EV000247,2028-02-01T06:00:00Z,370.425,39.61,33.327,91.08,38.123,304.25,76605.1
EV000057,2028-02-01T12:00:00Z,368.665,29.641,26.123,41.69,40.881,323.27,47244.0
EV000463,2028-02-01T18:00:00Z,371.248,35.217,25.944,47.99,46.639,379.75,126735.1
EV000357,2028-02-02T00:00:00Z,355.9,37.746,31.66,89.29,45.212,362.27,133148.7
EV000265,2028-02-02T06:00:00Z,370.727,53.586,47.551,30.29,51.866,413.32,48909.9
EV000463,2028-02-02T12:00:00Z,366.822,59.154,29.706,25.18,47.55,382.71,103801.4
EV000034,2028-02-02T18:00:00Z,351.558,38.251,47.329,25.59,52.364,415.32,37537.3
EV000335,2028-02-03T00:00:00Z,366.265,39.102,46.404,22.23,50.629,425.55,72838.8
EV000485,2028-02-03T06:00:00Z,351.203,27.699,31.657,33.94,48.718,396.79,94752.2
EV000220,2028-02-03T12:00:00Z,364.689,17.787,26.373,72.47,48.396,381.89,102646.1
EV000473,2028-02-03T18:00:00Z,367.452,53.41,28.124,24.68,45.981,371.88,131609.7
EV000005,2028-02-04T00:00:00Z,353.097,53.597,25.902,25.99,49.743,393.39,72875.2
EV000050,2028-02-04T06:00:00Z,360.028,23.688,32.789,28.22,39.573,303.98,64560.5
EV000206,2028-02-04T12:00:00Z,375.869,9.633,29.01,84.18,39.056,285.69,92647.5
EV000094,2028-02-04T18:00:00Z,368.33,29.975,30.538,72.05,39.836,338.88,63264.9
EV000189,2028-02-05T00:00:00Z,370.649,19.585,46.827,17.69,46.727,390.49,130817.0
EV000046,2028-02-05T06:00:00Z,373.73,22.694,30.014,93.37,35.069,275.5,113839.7
EV000379,2028-02-05T12:00:00Z,368.181,34.807,29.122,77.35,49.031,400.51,67427.7
EV000244,2028-02-05T18:00:00Z,363.691,57.575,28.694,25.62,37.186,299.93,85371.2
EV000288,2028-02-06T00:00:00Z,362.715,40.402,28.424,64.94,51.493,407.36,29274.5
EV000062,2028-02-06T06:00:00Z,365.646,48.021,30.113,83.09,48.203,385.47,87477.3
EV000392,2028-02-06T12:00:00Z,356.888,39.108,34.938,86.47,45.642,369.77,130270.0
EV000427,2028-02-06T18:00:00Z,367.603,30.828,31.836,61.05,46.769,377.97,109072.3
EV000457,2028-02-07T00:00:00Z,366.366,40.934,27.476,77.49,50.144,403.75,82077.7
EV000182,2028-02-07T06:00:00Z,354.817,46.943,43.86,50.94,46.385,365.31,132224.5
EV000182,2028-02-07T12:00:00Z,370.765,41.787,44.57,76.92,50.105,408.4,89387.2
EV000330,2028-02-07T18:00:00Z,358.848,51.002,31.663,76.23,37.581,295.53,113243.7
EV000470,2028-02-08T00:00:00Z,356.61,59.833,29.27,88.68,45.823,358.11,130026.4
EV000287,2028-02-08T06:00:00Z,355.65,27.07,24.179,56.3,43.083,354.59,33384.5
EV000316,2028-02-08T12:00:00Z,367.769,64.877,31.387,37.62,48.252,385.62,106864.5
EV000473,2028-02-08T18:00:00Z,370.337,24.196,24.178,58.32,50.745,409.65,86552.7
EV000411,2028-02-09T00:00:00Z,367.234,51.781,34.654,18.9,47.786,386.86,125883.8
EV000424,2028-02-09T06:00:00Z,357.611,31.006,27.764,46.99,35.912,277.32,123518.8
EV000148,2028-02-09T12:00:00Z,346.957,49.725,26.58,38.05,47.154,360.12,125734.1
EV000390,2028-02-09T18:00:00Z,364.736,57.233,24.24,77.07,55.877,445.12,5463.8
EV000241,2028-02-10T00:00:00Z,361.095,34.221,32.712,33.93,43.881,363.04,27184.9
EV000008,2028-02-10T06:00:00Z,375.723,34.268,35.438,67.56,47.806,393.25,107496.2
EV000082,2028-02-10T12:00:00Z,384.731,31.637,45.497,63.31,52.706,422.6,16579.8
EV000207,2028-02-10T18:00:00Z,363.611,42.484,29.041,48.38,47.452,392.79,116643.9
EV000167,2028-02-11T00:00:00Z,369.863,18.996,30.112,47.66,51.829,384.2,7366.5
EV000332,2028-02-11T06:00:00Z,363.502,34.098,25.697,30.34,49.963,414.28,70312.9
EV000439,2028-02-11T12:00:00Z,373.643,59.312,29.95,71.5,50.014,390.04,113949.0
EV000220,2028-02-11T18:00:00Z,366.5,20.854,34.911,93.45,47.658,366.14,123262.9
EV000210,2028-02-12T00:00:00Z,373.551,34.48,29.495,27.77,50.681,396.57,58379.0
EV000054,2028-02-12T06:00:00Z,362.757,17.341,30.712,79.16,34.669,276.77,137970.2
EV000411,2028-02-12T12:00:00Z,371.972,48.207,26.491,89.22,49.042,383.2,85974.4
EV000099,2028-02-12T18:00:00Z,376.469,27.849,23.513,74.04,46.753,377.61,130729.0
EV000228,2028-02-13T00:00:00Z,371.523,61.387,24.965,52.73,53.284,413.7,55405.6
EV000327,2028-02-13T06:00:00Z,369.478,28.022,30.898,41.15,51.487,410.94,58856.7
EV000493,2028-02-13T12:00:00Z,366.823,40.363,35.212,62.57,41.163,328.52,45480.4
EV000011,2028-02-13T18:00:00Z,366.492,48.602,30.093,56.01,46.973,386.85,98134.6
EV000173,2028-02-14T00:00:00Z,367.648,39.247,25.887,92.07,40.337,315.01,17073.4
EV000259,2028-02-14T06:00:00Z,364.763,51.176,27.272,74.74,50.224,386.31,61753.0
EV000144,2028-02-14T12:00:00Z,361.872,39.244,29.976,56.09,48.818,401.33,118795.7
EV000198,2028-02-14T18:00:00Z,367.865,53.169,29.691,16.94,52.238,396.01,43048.8
EV000116,2028-02-15T00:00:00Z,366.482,52.4,28.041,57.69,51.735,419.45,60694.3
EV000053,2028-02-15T06:00:00Z,361.237,44.314,30.128,70.71,50.605,395.8,59998.6
EV000157,2028-02-15T12:00:00Z,379.738,27.792,30.146,59.47,43.124,323.63,21114.1
EV000394,2028-02-15T18:00:00Z,359.161,23.765,25.592,66.4,52.847,441.08,37324.9
EV000294,2028-02-16T00:00:00Z,354.125,50.952,30.765,28.07,49.058,395.41,137067.6
EV000326,2028-02-16T06:00:00Z,370.333,46.479,27.654,56.56,41.344,330.77,54051.0
EV000043,2028-02-16T12:00:00Z,357.997,27.815,29.084,70.78,52.596,420.58,28234.2
EV000456,2028-02-16T18:00:00Z,357.789,66.588,28.038,42.65,53.132,435.92,28085.4
EV000387,2028-02-17T00:00:00Z,372.488,46.048,30.92,86.93,50.405,417.08,90520.4
EV000357,2028-02-17T06:00:00Z,368.797,33.568,25.18,71.37,52.021,419.18,62461.8
EV000424,2028-02-17T12:00:00Z,362.594,61.141,26.928,34.29,42.252,339.48,9538.7
EV000425,2028-02-17T18:00:00Z,350.978,45.082,26.547,71.51,49.717,399.66,95654.9
EV000434,2028-02-18T00:00:00Z,358.794,61.535,28.445,78.46,50.755,402.21,89469.1
EV000377,2028-02-18T06:00:00Z,356.889,39.583,25.273,87.16,47.865,393.48,129377.1
EV000250,2028-02-18T12:00:00Z,351.032,51.368,32.787,73.08,50.514,401.16,49358.5
EV000151,2028-02-18T18:00:00Z,376.619,56.641,31.362,44.53,47.534,371.4,97406.0
EV000486,2028-02-19T00:00:00Z,365.924,45.117,30.91,88.52,53.811,428.44,11466.9
EV000311,2028-02-19T06:00:00Z,361.04,37.723,29.39,60.8,48.141,367.64,79686.2
EV000015,2028-02-19T12:00:00Z,367.175,58.931,36.186,46.09,37.333,305.29,119055.5
EV000382,2028-02-19T18:00:00Z,364.64,43.83,30.686,31.98,42.69,342.78,22354.6
EV000294,2028-02-20T00:00:00Z,365.168,30.726,26.537,49.55,49.323,400.95,136079.1
EV000336,2028-02-20T06:00:00Z,363.324,42.803,27.496,29.03,49.048,397.71,73464.2
EV000177,2028-02-20T12:00:00Z,356.009,24.045,23.576,62.3,53.153,408.64,21877.0
EV000065,2028-02-20T18:00:00Z,366.579,56.515,27.979,80.6,50.532,395.11,79857.4
EV000080,2028-02-21T00:00:00Z,369.78,50.869,31.45,71.0,48.475,404.68,36098.2
EV000362,2028-02-21T06:00:00Z,372.406,31.663,33.016,44.81,47.841,398.83,98745.3
EV000033,2028-02-21T12:00:00Z,363.293,39.547,24.587,41.48,39.835,311.57,37108.8
EV000492,2028-02-21T18:00:00Z,351.767,43.756,33.22,40.39,37.416,313.7,135171.4
EV000141,2028-02-22T00:00:00Z,366.807,48.769,43.482,20.78,48.177,399.34,109579.8
EV000240,2028-02-22T06:00:00Z,368.315,34.777,28.095,86.04,46.728,379.41,120854.2
EV000121,2028-02-22T12:00:00Z,361.522,61.535,44.663,77.92,47.898,392.41,80206.7
EV000349,2028-02-22T18:00:00Z,364.987,22.021,30.392,65.3,49.267,394.84,128665.9
EV000471,2028-02-23T00:00:00Z,375.494,50.967,35.721,31.84,51.3,410.66,22822.8
EV000096,2028-02-23T06:00:00Z,372.351,22.472,50.205,52.98,51.353,423.18,35282.1
EV000307,2028-02-23T12:00:00Z,366.733,56.69,34.424,54.38,40.666,332.61,42419.5
EV000139,2028-02-23T18:00:00Z,356.566,30.265,28.947,35.41,48.183,392.35,98006.6
EV000070,2028-02-24T00:00:00Z,370.361,46.953,32.048,24.25,52.864,413.39,35689.8
EV000413,2028-02-24T06:00:00Z,356.741,45.597,28.053,35.32,51.198,398.11,58682.1
EV000411,2028-02-24T12:00:00Z,357.739,41.565,23.916,90.33,49.713,392.1,90723.7
EV000144,2028-02-24T18:00:00Z,365.217,51.535,29.607,42.5,54.707,437.7,17843.1
EV000189,2028-02-25T00:00:00Z,348.767,27.897,46.593,15.6,53.901,442.79,47517.6
EV000230,2028-02-25T06:00:00Z,371.734,47.466,19.627,74.22,49.205,392.56,83808.0
EV000456,2028-02-25T12:00:00Z,373.55,35.106,29.425,25.66,45.474,397.37,97846.1
EV000066,2028-02-25T18:00:00Z,367.673,36.132,30.129,33.67,52.443,426.75,23132.0
EV000037,2028-02-26T00:00:00Z,368.605,38.049,22.171,75.25,38.849,303.56,98087.0
EV000292,2028-02-26T06:00:00Z,348.609,23.65,28.334,59.17,49.93,397.48,70472.8
EV000005,2028-02-26T12:00:00Z,376.135,67.267,27.503,71.99,47.737,371.29,111829.2
EV000264,2028-02-26T18:00:00Z,357.567,52.795,31.865,66.52,38.266,308.23,91176.1
EV000069,2028-02-27T00:00:00Z,371.343,33.373,22.067,62.56,38.895,316.77,103875.7
EV000311,2028-02-27T06:00:00Z,357.969,37.367,30.974,18.57,53.536,445.32,13723.7
EV000438,2028-02-27T12:00:00Z,357.102,37.158,28.776,71.31,49.148,398.41,91957.5
EV000160,2028-02-27T18:00:00Z,369.048,56.984,31.71,63.71,41.484,312.63,30170.9
EV000436,2028-02-28T00:00:00Z,372.304,64.956,30.777,90.68,49.129,399.31,107700.2
EV000245,2028-02-28T06:00:00Z,361.356,21.901,24.863,64.27,55.283,447.43,19704.4
EV000477,2028-02-28T12:00:00Z,374.985,87.766,22.448,22.3,51.774,422.3,97329.1
EV000057,2028-02-28T18:00:00Z,363.82,36.065,21.345,25.42,35.447,275.3,137910.3
EV000291,2028-02-29T00:00:00Z,367.253,39.112,30.066,45.1,52.233,428.46,21013.6
EV000437,2028-02-29T06:00:00Z,369.963,21.353,22.146,74.32,43.462,341.48,7210.9
EV000333,2028-02-29T12:00:00Z,375.378,44.534,30.833,19.58,44.696,356.73,103977.7
EV000222,2028-02-29T18:00:00Z,343.866,33.801,32.431,55.8,37.942,304.04,26137.9
EV000270,2028-03-01T00:00:00Z,355.073,24.428,28.73,19.16,38.646,313.32,52251.3
EV000070,2028-03-01T06:00:00Z,361.858,64.066,34.449,86.17,51.903,402.59,45855.9
EV000250,2028-03-01T12:00:00Z,368.046,30.996,28.512,84.15,53.119,422.43,5324.9
EV000308,2028-03-01T18:00:00Z,363.802,68.986,37.557,46.02,49.512,400.72,116522.7
EV000371,2028-03-02T00:00:00Z,359.284,37.898,29.271,89.42,50.121,378.46,115346.8
EV000387,2028-03-02T06:00:00Z,346.003,41.509,23.642,46.59,50.254,398.01,92198.1
EV000424,2028-03-02T12:00:00Z,364.54,7.222,26.897,66.0,40.372,328.96,41924.6
EV000263,2028-03-02T18:00:00Z,373.188,48.255,22.606,87.58,46.555,364.11,122489.1
EV000437,2028-03-03T00:00:00Z,354.786,40.295,26.607,90.78,39.777,329.85,61551.2
EV000401,2028-03-03T06:00:00Z,361.511,28.902,35.956,73.83,53.617,434.4,59303.1
EV000321,2028-03-03T12:00:00Z,357.282,33.665,23.856,93.24,45.746,378.88,114124.8
EV000060,2028-03-03T18:00:00Z,365.54,39.029,29.333,60.45,39.792,323.92,45455.6
EV000414,2028-03-04T00:00:00Z,372.859,66.057,44.75,52.9,50.937,401.88,69469.4
EV000472,2028-03-04T06:00:00Z,369.094,34.116,48.407,87.48,47.219,377.95,132324.7
EV000179,2028-03-04T12:00:00Z,354.249,79.165,26.715,65.08,40.184,304.33,31277.4
EV000066,2028-03-04T18:00:00Z,378.933,38.8,29.337,44.03,54.179,432.29,5093.6
EV000258,2028-03-05T00:00:00Z,367.088,46.206,30.338,59.04,48.039,396.91,114313.6
EV000241,2028-03-05T06:00:00Z,345.039,40.625,26.117,51.82,41.219,330.75,18247.3
EV000464,2028-03-05T12:00:00Z,364.253,51.105,30.325,89.32,42.725,347.1,29258.1
EV000357,2028-03-05T18:00:00Z,363.081,47.839,25.935,56.57,51.892,430.7,44301.8
EV000042,2028-03-06T00:00:00Z,353.463,43.692,29.022,88.94,55.791,435.86,13587.0
EV000281,2028-03-06T06:00:00Z,365.706,36.631,28.15,77.63,38.563,324.74,79779.7
EV000358,2028-03-06T12:00:00Z,364.537,32.687,32.697,75.19,37.549,306.1,122852.5
EV000201,2028-03-06T18:00:00Z,366.591,52.27,31.238,80.66,40.403,327.07,37911.9
EV000174,2028-03-07T00:00:00Z,362.758,46.443,28.942,48.78,51.502,391.61,66166.1
EV000446,2028-03-07T06:00:00Z,360.45,52.782,26.971,57.48,43.167,355.63,138701.5
EV000292,2028-03-07T12:00:00Z,349.316,53.394,29.058,17.65,45.853,382.66,137047.6
EV000065,2028-03-07T18:00:00Z,366.072,49.975,30.618,79.17,52.131,408.78,19101.0
EV000108,2028-03-08T00:00:00Z,349.478,35.37,24.584,51.23,50.294,419.65,101745.6
EV000375,2028-03-08T06:00:00Z,356.739,62.66,26.458,20.66,47.928,364.57,126111.3
EV000329,2028-03-08T12:00:00Z,374.865,34.996,28.916,54.73,49.964,397.34,87424.7
EV000088,2028-03-08T18:00:00Z,372.521,-1.307,46.488,32.75,44.758,349.5,130353.1
EV000488,2028-03-09T00:00:00Z,362.85,10.212,30.545,59.32,35.55,293.04,137139.1
EV000053,2028-03-09T06:00:00Z,364.117,23.214,29.293,38.44,47.226,387.62,125527.9
EV000491,2028-03-09T12:00:00Z,383.229,60.711,28.43,86.04,33.938,274.32,127859.1
EV000084,2028-03-09T18:00:00Z,358.223,16.772,27.462,22.16,48.886,372.29,105394.1
EV000152,2028-03-10T00:00:00Z,367.372,42.409,30.613,79.62,53.014,424.04,56533.3
EV000345,2028-03-10T06:00:00Z,365.571,52.763,25.731,64.63,41.912,304.88,16074.7
EV000248,2028-03-10T12:00:00Z,352.887,43.704,29.28,93.25,51.433,410.41,77868.8
EV000024,2028-03-10T18:00:00Z,357.221,21.26,30.72,21.8,50.772,405.25,73622.5
EV000262,2028-03-11T00:00:00Z,368.063,41.596,25.983,17.21,41.436,338.03,34742.3
EV000293,2028-03-11T06:00:00Z,360.399,11.104,27.191,26.14,47.506,389.15,105688.9
EV000325,2028-03-11T12:00:00Z,359.082,28.131,36.685,89.36,36.866,303.28,129701.1
EV000330,2028-03-11T18:00:00Z,367.683,27.351,33.399,19.85,37.09,301.49,70417.7
EV000465,2028-03-12T00:00:00Z,366.437,45.868,31.44,29.6,48.426,406.26,123479.2
EV000291,2028-03-12T06:00:00Z,358.936,67.292,33.689,43.5,48.587,385.05,91610.9
EV000304,2028-03-12T12:00:00Z,361.669,41.161,28.494,84.02,34.209,264.29,139522.9
EV000148,2028-03-12T18:00:00Z,362.335,56.876,33.788,64.97,49.352,394.13,86820.0
EV000294,2028-03-13T00:00:00Z,359.959,31.716,28.356,47.36,46.422,374.96,116617.3
EV000087,2028-03-13T06:00:00Z,363.27,37.121,31.037,47.76,42.621,347.37,50996.6
EV000037,2028-03-13T12:00:00Z,352.421,78.055,28.04,92.05,40.878,312.18,22948.3
EV000196,2028-03-13T18:00:00Z,350.164,25.979,25.345,56.79,43.15,343.19,57230.1
EV000068,2028-03-14T00:00:00Z,355.764,50.651,28.852,88.14,48.883,385.94,96877.6
EV000491,2028-03-14T06:00:00Z,357.49,53.806,31.397,56.55,37.581,289.12,65212.9
EV000414,2028-03-14T12:00:00Z,365.765,57.199,44.727,77.59,48.076,389.83,92466.3
EV000130,2028-03-14T18:00:00Z,366.463,56.892,30.669,51.2,38.308,316.52,72982.2
EV000036,2028-03-15T00:00:00Z,369.239,53.212,20.612,83.12,45.507,361.41,139060.0
EV000305,2028-03-15T06:00:00Z,380.303,41.965,27.351,29.2,50.621,402.84,24608.1
EV000367,2028-03-15T12:00:00Z,365.865,54.141,28.422,34.11,52.75,428.93,22974.0
EV000079,2028-03-15T18:00:00Z,362.425,41.059,24.75,92.82,56.755,450.86,15837.5
EV000448,2028-03-16T00:00:00Z,367.74,20.879,32.666,51.79,48.666,405.92,58235.9
EV000051,2028-03-16T06:00:00Z,362.785,29.614,48.079,39.99,48.168,372.73,104416.7
EV000467,2028-03-16T12:00:00Z,365.06,49.615,30.642,42.6,48.733,404.63,111338.3
EV000232,2028-03-16T18:00:00Z,355.763,17.248,26.361,79.68,50.289,397.15,73619.5
EV000101,2028-03-17T00:00:00Z,361.908,21.187,37.634,94.9,42.536,322.63,29769.4
EV000308,2028-03-17T06:00:00Z,376.047,8.267,27.807,39.16,52.656,409.17,12858.9
EV000104,2028-03-17T12:00:00Z,381.573,41.766,28.827,39.77,51.98,402.23,53153.7
EV000143,2028-03-17T18:00:00Z,363.478,40.051,31.188,66.96,50.192,399.84,78675.9
EV000341,2028-03-18T00:00:00Z,365.001,34.013,28.399,32.8,52.98,426.18,30029.2
EV000460,2028-03-18T06:00:00Z,375.401,47.788,31.286,24.2,48.345,374.87,63687.9
EV000325,2028-03-18T12:00:00Z,353.51,45.793,32.358,71.94,39.877,310.87,62224.0
EV000460,2028-03-18T18:00:00Z,367.387,24.694,28.142,78.99,52.258,397.53,86593.1
EV000068,2028-03-19T00:00:00Z,371.998,53.228,24.123,75.9,49.266,413.02,94757.3
EV000045,2028-03-19T06:00:00Z,358.502,42.76,27.684,83.21,48.753,417.91,67002.8
EV000074,2028-03-19T12:00:00Z,361.744,45.974,29.732,48.18,54.878,436.69,43982.4
EV000407,2028-03-19T18:00:00Z,369.006,42.989,31.912,43.25,51.18,402.64,61467.9
EV000446,2028-03-20T00:00:00Z,374.431,26.048,28.343,66.57,50.596,404.54,81805.5
EV000076,2028-03-20T06:00:00Z,375.16,44.853,46.949,60.55,51.155,402.1,58947.8
EV000399,2028-03-20T12:00:00Z,367.41,39.639,49.301,84.06,44.896,353.26,98199.6
EV000187,2028-03-20T18:00:00Z,358.18,51.158,35.259,43.4,39.7,326.32,63079.1
EV000486,2028-03-21T00:00:00Z,364.726,47.285,33.036,53.76,53.064,445.94,36939.2
EV000364,2028-03-21T06:00:00Z,372.427,48.028,29.283,65.97,40.853,340.22,86784.6
EV000449,2028-03-21T12:00:00Z,381.371,62.513,52.117,28.59,52.81,413.56,59715.9
EV000199,2028-03-21T18:00:00Z,374.422,60.878,29.166,53.53,47.926,377.17,135943.3
EV000359,2028-03-22T00:00:00Z,356.272,33.422,25.596,94.96,52.79,416.06,10646.5
EV000372,2028-03-22T06:00:00Z,374.039,44.289,27.155,54.85,54.212,433.13,6033.4
EV000230,2028-03-22T12:00:00Z,356.517,8.086,32.88,21.3,48.507,412.42,84191.3
EV000300,2028-03-22T18:00:00Z,365.455,33.87,45.786,88.83,49.376,420.89,72437.0
EV000129,2028-03-23T00:00:00Z,351.414,48.332,27.805,73.64,41.459,344.99,47972.5
EV000443,2028-03-23T06:00:00Z,358.467,28.55,28.81,31.26,41.755,320.81,50145.9
EV000483,2028-03-23T12:00:00Z,362.556,39.143,29.234,76.99,53.556,438.84,18015.1
EV000057,2028-03-23T18:00:00Z,377.488,41.197,24.768,55.46,37.791,295.42,59062.0
EV000418,2028-03-24T00:00:00Z,359.265,40.499,31.796,61.61,39.866,311.25,63743.4
EV000461,2028-03-24T06:00:00Z,364.815,61.992,28.686,87.69,50.266,406.32,98090.8
EV000014,2028-03-24T12:00:00Z,361.687,32.571,26.62,37.31,35.164,286.88,139701.3
EV000412,2028-03-24T18:00:00Z,352.531,17.573,25.765,28.59,53.487,414.55,16628.1
EV000155,2028-03-25T00:00:00Z,358.868,18.489,46.733,15.05,52.695,441.69,43965.3
EV000339,2028-03-25T06:00:00Z,367.581,64.524,28.509,79.72,54.47,433.45,12794.5
EV000450,2028-03-25T12:00:00Z,358.027,44.98,45.635,16.98,52.111,407.97,63676.3
EV000379,2028-03-25T18:00:00Z,356.134,28.169,34.887,29.12,46.405,365.77,138925.4
EV000342,2028-03-26T00:00:00Z,362.916,46.461,31.334,43.15,54.886,440.72,25806.6
EV000323,2028-03-26T06:00:00Z,347.299,39.322,21.261,90.56,49.748,416.42,121720.5
EV000258,2028-03-26T12:00:00Z,365.126,33.247,28.952,57.22,49.005,408.96,79889.1
EV000004,2028-03-26T18:00:00Z,373.674,39.399,26.475,68.83,53.426,405.97,25877.7
EV000061,2028-03-27T00:00:00Z,361.424,31.915,26.061,28.18,40.015,333.54,52773.7
EV000097,2028-03-27T06:00:00Z,350.083,16.86,27.63,23.32,43.735,335.34,21797.7
EV000347,2028-03-27T12:00:00Z,368.609,62.981,29.602,74.15,37.883,293.8,73378.7
EV000243,2028-03-27T18:00:00Z,372.448,40.914,27.256,25.35,50.764,406.8,56131.6
EV000247,2028-03-28T00:00:00Z,354.832,45.526,32.543,93.98,34.266,264.06,124509.0
EV000108,2028-03-28T06:00:00Z,380.114,23.913,29.222,29.94,50.078,383.4,79133.2
EV000016,2028-03-28T12:00:00Z,367.448,40.414,34.247,77.5,51.905,405.63,48868.9
EV000170,2028-03-28T18:00:00Z,361.087,33.321,31.03,80.09,42.268,350.56,24160.6
EV000352,2028-03-29T00:00:00Z,364.561,26.992,23.794,84.19,41.801,307.67,23189.6
EV000056,2028-03-29T06:00:00Z,350.997,66.981,46.435,62.15,50.454,405.6,60650.6
EV000409,2028-03-29T12:00:00Z,356.817,32.974,28.101,89.98,53.848,419.51,46784.4
EV000274,2028-03-29T18:00:00Z,369.224,56.124,27.004,93.69,35.764,256.81,110854.6
EV000177,2028-03-30T00:00:00Z,360.532,54.661,27.516,74.74,46.966,382.68,113810.0
EV000213,2028-03-30T06:00:00Z,365.379,50.978,29.934,18.55,50.187,430.3,38426.0
EV000409,2028-03-30T12:00:00Z,365.499,13.135,27.068,35.08,47.76,383.45,118351.1
EV000360,2028-03-30T18:00:00Z,375.514,22.006,22.796,57.48,40.732,327.85,11385.5
EV000017,2028-03-31T00:00:00Z,346.016,60.414,25.264,72.13,53.154,432.44,19203.9
EV000088,2028-03-31T06:00:00Z,382.429,42.461,45.365,78.52,50.368,395.7,53826.0
EV000274,2028-03-31T12:00:00Z,359.084,40.444,29.689,52.4,41.191,314.94,18524.1
EV000079,2028-03-31T18:00:00Z,371.901,38.583,31.724,93.34,50.331,407.99,107322.0
EV000332,2028-04-01T00:00:00Z,369.644,59.663,31.127,17.48,48.173,381.76,113764.2
EV000059,2028-04-01T06:00:00Z,372.802,37.582,27.834,78.55,47.284,350.27,136974.8
EV000309,2028-04-01T12:00:00Z,373.18,21.014,29.882,51.12,36.336,306.02,97817.6
EV000450,2028-04-01T18:00:00Z,365.809,19.61,43.289,27.41,52.724,424.36,25503.2
EV000084,2028-04-02T00:00:00Z,352.222,29.451,27.53,93.93,46.367,377.12,129929.1
EV000352,2028-04-02T06:00:00Z,348.026,57.976,32.408,19.29,34.251,286.62,101390.4
EV000337,2028-04-02T12:00:00Z,362.795,66.394,25.845,36.02,48.064,397.07,96783.7
EV000439,2028-04-02T18:00:00Z,367.846,27.617,34.346,25.62,50.457,408.89,45251.3
EV000472,2028-04-03T00:00:00Z,359.938,33.686,46.187,82.21,54.505,456.11,46160.4
EV000088,2028-04-03T06:00:00Z,363.572,43.677,45.224,69.37,48.985,395.18,85477.9
EV000043,2028-04-03T12:00:00Z,358.806,59.441,24.915,73.76,49.562,394.47,114742.7
EV000148,2028-04-03T18:00:00Z,371.824,32.132,29.751,26.42,52.411,419.93,66874.9
EV000298,2028-04-04T00:00:00Z,358.118,38.205,28.214,39.72,51.909,432.29,39659.0
EV000374,2028-04-04T06:00:00Z,359.835,47.827,29.204,64.42,39.762,312.76,52473.0
EV000030,2028-04-04T12:00:00Z,367.953,49.545,30.025,45.85,51.203,408.78,39336.7
EV000140,2028-04-04T18:00:00Z,375.57,32.479,46.939,43.66,47.686,367.63,122640.7
EV000222,2028-04-05T00:00:00Z,374.812,37.946,32.345,66.08,36.9,283.04,135542.6
EV000169,2028-04-05T06:00:00Z,360.913,32.224,26.178,25.0,50.497,393.09,66917.3
EV000323,2028-04-05T12:00:00Z,363.025,28.356,30.307,43.49,48.926,384.49,77430.0
EV000208,2028-04-05T18:00:00Z,366.335,36.636,25.841,62.27,55.258,443.22,33936.4
EV000215,2028-04-06T00:00:00Z,372.344,34.462,25.706,83.85,46.857,360.73,81383.3
EV000238,2028-04-06T06:00:00Z,359.96,37.356,46.481,37.58,51.588,414.45,80872.7
EV000324,2028-04-06T12:00:00Z,365.147,28.585,47.359,21.38,55.94,460.63,19120.2
EV000070,2028-04-06T18:00:00Z,363.146,52.417,33.383,30.74,46.915,375.35,128555.4
EV000154,2028-04-07T00:00:00Z,357.563,66.401,20.45,70.57,51.083,393.85,18503.4
EV000471,2028-04-07T06:00:00Z,370.591,41.338,24.415,65.29,50.687,416.13,58353.9
EV000462,2028-04-07T12:00:00Z,362.901,71.235,32.836,80.91,44.129,354.7,12951.9
EV000304,2028-04-07T18:00:00Z,364.896,28.419,28.976,72.01,44.441,369.36,24212.2
EV000209,2028-04-08T00:00:00Z,367.487,34.528,31.826,77.3,51.845,424.17,70238.3
EV000450,2028-04-08T06:00:00Z,381.567,53.452,44.234,49.9,54.757,433.03,9256.0
EV000455,2028-04-08T12:00:00Z,355.762,19.456,31.402,68.94,45.704,366.36,134295.1
EV000302,2028-04-08T18:00:00Z,353.473,35.501,32.983,75.29,47.433,364.44,104008.0
EV000266,2028-04-09T00:00:00Z,360.715,48.381,22.07,81.29,55.02,433.07,8787.8
EV000072,2028-04-09T06:00:00Z,380.964,65.247,24.883,29.12,50.371,392.2,107812.7
EV000065,2028-04-09T12:00:00Z,373.394,14.977,27.267,33.83,46.321,368.85,121941.0
EV000491,2028-04-09T18:00:00Z,364.331,34.994,31.352,16.87,41.644,343.86,20601.4
EV000364,2028-04-10T00:00:00Z,358.396,38.58,30.317,17.81,38.101,323.3,104288.6
EV000374,2028-04-10T06:00:00Z,366.405,34.751,32.148,74.56,37.949,286.73,79701.2
EV000067,2028-04-10T12:00:00Z,357.358,33.932,28.443,57.07,50.631,392.18,105454.7
EV000428,2028-04-10T18:00:00Z,354.183,60.441,28.315,34.55,53.02,422.62,51704.3
EV000103,2028-04-11T00:00:00Z,363.934,39.569,46.318,24.31,46.175,362.36,106655.8
EV000341,2028-04-11T06:00:00Z,357.512,44.518,28.792,94.03,52.513,423.11,46264.5
EV000379,2028-04-11T12:00:00Z,363.419,41.626,27.121,76.01,50.388,403.75,102067.8
EV000012,2028-04-11T18:00:00Z,361.15,44.122,27.447,16.65,50.835,420.17,92844.1
EV000199,2028-04-12T00:00:00Z,349.209,47.844,29.742,42.63,52.19,406.58,60910.3
EV000478,2028-04-12T06:00:00Z,369.62,51.153,26.711,51.19,49.786,409.71,50690.8
EV000322,2028-04-12T12:00:00Z,360.246,25.211,32.886,43.06,46.744,393.0,79937.5
EV000029,2028-04-12T18:00:00Z,355.28,58.484,31.235,62.65,47.776,395.84,139677.0
EV000040,2028-04-13T00:00:00Z,365.308,33.402,25.78,63.24,55.924,448.13,26186.0
EV000029,2028-04-13T06:00:00Z,366.656,35.094,26.24,50.9,52.705,440.06,44948.8
EV000488,2028-04-13T12:00:00Z,369.896,43.264,35.61,26.92,40.349,354.98,28532.4
EV000181,2028-04-13T18:00:00Z,361.38,41.535,41.589,65.62,50.547,408.08,69969.5
EV000343,2028-04-14T00:00:00Z,360.698,37.184,30.182,62.85,50.811,415.21,33118.4
EV000171,2028-04-14T06:00:00Z,364.853,56.075,30.716,72.98,50.937,405.13,33698.0
EV000121,2028-04-14T12:00:00Z,364.6,31.684,46.907,64.47,48.231,377.69,138255.3
EV000265,2028-04-14T18:00:00Z,357.661,36.838,50.137,84.86,50.084,402.63,16100.7
EV000149,2028-04-15T00:00:00Z,356.523,63.91,22.352,63.12,49.437,362.0,94152.2
EV000306,2028-04-15T06:00:00Z,379.418,38.608,25.806,57.0,52.748,429.05,69557.3
EV000427,2028-04-15T12:00:00Z,364.856,38.08,26.1,91.77,44.159,354.94,132427.1
EV000412,2028-04-15T18:00:00Z,356.54,24.854,32.056,59.29,50.184,386.33,110092.3
EV000337,2028-04-16T00:00:00Z,358.971,43.305,29.039,92.66,51.529,418.19,34817.0
EV000492,2028-04-16T06:00:00Z,358.467,35.456,25.845,50.43,32.666,277.77,135085.0
EV000383,2028-04-16T12:00:00Z,358.197,65.867,25.89,20.43,43.109,365.98,50192.8
EV000393,2028-04-16T18:00:00Z,353.121,37.055,30.097,55.41,41.478,327.59,7186.1
EV000335,2028-04-17T00:00:00Z,373.353,34.223,45.841,50.98,49.407,386.99,92473.1
EV000460,2028-04-17T06:00:00Z,377.044,52.143,30.606,68.65,47.294,350.22,120362.7
EV000001,2028-04-17T12:00:00Z,366.466,57.517,33.467,93.35,45.566,366.73,139187.5
EV000477,2028-04-17T18:00:00Z,367.583,48.085,26.445,30.34,55.572,450.28,10421.0
EV000384,2028-04-18T00:00:00Z,357.806,61.955,27.918,84.57,47.321,381.6,127400.7
EV000316,2028-04-18T06:00:00Z,366.517,39.744,30.148,65.74,56.389,465.19,29656.0
EV000012,2028-04-18T12:00:00Z,375.986,18.811,28.121,62.95,46.678,366.76,109597.1
EV000146,2028-04-18T18:00:00Z,367.116,37.545,27.062,68.91,48.517,388.72,86154.7
EV000033,2028-04-19T00:00:00Z,357.769,35.023,25.876,48.48,37.49,304.16,72711.7
EV000081,2028-04-19T06:00:00Z,370.763,37.593,26.258,43.28,52.222,411.98,25488.5
EV000333,2028-04-19T12:00:00Z,344.589,41.312,29.032,80.06,50.075,425.4,47588.9
EV000039,2028-04-19T18:00:00Z,367.59,25.249,25.627,37.08,53.673,435.96,23920.1
EV000481,2028-04-20T00:00:00Z,364.559,62.403,21.951,29.83,46.155,392.48,136905.3
EV000325,2028-04-20T06:00:00Z,376.462,53.767,37.628,55.52,42.395,323.49,24449.0
EV000481,2028-04-20T12:00:00Z,370.999,46.714,27.747,76.53,51.122,418.56,63218.1
EV000462,2028-04-20T18:00:00Z,382.567,27.592,28.763,39.37,40.466,337.79,10236.4
EV000209,2028-04-21T00:00:00Z,364.51,10.59,32.409,74.1,49.346,373.53,84198.2
EV000354,2028-04-21T06:00:00Z,372.995,45.811,27.118,47.99,45.427,381.87,121487.1
EV000080,2028-04-21T12:00:00Z,354.585,46.814,26.721,63.69,46.57,376.37,104173.3
EV000290,2028-04-21T18:00:00Z,357.541,40.718,31.265,56.32,40.571,332.77,22395.4
EV000334,2028-04-22T00:00:00Z,359.87,46.625,44.102,76.98,51.122,407.67,41971.3
EV000448,2028-04-22T06:00:00Z,364.642,40.674,32.307,80.67,47.497,396.39,116515.3
EV000212,2028-04-22T12:00:00Z,350.599,31.479,32.041,86.23,35.209,281.62,123807.9
EV000336,2028-04-22T18:00:00Z,367.324,49.716,27.275,77.69,49.347,390.57,77880.0
EV000356,2028-04-23T00:00:00Z,365.726,40.113,44.309,21.62,54.509,433.96,6981.7
EV000240,2028-04-23T06:00:00Z,362.458,58.563,23.83,22.46,48.526,407.25,107029.0
EV000434,2028-04-23T12:00:00Z,360.49,46.156,25.135,61.21,54.629,434.53,9412.9
EV000413,2028-04-23T18:00:00Z,364.237,34.458,31.869,76.18,52.726,425.14,14706.3
EV000284,2028-04-24T00:00:00Z,366.965,27.805,43.284,59.29,45.424,365.62,98793.0
EV000388,2028-04-24T06:00:00Z,358.124,15.09,30.925,42.96,47.043,363.11,79274.0
EV000119,2028-04-24T12:00:00Z,355.014,59.228,31.143,75.41,52.438,400.28,33034.9
EV000464,2028-04-24T18:00:00Z,380.13,25.726,27.219,62.42,38.493,304.64,49987.2
EV000132,2028-04-25T00:00:00Z,366.976,51.573,48.929,32.31,48.554,385.89,97815.4
EV000405,2028-04-25T06:00:00Z,365.54,38.075,28.634,75.39,48.848,389.44,125184.3
EV000353,2028-04-25T12:00:00Z,360.32,46.501,32.874,67.53,49.555,403.01,84732.1
EV000163,2028-04-25T18:00:00Z,359.148,42.412,26.904,41.38,49.862,389.25,45091.9
EV000076,2028-04-26T00:00:00Z,370.602,32.785,45.003,54.61,49.399,396.58,70775.7
EV000473,2028-04-26T06:00:00Z,362.519,63.63,27.978,84.32,45.98,355.95,129564.6
EV000342,2028-04-26T12:00:00Z,356.324,40.71,28.619,79.74,45.978,360.01,137554.8
EV000251,2028-04-26T18:00:00Z,348.901,54.078,26.779,76.08,45.27,334.57,102060.6
EV000022,2028-04-27T00:00:00Z,363.712,44.327,30.275,22.6,48.115,390.77,115371.9
EV000016,2028-04-27T06:00:00Z,377.073,50.362,31.039,49.75,48.988,372.91,59087.7
EV000251,2028-04-27T12:00:00Z,362.902,26.75,31.591,76.98,50.664,394.62,61727.9
EV000356,2028-04-27T18:00:00Z,361.102,37.762,47.682,31.22,47.372,375.95,114627.1
EV000080,2028-04-28T00:00:00Z,373.217,6.184,28.215,86.55,51.856,403.24,40207.3
EV000225,2028-04-28T06:00:00Z,368.38,58.102,25.947,41.96,54.482,455.58,52389.9
EV000488,2028-04-28T12:00:00Z,357.728,33.083,30.87,61.57,37.371,299.8,75477.6
EV000250,2028-04-28T18:00:00Z,372.547,49.374,27.831,15.62,51.723,391.42,56597.2
EV000086,2028-04-29T00:00:00Z,363.177,49.036,43.145,42.26,46.939,386.76,126800.9
EV000395,2028-04-29T06:00:00Z,352.997,44.758,44.481,76.34,48.361,425.4,133392.0
EV000273,2028-04-29T12:00:00Z,363.741,63.083,29.633,56.11,47.176,380.66,96792.7
EV000287,2028-04-29T18:00:00Z,354.851,10.166,31.922,55.77,36.209,287.05,136084.2
EV000302,2028-04-30T00:00:00Z,363.384,40.835,30.298,94.44,49.063,391.95,71108.9
EV000186,2028-04-30T06:00:00Z,367.13,43.141,46.515,94.14,45.266,365.6,98765.8
EV000454,2028-04-30T12:00:00Z,364.265,53.414,43.702,28.01,43.74,361.74,119547.0
EV000094,2028-04-30T18:00:00Z,367.943,37.673,30.98,36.0,35.888,267.68,135896.7
EV000171,2028-05-01T00:00:00Z,367.881,69.404,27.306,51.32,45.45,364.91,118140.5
EV000319,2028-05-01T06:00:00Z,357.615,43.381,31.495,68.85,50.064,411.93,87506.6
EV000492,2028-05-01T12:00:00Z,369.592,50.678,29.326,39.78,36.601,287.95,133071.4
EV000300,2028-05-01T18:00:00Z,363.529,26.555,45.334,35.28,47.558,378.51,135855.9
EV000482,2028-05-02T00:00:00Z,362.32,70.986,28.923,94.77,53.797,453.17,76599.7
EV000011,2028-05-02T06:00:00Z,376.381,39.108,23.251,52.38,51.106,385.02,47138.5
EV000435,2028-05-02T12:00:00Z,362.683,52.316,36.165,83.36,51.694,422.62,94858.5
EV000170,2028-05-02T18:00:00Z,383.57,46.309,29.903,46.65,40.595,313.31,49374.4
EV000256,2028-05-03T00:00:00Z,368.261,28.638,31.045,55.21,40.222,307.72,30449.1
EV000393,2028-05-03T06:00:00Z,367.428,44.224,25.344,27.34,36.428,278.07,98476.1
EV000432,2028-05-03T12:00:00Z,370.764,56.733,30.749,86.26,50.287,391.83,61894.7
EV000455,2028-05-03T18:00:00Z,372.0,32.026,29.228,31.57,45.666,354.5,127975.4
EV000191,2028-05-04T00:00:00Z,359.149,51.241,29.293,74.81,46.528,384.27,137823.4
EV000341,2028-05-04T06:00:00Z,369.275,70.759,35.672,34.53,52.679,406.34,32413.5
EV000178,2028-05-04T12:00:00Z,361.439,59.169,35.895,42.11,48.904,401.33,49163.2
EV000393,2028-05-04T18:00:00Z,348.168,65.283,30.638,74.98,39.274,286.59,54182.5
EV000376,2028-05-05T00:00:00Z,351.833,55.482,28.851,68.19,49.204,384.01,55754.4
EV000227,2028-05-05T06:00:00Z,362.229,28.095,26.375,39.79,38.747,303.65,77486.9
EV000339,2028-05-05T12:00:00Z,365.628,35.956,32.875,55.35,46.977,370.68,137954.4
EV000114,2028-05-05T18:00:00Z,365.352,69.257,29.368,25.54,52.681,424.56,62298.1
EV000472,2028-05-06T00:00:00Z,370.146,38.072,44.106,60.18,53.21,424.28,34186.4
EV000198,2028-05-06T06:00:00Z,369.256,31.757,32.181,15.9,54.351,447.17,37643.5
EV000299,2028-05-06T12:00:00Z,369.788,28.304,26.06,71.58,36.72,291.63,100063.1
EV000176,2028-05-06T18:00:00Z,378.887,62.374,29.945,25.96,51.753,403.28,13633.8
EV000102,2028-05-07T00:00:00Z,355.654,47.496,29.627,59.64,48.837,379.46,113790.6
EV000360,2028-05-07T06:00:00Z,366.047,17.369,30.556,82.74,38.072,309.46,103279.4
EV000043,2028-05-07T12:00:00Z,359.421,57.991,33.872,25.92,52.575,420.89,31419.0
EV000251,2028-05-07T18:00:00Z,361.966,33.218,29.149,32.51,54.37,455.3,53771.1
EV000339,2028-05-08T00:00:00Z,359.775,39.096,32.269,16.91,50.692,395.52,39696.2
EV000344,2028-05-08T06:00:00Z,362.048,50.448,43.397,40.63,48.279,380.59,109645.0
EV000458,2028-05-08T12:00:00Z,374.419,31.495,26.986,62.15,37.155,295.75,79976.1
EV000383,2028-05-08T18:00:00Z,380.662,23.988,21.815,88.63,33.286,247.51,135106.3
EV000196,2028-05-09T00:00:00Z,353.192,31.818,30.882,16.25,37.847,268.12,89954.8
EV000213,2028-05-09T06:00:00Z,355.991,20.042,26.566,31.17,51.983,423.94,23325.9
EV000136,2028-05-09T12:00:00Z,361.153,23.889,49.036,51.83,55.1,418.77,33078.7
EV000056,2028-05-09T18:00:00Z,367.93,58.424,47.596,69.11,50.819,409.52,46699.4
EV000269,2028-05-10T00:00:00Z,373.352,62.612,35.512,25.82,50.083,402.84,81904.1
EV000418,2028-05-10T06:00:00Z,369.173,67.286,28.616,66.1,36.54,295.62,126789.5
EV000423,2028-05-10T12:00:00Z,364.041,41.216,48.689,40.19,48.802,377.02,93840.1
EV000433,2028-05-10T18:00:00Z,362.323,37.313,30.512,82.13,49.296,417.09,128395.2
EV000007,2028-05-11T00:00:00Z,362.361,14.696,28.563,85.45,53.26,409.39,31274.1
EV000149,2028-05-11T06:00:00Z,376.807,48.279,33.085,19.01,50.246,377.08,43391.9
EV000065,2028-05-11T12:00:00Z,365.909,23.502,29.475,17.46,50.583,393.59,86507.3
EV000209,2028-05-11T18:00:00Z,380.477,54.931,27.166,24.01,51.953,411.05,22421.5
EV000356,2028-05-12T00:00:00Z,358.953,64.569,46.33,87.22,47.435,382.24,91700.9
EV000294,2028-05-12T06:00:00Z,373.901,46.791,23.474,86.81,47.176,367.19,124945.5
EV000324,2028-05-12T12:00:00Z,371.507,16.157,47.562,43.56,46.091,367.58,117007.7
EV000029,2028-05-12T18:00:00Z,379.227,30.866,34.9,88.25,48.33,390.75,98350.8
EV000214,2028-05-13T00:00:00Z,366.741,65.218,28.036,18.94,46.031,357.58,100023.4
EV000161,2028-05-13T06:00:00Z,362.519,45.384,29.927,93.47,41.958,352.96,67109.6
EV000121,2028-05-13T12:00:00Z,370.627,26.411,50.474,83.5,54.484,450.93,10220.9
EV000431,2028-05-13T18:00:00Z,370.945,1.233,45.014,21.9,47.804,383.01,114191.1
EV000470,2028-05-14T00:00:00Z,365.87,50.8,29.271,59.01,51.516,414.02,65509.7
EV000221,2028-05-14T06:00:00Z,364.793,34.142,30.928,29.83,52.788,425.27,69282.6
EV000219,2028-05-14T12:00:00Z,363.927,63.183,27.828,72.9,38.092,318.05,64486.1
EV000361,2028-05-14T18:00:00Z,369.356,33.101,40.354,76.26,50.7,420.63,73556.9
EV000310,2028-05-15T00:00:00Z,372.651,37.408,30.395,94.13,51.661,408.74,92465.5
EV000112,2028-05-15T06:00:00Z,359.203,52.959,26.126,87.99,46.009,366.97,71452.5
EV000044,2028-05-15T12:00:00Z,367.253,34.382,50.511,68.78,51.782,401.96,64546.5
EV000497,2028-05-15T18:00:00Z,363.105,20.249,24.574,23.77,38.283,289.84,76626.5
EV000164,2028-05-16T00:00:00Z,372.338,31.896,24.263,54.4,39.418,333.73,56482.9
EV000426,2028-05-16T06:00:00Z,359.084,41.882,27.722,61.5,45.541,351.28,111844.6
EV000054,2028-05-16T12:00:00Z,362.341,19.587,25.993,60.98,37.041,290.84,116276.4
EV000300,2028-05-16T18:00:00Z,358.731,41.979,43.534,56.4,54.133,419.7,19105.5
EV000361,2028-05-17T00:00:00Z,359.46,50.371,43.533,65.35,51.267,398.48,88179.8
EV000464,2028-05-17T06:00:00Z,369.949,9.084,22.859,84.18,42.47,346.81,29262.0
EV000125,2028-05-17T12:00:00Z,375.056,59.535,24.718,33.0,52.472,425.01,26439.4
EV000461,2028-05-17T18:00:00Z,356.135,31.729,33.153,89.22,50.949,409.57,45389.6
EV000237,2028-05-18T00:00:00Z,362.111,51.041,31.573,47.65,51.436,414.54,59495.6
EV000319,2028-05-18T06:00:00Z,364.656,23.987,30.905,53.73,51.847,411.83,8690.5
EV000480,2028-05-18T12:00:00Z,373.818,32.742,26.511,81.1,49.86,386.72,37180.2
EV000389,2028-05-18T18:00:00Z,378.303,43.875,26.296,63.06,43.466,353.42,16178.4
EV000278,2028-05-19T00:00:00Z,362.731,70.855,32.627,26.1,52.024,439.24,25449.6
EV000437,2028-05-19T06:00:00Z,357.043,38.986,28.081,95.0,38.27,297.16,50309.1
EV000018,2028-05-19T12:00:00Z,361.409,31.679,31.528,63.09,50.602,422.28,77885.4
EV000395,2028-05-19T18:00:00Z,367.709,53.318,41.922,78.89,45.508,370.29,123823.1
EV000351,2028-05-20T00:00:00Z,371.72,21.033,31.685,79.37,47.434,366.59,122706.3
EV000377,2028-05-20T06:00:00Z,377.039,53.041,26.141,19.16,45.062,368.48,137653.4
EV000444,2028-05-20T12:00:00Z,354.37,31.705,31.096,81.28,34.925,260.56,117426.6
EV000258,2028-05-20T18:00:00Z,374.465,31.22,29.681,30.08,53.174,432.73,9638.5
EV000102,2028-05-21T00:00:00Z,351.51,26.624,23.122,50.91,45.189,359.9,130692.0
EV000313,2028-05-21T06:00:00Z,347.609,57.251,34.531,78.07,37.784,301.33,59078.5
EV000092,2028-05-21T12:00:00Z,361.827,48.792,25.519,56.87,47.797,396.62,123761.4
EV000230,2028-05-21T18:00:00Z,364.298,54.949,28.759,44.18,49.073,411.63,123822.1
EV000271,2028-05-22T00:00:00Z,354.393,23.922,27.432,78.39,53.261,416.89,7432.0
EV000205,2028-05-22T06:00:00Z,364.743,22.544,28.679,59.1,38.178,315.7,73487.2
EV000274,2028-05-22T12:00:00Z,384.456,44.989,27.976,54.35,35.031,278.33,126269.4
EV000238,2028-05-22T18:00:00Z,369.18,45.993,44.296,22.62,46.563,397.03,96023.2
EV000049,2028-05-23T00:00:00Z,346.532,39.789,33.175,60.71,41.385,342.38,72682.7
EV000116,2028-05-23T06:00:00Z,369.106,14.328,30.351,32.06,52.87,423.0,12835.6
EV000083,2028-05-23T12:00:00Z,372.758,18.196,32.381,81.58,34.126,268.24,103200.0
EV000018,2028-05-23T18:00:00Z,373.316,57.76,26.926,80.89,50.761,422.71,37472.6
EV000482,2028-05-24T00:00:00Z,364.666,48.321,27.85,50.07,46.955,360.26,126572.1
EV000271,2028-05-24T06:00:00Z,362.987,52.496,30.492,51.95,48.888,388.79,63607.4
EV000480,2028-05-24T12:00:00Z,369.13,42.127,32.412,19.67,53.489,455.14,41437.3
EV000303,2028-05-24T18:00:00Z,364.034,38.12,27.419,22.67,44.581,342.61,135037.3
EV000363,2028-05-25T00:00:00Z,370.667,46.534,23.004,81.06,40.569,341.42,98319.0
EV000404,2028-05-25T06:00:00Z,354.093,35.652,23.966,49.66,53.23,431.51,25267.6
EV000140,2028-05-25T12:00:00Z,373.92,41.723,41.979,59.86,51.465,420.87,42878.2
EV000365,2028-05-25T18:00:00Z,367.433,52.82,29.578,81.95,52.807,427.14,44121.4
EV000172,2028-05-26T00:00:00Z,368.112,20.875,22.608,40.73,53.124,466.13,17579.1
EV000171,2028-05-26T06:00:00Z,373.08,48.6,27.449,21.14,51.592,400.4,55661.5
EV000341,2028-05-26T12:00:00Z,378.173,50.021,32.245,58.07,51.683,404.41,31283.6
EV000295,2028-05-26T18:00:00Z,367.539,37.131,29.949,19.98,37.973,316.11,108741.6
EV000091,2028-05-27T00:00:00Z,384.373,36.005,34.02,78.38,53.023,403.24,37298.4
EV000105,2028-05-27T06:00:00Z,376.3,43.923,29.103,51.97,35.816,294.83,138233.2
EV000131,2028-05-27T12:00:00Z,355.024,48.629,28.871,68.87,49.968,416.62,61428.3
EV000099,2028-05-27T18:00:00Z,364.879,55.475,30.539,25.19,51.215,409.88,48536.2
EV000491,2028-05-28T00:00:00Z,373.339,58.89,29.907,46.34,31.678,255.08,132346.6
EV000250,2028-05-28T06:00:00Z,362.973,39.602,29.656,79.39,47.965,389.06,117383.1
EV000433,2028-05-28T12:00:00Z,356.091,51.251,32.265,20.64,48.99,376.88,74186.4
EV000435,2028-05-28T18:00:00Z,357.732,50.3,28.497,23.81,52.945,412.54,48220.9
EV000439,2028-05-29T00:00:00Z,368.31,56.275,28.431,56.55,46.806,378.75,133904.7
EV000271,2028-05-29T06:00:00Z,355.589,46.931,33.999,81.99,49.764,400.0,64497.8
EV000229,2028-05-29T12:00:00Z,351.721,51.623,29.852,19.43,37.966,293.69,90278.3
EV000015,2028-05-29T18:00:00Z,359.691,28.565,33.327,18.34,43.229,342.95,29035.6
EV000204,2028-05-30T00:00:00Z,364.962,15.745,30.427,34.42,38.624,310.72,118776.9
EV000445,2028-05-30T06:00:00Z,359.154,50.596,32.265,58.38,50.305,391.19,55367.5
EV000491,2028-05-30T12:00:00Z,363.206,58.825,29.624,62.09,37.354,288.92,117518.9
EV000178,2028-05-30T18:00:00Z,359.881,41.629,24.987,54.02,52.331,416.47,37721.9
EV000039,2028-05-31T00:00:00Z,376.188,29.249,31.474,67.68,52.622,437.46,25893.1
EV000150,2028-05-31T06:00:00Z,375.179,53.163,31.681,88.19,52.935,420.81,35688.2
EV000334,2028-05-31T12:00:00Z,373.098,58.439,41.023,28.9,49.805,380.76,129075.3
EV000398,2028-05-31T18:00:00Z,365.01,37.959,27.385,35.19,47.535,373.93,86200.2
EV000423,2028-06-01T00:00:00Z,383.649,61.169,49.555,54.05,49.367,401.29,77756.1
EV000374,2028-06-01T06:00:00Z,357.67,36.452,33.114,59.61,41.503,351.58,31548.9
EV000380,2028-06-01T12:00:00Z,360.319,29.658,47.005,75.73,44.564,380.02,129523.9
EV000053,2028-06-01T18:00:00Z,363.025,35.458,27.503,37.38,46.929,379.0,113567.1
EV000111,2028-06-02T00:00:00Z,353.173,54.944,43.996,58.9,47.93,402.72,74531.5
EV000302,2028-06-02T06:00:00Z,375.096,35.996,25.916,16.22,48.74,387.89,99632.2
EV000142,2028-06-02T12:00:00Z,373.208,61.564,25.956,86.7,52.822,418.35,20072.6
EV000339,2028-06-02T18:00:00Z,352.12,39.132,28.235,35.79,49.329,384.33,114514.9
EV000083,2028-06-03T00:00:00Z,367.04,13.882,28.994,67.83,38.273,322.39,100510.2
EV000457,2028-06-03T06:00:00Z,361.548,53.792,27.131,51.77,52.266,413.67,22079.6
EV000351,2028-06-03T12:00:00Z,363.522,45.604,28.766,89.36,49.687,381.25,69402.7
EV000278,2028-06-03T18:00:00Z,365.372,39.111,26.601,38.84,45.76,361.33,134502.7
EV000083,2028-06-04T00:00:00Z,350.287,23.791,25.893,18.93,39.062,310.12,63765.9
EV000166,2028-06-04T06:00:00Z,364.058,30.398,28.584,80.47,46.417,370.36,126787.6
EV000029,2028-06-04T12:00:00Z,377.467,52.999,28.515,44.5,48.606,387.81,103969.1
EV000181,2028-06-04T18:00:00Z,361.713,28.52,42.173,81.81,49.212,386.44,110344.7
EV000161,2028-06-05T00:00:00Z,370.315,29.02,27.141,86.21,35.171,284.98,137196.6
EV000159,2028-06-05T06:00:00Z,366.128,53.392,27.559,16.65,48.31,389.07,116768.5
EV000109,2028-06-05T12:00:00Z,358.619,40.968,47.808,41.72,49.369,392.27,110243.8
EV000044,2028-06-05T18:00:00Z,361.609,28.085,42.54,42.93,51.867,417.97,86073.5
EV000407,2028-06-06T00:00:00Z,368.972,32.306,31.286,77.03,50.23,413.62,125668.9
EV000148,2028-06-06T06:00:00Z,365.776,48.04,28.524,73.57,52.486,416.73,5353.2
EV000218,2028-06-06T12:00:00Z,364.168,45.472,32.777,30.25,51.162,409.91,44010.3
EV000128,2028-06-06T18:00:00Z,370.823,38.753,32.096,41.34,41.798,349.92,38353.9
EV000211,2028-06-07T00:00:00Z,363.893,64.298,29.998,23.54,48.394,411.69,113402.4
EV000375,2028-06-07T06:00:00Z,356.328,33.663,29.449,41.48,55.361,446.11,6562.4
EV000442,2028-06-07T12:00:00Z,367.899,51.27,25.954,82.19,32.954,259.12,136309.9
EV000432,2028-06-07T18:00:00Z,366.711,37.004,35.247,50.69,51.827,428.48,34258.6
EV000380,2028-06-08T00:00:00Z,367.591,41.24,48.985,77.89,48.048,369.24,76284.9
EV000449,2028-06-08T06:00:00Z,364.362,47.527,42.173,38.77,52.688,425.62,15965.0
EV000265,2028-06-08T12:00:00Z,371.075,35.054,48.273,67.73,53.376,429.5,23845.9
EV000162,2028-06-08T18:00:00Z,362.828,49.246,27.259,75.76,49.643,406.16,42617.5
EV000270,2028-06-09T00:00:00Z,354.633,65.159,34.248,52.94,38.158,314.79,99145.3
EV000220,2028-06-09T06:00:00Z,362.032,27.77,24.274,61.07,57.337,448.74,9760.4
EV000269,2028-06-09T12:00:00Z,374.928,48.183,28.942,49.1,50.313,380.76,109762.2
EV000097,2028-06-09T18:00:00Z,366.763,55.991,26.728,73.67,40.73,337.94,63396.1
EV000184,2028-06-10T00:00:00Z,359.996,50.79,30.281,16.43,50.314,380.11,63967.5
EV000499,2028-06-10T06:00:00Z,370.729,43.444,25.682,24.45,49.393,408.85,60508.6
EV000315,2028-06-10T12:00:00Z,362.633,25.794,33.201,41.56,57.283,465.9,9870.3
EV000343,2028-06-10T18:00:00Z,360.684,50.606,27.499,72.66,48.316,389.48,67475.3
EV000326,2028-06-11T00:00:00Z,351.743,41.609,30.367,56.31,38.012,304.78,130270.0
EV000425,2028-06-11T06:00:00Z,346.754,2.455,34.084,36.51,49.077,383.84,93407.5
EV000182,2028-06-11T12:00:00Z,360.839,40.947,49.121,61.43,47.426,379.4,80625.3
EV000464,2028-06-11T18:00:00Z,362.298,34.615,32.205,74.4,38.609,311.53,86241.6
EV000448,2028-06-12T00:00:00Z,350.858,27.088,29.159,44.47,57.321,454.36,54993.3
EV000232,2028-06-12T06:00:00Z,371.081,64.953,28.204,37.38,54.794,438.4,20229.6
EV000027,2028-06-12T12:00:00Z,369.206,58.078,31.611,17.56,48.922,366.46,94164.8
EV000269,2028-06-12T18:00:00Z,373.711,54.425,34.488,16.74,51.136,375.38,27168.9
EV000203,2028-06-13T00:00:00Z,355.38,29.436,32.131,79.83,48.991,415.02,124718.5
EV000215,2028-06-13T06:00:00Z,365.698,66.608,28.047,31.0,47.675,387.87,122264.0
EV000324,2028-06-13T12:00:00Z,373.511,68.016,44.706,55.23,56.287,461.84,16384.7
EV000467,2028-06-13T18:00:00Z,355.991,49.398,35.113,50.09,53.479,417.23,24259.1
EV000276,2028-06-14T00:00:00Z,364.679,39.808,23.518,87.6,38.781,298.28,107656.5
EV000345,2028-06-14T06:00:00Z,370.867,18.086,24.949,65.59,33.082,275.73,114672.5
EV000373,2028-06-14T12:00:00Z,363.502,40.786,32.784,77.87,43.171,356.38,134913.1
EV000068,2028-06-14T18:00:00Z,375.644,28.122,28.537,81.71,45.764,365.22,106320.3
EV000381,2028-06-15T00:00:00Z,369.279,29.133,28.447,87.04,51.582,436.61,67841.8
EV000310,2028-06-15T06:00:00Z,363.456,43.781,30.917,36.68,54.656,425.33,48673.8
EV000259,2028-06-15T12:00:00Z,358.45,42.786,24.614,45.2,47.074,373.84,24318.0
EV000050,2028-06-15T18:00:00Z,366.663,53.416,33.64,15.98,43.657,349.42,40990.2
EV000037,2028-06-16T00:00:00Z,355.022,34.501,26.762,35.27,38.182,307.64,113549.9
EV000131,2028-06-16T06:00:00Z,363.616,28.098,27.853,22.21,45.5,374.07,134809.9
EV000149,2028-06-16T12:00:00Z,363.151,55.311,27.231,40.95,50.191,415.69,83502.0
EV000429,2028-06-16T18:00:00Z,357.065,47.418,26.137,43.02,54.875,435.83,51051.3
EV000289,2028-06-17T00:00:00Z,376.339,40.449,34.577,24.2,40.229,317.17,16948.9
EV000331,2028-06-17T06:00:00Z,373.539,22.814,33.337,92.99,45.338,365.32,109218.0
EV000445,2028-06-17T12:00:00Z,368.123,67.938,25.686,79.55,53.91,439.41,16712.4
EV000442,2028-06-17T18:00:00Z,349.208,23.91,29.977,72.36,40.805,325.21,43276.6
EV000424,2028-06-18T00:00:00Z,357.118,51.895,33.702,59.93,39.492,317.09,38759.8
EV000056,2028-06-18T06:00:00Z,364.779,46.323,44.608,71.16,52.289,430.54,75448.7
EV000193,2028-06-18T12:00:00Z,367.071,67.665,24.03,78.6,38.774,303.19,16266.7
EV000466,2028-06-18T18:00:00Z,369.372,41.696,28.995,66.98,51.818,397.07,37504.5
EV000348,2028-06-19T00:00:00Z,348.221,21.217,25.959,78.41,48.084,377.19,131901.3
EV000214,2028-06-19T06:00:00Z,369.786,33.242,25.233,92.54,46.903,371.93,116536.2
EV000339,2028-06-19T12:00:00Z,369.679,25.073,30.104,80.36,53.791,425.24,36366.8
EV000153,2028-06-19T18:00:00Z,370.803,42.599,28.955,57.74,35.891,311.39,121851.6
EV000428,2028-06-20T00:00:00Z,368.558,26.365,24.354,17.38,54.157,410.17,10309.8
EV000494,2028-06-20T06:00:00Z,358.635,61.856,44.642,89.28,48.839,395.53,127410.2
EV000233,2028-06-20T12:00:00Z,367.877,55.425,25.615,20.88,47.41,407.05,99514.7
EV000052,2028-06-20T18:00:00Z,353.137,60.912,28.485,38.74,53.54,433.3,43348.7
EV000429,2028-06-21T00:00:00Z,365.083,46.312,26.334,94.41,52.412,419.44,31743.1
EV000019,2028-06-21T06:00:00Z,363.507,31.723,32.154,85.27,50.913,399.53,61395.6
EV000113,2028-06-21T12:00:00Z,349.77,21.766,47.716,71.14,52.833,421.31,47214.6
EV000114,2028-06-21T18:00:00Z,368.517,40.866,31.297,63.67,47.386,376.08,130146.7
EV000047,2028-06-22T00:00:00Z,360.693,39.878,27.427,57.58,37.365,291.3,72157.8
EV000410,2028-06-22T06:00:00Z,363.199,51.546,31.808,25.28,38.745,308.13,58039.3
EV000324,2028-06-22T12:00:00Z,360.319,27.344,51.077,86.69,49.657,405.72,103313.7
EV000321,2028-06-22T18:00:00Z,367.014,26.034,32.846,15.03,52.353,423.15,48069.6
EV000267,2028-06-23T00:00:00Z,368.2,47.399,32.812,70.19,41.166,336.03,73233.3
EV000436,2028-06-23T06:00:00Z,375.334,41.569,27.841,26.64,49.522,385.97,105611.7
EV000144,2028-06-23T12:00:00Z,349.113,26.391,29.432,91.42,52.273,428.28,49183.9
EV000356,2028-06-23T18:00:00Z,361.407,31.043,50.368,72.57,51.413,400.24,46119.0
EV000289,2028-06-24T00:00:00Z,363.951,52.359,27.597,53.08,34.165,273.72,97535.7
EV000484,2028-06-24T06:00:00Z,365.88,41.393,27.416,64.59,40.34,318.12,72335.5
EV000342,2028-06-24T12:00:00Z,382.998,49.693,25.893,60.08,51.687,436.74,49471.3
EV000448,2028-06-24T18:00:00Z,358.924,48.023,32.677,68.17,50.245,388.23,108144.8
EV000147,2028-06-25T00:00:00Z,365.838,36.148,36.573,18.63,54.888,451.77,24653.4
EV000259,2028-06-25T06:00:00Z,365.371,55.927,27.306,64.74,53.833,419.71,32030.5
EV000263,2028-06-25T12:00:00Z,373.015,44.162,30.612,78.99,51.832,430.7,51849.5
EV000402,2028-06-25T18:00:00Z,371.178,31.512,32.839,69.81,49.578,390.92,99566.1
EV000443,2028-06-26T00:00:00Z,351.43,23.898,31.127,30.11,43.428,338.32,21463.1
EV000409,2028-06-26T06:00:00Z,378.132,36.118,29.611,44.85,47.31,390.59,42790.5
EV000041,2028-06-26T12:00:00Z,352.474,44.366,48.919,66.93,49.706,417.53,79634.9
EV000064,2028-06-26T18:00:00Z,364.156,28.415,29.199,60.62,54.815,461.57,5040.2
EV000187,2028-06-27T00:00:00Z,364.532,30.08,27.512,46.54,37.538,296.87,91412.9
EV000353,2028-06-27T06:00:00Z,369.699,37.82,24.936,50.74,52.939,392.61,62320.1
EV000067,2028-06-27T12:00:00Z,366.21,65.664,28.388,83.88,47.466,380.02,104196.1
EV000237,2028-06-27T18:00:00Z,356.691,21.129,25.723,36.84,48.06,372.88,114012.1
EV000069,2028-06-28T00:00:00Z,366.82,40.41,29.943,69.31,35.507,292.18,119729.5
EV000056,2028-06-28T06:00:00Z,356.022,66.592,47.022,57.96,49.638,395.44,96129.3
EV000406,2028-06-28T12:00:00Z,380.591,40.949,49.973,18.6,51.231,403.55,51848.6
EV000216,2028-06-28T18:00:00Z,370.692,44.522,24.105,45.46,49.813,384.06,63507.4
EV000347,2028-06-29T00:00:00Z,350.322,41.378,30.499,61.16,35.728,290.87,134875.1
EV000010,2028-06-29T06:00:00Z,367.165,55.939,34.197,83.84,46.734,368.23,70405.4
EV000199,2028-06-29T12:00:00Z,346.927,27.081,33.443,25.87,47.161,379.3,111578.7
EV000233,2028-06-29T18:00:00Z,361.775,40.619,27.565,41.26,51.143,415.47,76670.6
EV000485,2028-06-30T00:00:00Z,372.939,57.545,27.934,53.16,47.295,375.22,93720.9
EV000004,2028-06-30T06:00:00Z,359.152,50.298,28.504,40.55,49.908,395.63,92163.3
EV000238,2028-06-30T12:00:00Z,347.054,25.676,47.039,60.12,50.44,416.59,58323.3
EV000405,2028-06-30T18:00:00Z,363.75,49.477,28.522,73.53,51.399,418.18,52823.9
EV000047,2028-07-01T00:00:00Z,352.788,45.555,31.0,60.46,37.31,315.78,102182.9
EV000100,2028-07-01T06:00:00Z,365.954,45.456,28.415,58.09,40.976,329.77,20905.6
EV000353,2028-07-01T12:00:00Z,367.377,34.331,25.373,52.53,45.113,331.32,121883.6
EV000121,2028-07-01T18:00:00Z,361.521,48.536,48.577,54.56,56.101,440.79,13525.1
EV000260,2028-07-02T00:00:00Z,356.213,56.166,25.172,26.59,40.167,307.19,77636.4
EV000444,2028-07-02T06:00:00Z,365.121,41.751,27.667,41.87,38.69,308.35,93355.8
EV000474,2028-07-02T12:00:00Z,355.714,8.442,27.959,32.2,52.502,418.71,41878.1
EV000218,2028-07-02T18:00:00Z,358.986,41.486,34.322,51.08,52.241,427.0,48124.9
EV000246,2028-07-03T00:00:00Z,361.611,47.168,28.2,80.91,49.315,397.88,80462.0
EV000154,2028-07-03T06:00:00Z,360.43,63.114,27.444,79.67,51.419,411.42,51076.5
EV000242,2028-07-03T12:00:00Z,356.327,49.158,31.473,22.3,52.352,431.87,75498.8
EV000034,2028-07-03T18:00:00Z,360.183,39.981,45.267,73.88,54.167,419.86,29683.9
EV000440,2028-07-04T00:00:00Z,370.461,50.49,26.47,66.45,52.617,429.7,11403.6
EV000303,2028-07-04T06:00:00Z,357.151,42.305,28.294,93.19,49.279,392.89,63398.9
EV000250,2028-07-04T12:00:00Z,369.731,45.876,32.59,67.72,45.42,357.27,134097.2
EV000387,2028-07-04T18:00:00Z,371.93,36.654,24.813,25.69,53.531,427.88,48929.9
EV000065,2028-07-05T00:00:00Z,362.943,29.678,28.244,63.93,55.38,440.94,35993.3
EV000015,2028-07-05T06:00:00Z,369.77,34.783,27.464,20.47,39.732,319.56,31848.2
EV000495,2028-07-05T12:00:00Z,364.745,32.065,26.422,63.0,53.59,413.78,34704.8
EV000450,2028-07-05T18:00:00Z,354.594,39.374,46.628,42.22,44.896,362.52,132786.1
EV000191,2028-07-06T00:00:00Z,359.05,23.374,32.34,18.43,46.816,371.39,108733.0
EV000090,2028-07-06T06:00:00Z,374.124,38.143,31.469,53.18,50.352,405.24,47499.4
EV000482,2028-07-06T12:00:00Z,359.324,63.048,28.591,39.6,57.24,455.78,14396.7
EV000261,2028-07-06T18:00:00Z,360.199,40.089,26.709,18.07,57.079,445.68,9396.5
EV000011,2028-07-07T00:00:00Z,370.762,49.861,32.54,65.12,52.679,408.0,28562.8
EV000033,2028-07-07T06:00:00Z,361.212,45.412,30.967,64.94,34.647,273.51,130855.3
EV000266,2028-07-07T12:00:00Z,369.61,59.604,32.48,70.23,53.009,418.1,8072.0
EV000374,2028-07-07T18:00:00Z,352.139,39.941,28.668,87.63,40.134,346.05,55286.5
EV000135,2028-07-08T00:00:00Z,377.676,40.203,30.926,57.66,54.047,421.22,18550.0
EV000431,2028-07-08T06:00:00Z,374.204,14.212,44.984,53.22,53.779,453.72,44898.2
EV000417,2028-07-08T12:00:00Z,355.977,35.078,37.524,16.44,37.025,299.73,110743.1
EV000112,2028-07-08T18:00:00Z,379.057,32.657,26.925,44.13,51.352,424.8,47567.1
EV000006,2028-07-09T00:00:00Z,365.628,75.66,30.294,86.34,42.13,317.36,39787.9
EV000341,2028-07-09T06:00:00Z,370.73,30.369,25.012,31.34,49.416,409.94,85487.7
EV000192,2028-07-09T12:00:00Z,356.633,19.281,31.611,63.64,36.808,304.42,95593.3
EV000327,2028-07-09T18:00:00Z,353.782,69.509,30.799,70.33,51.908,422.34,35935.3
EV000178,2028-07-10T00:00:00Z,375.714,55.048,25.92,82.57,55.913,460.49,31288.7
EV000474,2028-07-10T06:00:00Z,369.103,25.255,30.137,37.72,50.068,401.03,81955.4
EV000362,2028-07-10T12:00:00Z,354.606,37.95,27.414,55.88,49.581,389.39,89513.4
EV000293,2028-07-10T18:00:00Z,367.324,28.383,27.105,50.09,51.193,402.04,20163.7
EV000036,2028-07-11T00:00:00Z,349.484,48.226,31.991,30.1,49.714,401.08,98865.4
EV000236,2028-07-11T06:00:00Z,352.027,28.013,28.036,90.2,54.043,411.69,26097.7
EV000380,2028-07-11T12:00:00Z,358.235,34.721,49.807,33.76,52.615,420.33,18883.3
EV000090,2028-07-11T18:00:00Z,352.04,35.092,29.777,67.19,51.628,434.39,104933.7
EV000401,2028-07-12T00:00:00Z,366.304,40.963,31.026,64.07,51.12,404.23,86812.6
EV000086,2028-07-12T06:00:00Z,379.08,50.97,43.733,38.85,48.939,376.28,45867.9
EV000275,2028-07-12T12:00:00Z,354.215,37.753,30.182,59.86,52.03,425.08,5884.2
EV000083,2028-07-12T18:00:00Z,377.057,41.904,33.339,33.07,39.279,324.5,44556.5
EV000019,2028-07-13T00:00:00Z,378.738,48.344,29.509,27.4,48.676,381.09,98246.1
EV000011,2028-07-13T06:00:00Z,379.257,61.859,25.291,80.8,54.819,434.92,9116.8
EV000123,2028-07-13T12:00:00Z,361.448,64.841,30.126,90.09,48.061,366.39,134914.1
EV000284,2028-07-13T18:00:00Z,386.076,57.276,44.366,17.07,50.455,412.17,76285.3
EV000099,2028-07-14T00:00:00Z,364.865,44.248,28.57,18.36,49.063,388.41,101642.3
EV000429,2028-07-14T06:00:00Z,357.495,58.188,28.052,90.16,53.479,422.9,41631.7
EV000424,2028-07-14T12:00:00Z,371.784,46.657,27.427,21.29,41.067,346.42,60769.0
EV000419,2028-07-14T18:00:00Z,370.723,8.798,28.926,19.44,53.073,394.62,31269.4
EV000029,2028-07-15T00:00:00Z,366.354,40.514,27.849,61.79,52.022,411.63,75906.5
EV000134,2028-07-15T06:00:00Z,364.937,19.075,31.01,21.45,47.39,369.85,139641.4
EV000042,2028-07-15T12:00:00Z,377.497,47.688,26.749,94.71,52.364,408.44,34924.5
EV000240,2028-07-15T18:00:00Z,359.687,56.137,30.093,40.92,51.966,409.02,35031.4
EV000268,2028-07-16T00:00:00Z,367.623,54.51,28.069,68.84,55.492,458.36,6567.2
EV000433,2028-07-16T06:00:00Z,361.251,58.888,30.529,58.31,48.047,377.6,89376.0
EV000460,2028-07-16T12:00:00Z,359.418,43.336,30.688,40.61,53.152,420.37,32658.3
EV000082,2028-07-16T18:00:00Z,363.545,48.508,48.894,68.36,52.865,430.84,26239.7
EV000453,2028-07-17T00:00:00Z,356.62,35.294,33.765,20.83,54.047,440.98,41218.2
EV000229,2028-07-17T06:00:00Z,374.947,43.135,27.34,71.72,39.954,332.85,63478.3
EV000188,2028-07-17T12:00:00Z,362.352,34.987,24.108,85.7,51.897,432.54,43798.4
EV000207,2028-07-17T18:00:00Z,363.559,26.103,34.21,51.82,52.279,419.55,16993.8
EV000480,2028-07-18T00:00:00Z,353.773,30.596,31.027,33.05,49.794,411.42,71412.1
EV000468,2028-07-18T06:00:00Z,366.904,62.931,42.294,57.4,49.796,402.15,122128.4
EV000266,2028-07-18T12:00:00Z,361.341,43.375,28.849,43.81,47.04,372.69,111649.7
EV000323,2028-07-18T18:00:00Z,362.678,33.263,26.69,61.15,49.288,410.37,91592.9
EV000260,2028-07-19T00:00:00Z,349.627,54.609,32.906,82.3,39.076,300.41,56161.1
EV000376,2028-07-19T06:00:00Z,373.576,59.52,28.507,20.16,47.456,380.13,117811.2
EV000266,2028-07-19T12:00:00Z,361.324,49.609,32.231,67.37,51.955,397.81,90501.1
EV000454,2028-07-19T18:00:00Z,368.349,45.467,47.613,68.37,51.424,416.82,20552.4
EV000063,2028-07-20T00:00:00Z,359.558,42.708,26.895,60.0,35.429,280.72,112489.9
EV000141,2028-07-20T06:00:00Z,353.682,50.734,46.262,70.16,48.768,407.8,70548.6
EV000439,2028-07-20T12:00:00Z,371.527,23.214,33.609,65.86,50.744,400.15,67787.6
EV000043,2028-07-20T18:00:00Z,355.271,50.734,31.014,18.83,54.673,425.74,10520.8
EV000380,2028-07-21T00:00:00Z,356.569,39.664,42.877,44.61,51.955,409.61,16227.9
EV000434,2028-07-21T06:00:00Z,350.68,30.083,35.03,28.61,45.795,359.71,123052.7
EV000459,2028-07-21T12:00:00Z,372.232,40.32,29.951,15.97,51.185,390.0,55213.8
EV000305,2028-07-21T18:00:00Z,362.23,10.954,24.66,50.35,53.192,431.08,36148.6
EV000388,2028-07-22T00:00:00Z,367.151,40.095,32.538,73.16,48.818,382.6,71534.5
EV000325,2028-07-22T06:00:00Z,369.609,34.48,26.6,46.75,36.174,288.33,103173.1
EV000403,2028-07-22T12:00:00Z,361.979,66.719,24.214,65.53,51.111,408.91,33660.8
EV000180,2028-07-22T18:00:00Z,361.574,37.479,27.909,93.57,50.117,392.97,33318.3
EV000067,2028-07-23T00:00:00Z,370.151,29.866,26.223,55.57,46.751,371.1,120560.0
EV000418,2028-07-23T06:00:00Z,372.83,28.009,34.587,68.6,35.514,285.3,77879.6
EV000130,2028-07-23T12:00:00Z,360.242,40.465,29.863,68.14,39.972,326.48,50127.0
EV000430,2028-07-23T18:00:00Z,348.426,29.941,28.834,75.82,51.358,408.41,47642.1
EV000344,2028-07-24T00:00:00Z,364.907,43.629,44.25,53.4,49.407,408.45,98661.5
EV000340,2028-07-24T06:00:00Z,359.52,29.022,27.401,52.74,52.286,406.04,40479.0
EV000434,2028-07-24T12:00:00Z,370.057,51.972,34.755,88.93,50.512,404.63,44641.7
EV000203,2028-07-24T18:00:00Z,376.36,37.82,28.663,33.76,53.485,429.09,11880.8
EV000265,2028-07-25T00:00:00Z,359.204,11.741,49.526,29.0,49.683,389.51,63838.4
EV000114,2028-07-25T06:00:00Z,366.4,41.08,24.769,55.95,50.728,415.13,54622.1
EV000238,2028-07-25T12:00:00Z,362.755,44.806,44.972,24.4,51.722,420.58,26370.6
EV000422,2028-07-25T18:00:00Z,368.566,32.944,24.967,84.6,37.073,311.33,99209.6
EV000076,2028-07-26T00:00:00Z,379.132,46.739,42.604,50.86,54.138,428.39,19458.0
EV000045,2028-07-26T06:00:00Z,362.705,38.203,28.942,90.03,52.167,410.47,40807.5
EV000143,2028-07-26T12:00:00Z,361.84,49.923,37.272,56.05,51.828,415.34,29755.6
EV000257,2028-07-26T18:00:00Z,366.93,61.279,32.092,82.09,48.982,370.69,101038.4
EV000316,2028-07-27T00:00:00Z,366.678,44.638,28.613,17.88,52.61,412.68,5291.9
EV000229,2028-07-27T06:00:00Z,370.239,23.211,34.189,44.69,38.128,323.68,107860.1
EV000112,2028-07-27T12:00:00Z,357.862,29.625,31.301,29.31,52.402,414.09,53581.6
EV000015,2028-07-27T18:00:00Z,353.613,49.483,31.579,57.93,40.607,338.05,69744.7
EV000473,2028-07-28T00:00:00Z,367.708,58.608,30.269,61.42,48.858,378.29,78541.3
EV000088,2028-07-28T06:00:00Z,335.919,50.091,52.631,38.62,51.005,422.04,49039.5
EV000225,2028-07-28T12:00:00Z,354.889,33.463,23.585,73.81,47.491,382.23,93580.2
EV000324,2028-07-28T18:00:00Z,363.84,52.813,44.427,53.24,50.255,421.67,83209.9
EV000391,2028-07-29T00:00:00Z,376.153,41.522,28.598,62.68,37.175,298.76,102653.7
EV000380,2028-07-29T06:00:00Z,364.926,71.064,46.448,22.45,50.571,427.78,66132.1
EV000287,2028-07-29T12:00:00Z,360.124,69.849,25.507,19.14,38.778,327.5,74631.4
EV000296,2028-07-29T18:00:00Z,370.965,38.904,22.747,88.91,34.652,290.74,133492.4
EV000297,2028-07-30T00:00:00Z,378.767,32.175,31.778,73.74,46.264,351.93,124259.8
EV000397,2028-07-30T06:00:00Z,367.461,22.7,31.887,61.79,43.41,340.01,131900.6
EV000171,2028-07-30T12:00:00Z,356.264,60.261,26.186,35.43,50.848,411.67,65453.8
EV000088,2028-07-30T18:00:00Z,371.527,69.182,44.954,17.03,49.05,393.42,105797.2
EV000252,2028-07-31T00:00:00Z,365.097,0.516,22.943,63.82,48.749,400.44,67552.4
EV000003,2028-07-31T06:00:00Z,356.227,39.244,26.126,48.34,42.937,324.11,28200.2
EV000295,2028-07-31T12:00:00Z,356.069,45.568,27.389,47.67,39.779,327.11,30725.6
EV000100,2028-07-31T18:00:00Z,353.427,33.461,28.857,31.24,37.325,290.52,82009.2
EV000485,2028-08-01T00:00:00Z,370.174,38.915,27.132,79.13,50.689,401.0,19788.6
EV000057,2028-08-01T06:00:00Z,364.549,29.017,29.988,68.22,40.56,330.72,36094.4
EV000417,2028-08-01T12:00:00Z,383.163,45.498,31.207,43.72,40.839,334.43,16831.1
EV000202,2028-08-01T18:00:00Z,385.061,43.765,45.06,17.4,54.357,418.73,18832.7
EV000073,2028-08-02T00:00:00Z,362.51,43.586,29.285,42.12,37.0,285.77,115845.3
EV000144,2028-08-02T06:00:00Z,365.963,47.987,23.911,74.25,49.434,384.41,91810.8
EV000327,2028-08-02T12:00:00Z,370.877,70.19,26.425,43.34,50.548,385.02,62607.4
EV000487,2028-08-02T18:00:00Z,361.488,7.82,31.669,38.5,52.543,412.63,35279.8
EV000260,2028-08-03T00:00:00Z,363.283,46.548,25.992,54.86,36.181,290.45,133854.8
EV000046,2028-08-03T06:00:00Z,368.414,50.429,27.563,53.55,41.533,331.82,5769.3
EV000426,2028-08-03T12:00:00Z,354.14,45.358,27.469,94.3,46.989,364.35,137883.6
EV000012,2028-08-03T18:00:00Z,356.912,60.305,28.134,43.25,49.248,388.94,82336.7
EV000466,2028-08-04T00:00:00Z,367.565,23.5,28.658,20.61,48.43,363.68,73750.2
EV000432,2028-08-04T06:00:00Z,372.515,49.122,25.09,53.53,49.86,393.65,72923.6
EV000103,2028-08-04T12:00:00Z,364.207,44.934,48.485,22.82,49.399,398.6,82846.3
EV000086,2028-08-04T18:00:00Z,364.184,34.211,49.248,66.27,52.178,410.05,80953.7
EV000436,2028-08-05T00:00:00Z,358.402,29.146,28.163,84.61,46.438,366.22,130968.0
EV000057,2028-08-05T06:00:00Z,370.743,47.926,29.594,41.27,39.717,319.66,83353.6
EV000369,2028-08-05T12:00:00Z,361.147,19.674,28.954,17.93,52.737,436.19,72731.2
EV000008,2028-08-05T18:00:00Z,356.93,26.908,30.567,42.47,52.429,434.31,46029.8
EV000342,2028-08-06T00:00:00Z,371.29,54.134,28.167,29.82,52.831,410.18,41665.6
EV000415,2028-08-06T06:00:00Z,359.313,38.725,35.246,43.81,52.951,409.57,29606.6
EV000465,2028-08-06T12:00:00Z,363.287,33.338,32.09,69.06,50.688,401.54,44334.0
EV000166,2028-08-06T18:00:00Z,345.788,48.981,27.19,71.38,48.685,381.25,117940.1
EV000284,2028-08-07T00:00:00Z,374.617,60.088,42.051,66.39,55.853,438.0,11349.6
EV000054,2028-08-07T06:00:00Z,368.04,28.291,32.972,48.6,34.213,270.5,114430.5
EV000027,2028-08-07T12:00:00Z,374.998,23.531,27.617,26.99,49.584,400.96,39681.0
EV000352,2028-08-07T18:00:00Z,376.206,35.335,24.417,59.54,42.193,326.71,41022.3
EV000474,2028-08-08T00:00:00Z,361.78,36.672,32.48,84.91,50.364,398.76,51753.2
EV000330,2028-08-08T06:00:00Z,353.503,58.623,24.871,37.53,37.055,293.54,107377.4
EV000069,2028-08-08T12:00:00Z,359.922,63.53,27.584,24.93,36.701,294.42,117746.5
EV000199,2028-08-08T18:00:00Z,367.341,42.837,25.593,73.5,46.842,403.51,91521.6
EV000061,2028-08-09T00:00:00Z,359.014,53.19,28.821,60.76,34.195,285.25,122495.8
EV000042,2028-08-09T06:00:00Z,360.78,37.178,29.999,91.31,48.911,389.22,97057.2
EV000407,2028-08-09T12:00:00Z,368.267,73.482,28.325,19.71,47.332,368.29,127264.2
EV000158,2028-08-09T18:00:00Z,373.113,38.663,26.477,89.92,47.631,390.04,129240.9
EV000493,2028-08-10T00:00:00Z,366.299,37.981,29.567,88.88,32.976,255.28,130385.5
EV000350,2028-08-10T06:00:00Z,351.403,38.5,31.226,51.55,38.679,287.71,78246.4
EV000430,2028-08-10T12:00:00Z,361.898,18.995,32.574,54.2,52.089,413.08,40977.4
EV000346,2028-08-10T18:00:00Z,361.646,45.373,29.484,80.62,39.187,302.34,75631.2
EV000113,2028-08-11T00:00:00Z,365.677,47.393,40.394,58.34,47.338,390.65,129494.7
EV000320,2028-08-11T06:00:00Z,364.482,44.279,30.974,39.8,52.58,427.62,35112.8
EV000083,2028-08-11T12:00:00Z,355.506,51.97,30.309,83.94,39.517,312.85,89920.0
EV000121,2028-08-11T18:00:00Z,371.118,40.016,46.043,61.3,51.582,414.62,64830.6
EV000404,2028-08-12T00:00:00Z,344.556,45.386,26.553,72.89,55.498,450.75,40778.2
EV000173,2028-08-12T06:00:00Z,376.748,39.783,27.63,53.18,41.025,315.04,35113.1
EV000075,2028-08-12T12:00:00Z,370.089,51.201,32.093,85.16,46.408,364.51,112998.5
EV000355,2028-08-12T18:00:00Z,379.136,-1.39,30.261,22.17,50.108,393.21,93301.8
EV000033,2028-08-13T00:00:00Z,366.345,43.909,27.805,20.8,40.701,325.79,43141.1
EV000408,2028-08-13T06:00:00Z,376.404,51.468,25.366,33.32,36.985,296.26,102760.0
EV000262,2028-08-13T12:00:00Z,365.987,56.472,31.982,28.34,38.566,308.43,126114.1
EV000419,2028-08-13T18:00:00Z,369.998,43.804,25.911,84.14,52.799,433.18,40051.0
EV000073,2028-08-14T00:00:00Z,351.519,52.195,32.182,40.82,36.454,274.79,102685.8
EV000228,2028-08-14T06:00:00Z,351.527,53.36,27.647,54.64,46.847,356.41,123415.4
EV000028,2028-08-14T12:00:00Z,360.47,55.234,27.536,90.47,40.345,321.06,50266.1
EV000438,2028-08-14T18:00:00Z,363.645,44.12,31.287,37.8,54.068,438.84,13400.1
EV000393,2028-08-15T00:00:00Z,359.289,27.438,28.543,35.57,37.039,309.73,78803.8
EV000420,2028-08-15T06:00:00Z,371.488,33.63,27.667,55.36,38.162,305.46,57223.0
EV000422,2028-08-15T12:00:00Z,357.419,53.9,31.516,19.66,34.989,278.05,131513.4
EV000486,2028-08-15T18:00:00Z,374.764,28.478,27.817,17.67,54.07,451.5,9765.2
EV000082,2028-08-16T00:00:00Z,362.27,72.86,39.53,87.79,52.232,413.59,39227.8
EV000041,2028-08-16T06:00:00Z,353.373,40.365,48.241,71.18,51.459,403.02,38115.2
EV000347,2028-08-16T12:00:00Z,357.203,44.543,29.537,56.21,39.244,295.32,30025.8
EV000160,2028-08-16T18:00:00Z,368.579,40.672,25.984,38.05,35.514,267.75,131590.8
EV000080,2028-08-17T00:00:00Z,368.174,14.255,25.633,86.39,49.596,397.97,101768.3
EV000324,2028-08-17T06:00:00Z,373.353,39.01,41.942,69.31,48.909,387.32,103222.4
EV000183,2028-08-17T12:00:00Z,362.638,44.259,28.604,30.61,50.269,411.07,70170.4
EV000333,2028-08-17T18:00:00Z,367.834,40.278,29.907,62.92,47.826,370.09,114433.9
EV000427,2028-08-18T00:00:00Z,353.035,25.472,33.387,78.87,50.399,416.28,80503.6
EV000230,2028-08-18T06:00:00Z,377.183,34.256,31.96,28.71,48.852,401.9,65639.2
EV000422,2028-08-18T12:00:00Z,354.849,49.284,36.283,33.96,35.078,295.04,133049.1
EV000053,2028-08-18T18:00:00Z,352.15,20.498,26.592,63.2,56.278,441.1,33286.1
EV000043,2028-08-19T00:00:00Z,364.759,57.396,30.768,25.45,44.99,371.05,118259.0
EV000433,2028-08-19T06:00:00Z,354.699,44.99,32.264,58.7,51.891,425.35,74260.2
EV000424,2028-08-19T12:00:00Z,371.936,34.767,26.789,73.66,42.298,316.99,8371.1
EV000199,2028-08-19T18:00:00Z,369.164,33.416,29.185,41.78,55.266,453.98,21238.1
EV000351,2028-08-20T00:00:00Z,370.542,13.81,30.414,24.77,54.221,420.7,27659.4
EV000088,2028-08-20T06:00:00Z,363.256,34.195,46.57,32.95,53.233,423.86,56358.5
EV000277,2028-08-20T12:00:00Z,360.576,55.844,21.717,62.72,48.311,364.72,91329.7
EV000049,2028-08-20T18:00:00Z,361.644,20.069,29.522,42.91,39.127,307.65,34468.2
EV000272,2028-08-21T00:00:00Z,360.927,52.159,23.707,54.72,50.564,416.4,45341.9
EV000310,2028-08-21T06:00:00Z,364.271,8.883,27.394,59.44,51.796,397.66,46970.7
EV000372,2028-08-21T12:00:00Z,358.618,37.219,30.068,24.29,47.273,371.7,111708.9
EV000142,2028-08-21T18:00:00Z,374.499,37.182,27.231,69.52,51.476,415.58,73314.2
EV000134,2028-08-22T00:00:00Z,363.89,32.218,32.418,56.78,52.719,408.08,45273.9
EV000364,2028-08-22T06:00:00Z,369.636,46.022,28.104,82.75,36.342,280.83,94415.9
EV000108,2028-08-22T12:00:00Z,360.002,27.905,32.134,39.39,50.116,411.84,65513.4
EV000082,2028-08-22T18:00:00Z,364.2,40.267,45.834,69.86,44.173,363.97,123200.5
EV000297,2028-08-23T00:00:00Z,362.808,43.676,29.433,48.38,47.598,370.56,121959.4
EV000126,2028-08-23T06:00:00Z,338.408,37.339,27.483,88.38,47.931,379.52,115717.3
EV000342,2028-08-23T12:00:00Z,355.816,46.798,33.73,42.22,51.275,405.24,60219.8
EV000199,2028-08-23T18:00:00Z,348.115,37.95,30.082,65.63,45.633,370.11,113223.7
EV000048,2028-08-24T00:00:00Z,353.125,55.878,35.006,90.67,48.851,389.45,65990.0
EV000194,2028-08-24T06:00:00Z,361.326,39.065,33.277,82.93,37.562,304.14,127475.2
EV000351,2028-08-24T12:00:00Z,378.988,35.77,30.933,81.26,47.465,388.93,116217.6
EV000202,2028-08-24T18:00:00Z,366.477,37.172,50.483,23.21,48.67,377.67,108568.4
EV000231,2028-08-25T00:00:00Z,351.519,42.353,25.276,74.48,51.507,406.84,88531.8
EV000257,2028-08-25T06:00:00Z,365.499,44.856,27.876,57.88,54.798,431.69,7905.2
EV000088,2028-08-25T12:00:00Z,363.994,30.833,42.927,69.12,52.136,407.78,22933.1
EV000334,2028-08-25T18:00:00Z,360.978,76.31,46.772,66.44,45.688,358.05,133748.8
EV000229,2028-08-26T00:00:00Z,360.652,57.058,28.937,50.32,34.276,272.61,122669.9
EV000115,2028-08-26T06:00:00Z,357.395,51.094,25.335,54.31,52.724,426.0,28926.5
EV000469,2028-08-26T12:00:00Z,375.583,57.954,30.564,53.34,48.659,397.11,105416.0
EV000135,2028-08-26T18:00:00Z,367.345,46.553,30.173,33.5,53.689,446.66,90773.0
EV000196,2028-08-27T00:00:00Z,352.702,39.73,31.499,60.55,38.395,317.97,67977.7
EV000500,2028-08-27T06:00:00Z,375.225,52.666,25.931,64.44,53.238,422.32,7298.5
EV000323,2028-08-27T12:00:00Z,359.097,53.877,26.824,81.36,50.68,430.25,30609.7
EV000322,2028-08-27T18:00:00Z,358.613,61.694,29.183,27.61,46.019,358.1,134813.0
EV000018,2028-08-28T00:00:00Z,356.76,40.491,32.497,21.27,46.847,364.28,108915.7
EV000079,2028-08-28T06:00:00Z,370.241,50.931,33.558,52.51,54.419,413.76,15277.6
EV000072,2028-08-28T12:00:00Z,360.229,36.091,32.972,19.35,52.291,386.83,48805.2
EV000263,2028-08-28T18:00:00Z,356.411,52.119,29.743,42.61,49.763,402.18,52656.3
EV000255,2028-08-29T00:00:00Z,382.887,41.278,48.011,42.01,47.323,363.47,98597.9
EV000163,2028-08-29T06:00:00Z,358.732,54.05,35.434,25.43,49.869,388.24,77508.6
EV000269,2028-08-29T12:00:00Z,350.263,13.775,31.147,85.96,49.401,402.22,112387.3
EV000398,2028-08-29T18:00:00Z,375.863,8.45,26.442,28.23,44.295,373.22,117712.7
EV000095,2028-08-30T00:00:00Z,368.719,58.489,47.449,53.9,48.037,383.89,126648.8
EV000013,2028-08-30T06:00:00Z,361.774,45.195,48.96,21.27,50.959,404.35,26560.6
EV000136,2028-08-30T12:00:00Z,371.956,60.133,43.194,45.87,45.395,351.63,139949.5
EV000417,2028-08-30T18:00:00Z,373.37,56.216,33.003,87.6,32.468,274.76,135837.6
EV000011,2028-08-31T00:00:00Z,363.214,55.361,30.525,52.74,53.499,428.07,44739.6
EV000124,2028-08-31T06:00:00Z,365.973,49.566,25.84,81.56,52.44,428.99,69508.6
EV000121,2028-08-31T12:00:00Z,349.997,73.953,45.196,25.77,51.478,426.44,47872.9
EV000139,2028-08-31T18:00:00Z,371.945,35.191,26.99,71.1,53.161,420.53,70969.9
EV000223,2028-09-01T00:00:00Z,370.376,29.425,47.847,73.35,51.888,416.1,52406.5
EV000224,2028-09-01T06:00:00Z,362.872,43.36,37.331,52.12,37.847,304.08,95032.4
EV000345,2028-09-01T12:00:00Z,366.691,73.14,28.604,86.02,41.418,306.99,10276.5
EV000369,2028-09-01T18:00:00Z,353.466,35.0,32.458,18.97,49.998,417.23,63144.5
EV000284,2028-09-02T00:00:00Z,371.433,54.674,40.461,17.24,49.088,395.37,76196.0
EV000264,2028-09-02T06:00:00Z,357.325,36.22,26.762,93.7,38.476,301.79,80248.0
EV000014,2028-09-02T12:00:00Z,373.551,48.164,30.182,34.86,42.695,339.15,33245.1
EV000197,2028-09-02T18:00:00Z,360.051,38.825,30.901,89.29,47.302,370.56,123299.2
EV000176,2028-09-03T00:00:00Z,362.221,29.873,29.632,46.15,52.95,435.87,6522.3
EV000396,2028-09-03T06:00:00Z,371.559,28.591,46.01,28.33,49.121,381.13,120040.7
EV000392,2028-09-03T12:00:00Z,361.672,42.024,28.534,60.1,55.071,439.19,6518.0
EV000358,2028-09-03T18:00:00Z,370.558,35.58,30.812,44.55,38.323,292.51,133111.0
EV000435,2028-09-04T00:00:00Z,364.129,54.679,36.65,60.55,45.668,376.14,134597.7
EV000244,2028-09-04T06:00:00Z,369.275,28.635,31.401,38.87,39.443,318.8,85282.3
EV000451,2028-09-04T12:00:00Z,360.455,55.879,31.003,45.23,49.034,399.01,130163.6
EV000374,2028-09-04T18:00:00Z,356.825,49.238,30.612,48.4,41.983,331.81,16887.5
EV000082,2028-09-05T00:00:00Z,357.413,72.568,41.351,37.2,47.708,386.0,109940.4
EV000387,2028-09-05T06:00:00Z,368.468,32.326,27.873,81.32,50.787,397.98,71987.0
EV000231,2028-09-05T12:00:00Z,355.77,45.153,35.789,63.09,51.194,402.84,52902.6
EV000328,2028-09-05T18:00:00Z,371.369,64.729,23.864,19.2,40.511,326.52,68170.5
EV000144,2028-09-06T00:00:00Z,350.718,46.653,33.268,23.63,53.671,427.94,39638.0
EV000143,2028-09-06T06:00:00Z,373.764,53.606,29.284,54.35,50.158,406.86,93139.3
EV000046,2028-09-06T12:00:00Z,366.583,56.497,28.688,86.96,37.166,300.38,95487.1
EV000467,2028-09-06T18:00:00Z,365.263,45.501,35.064,90.62,53.402,418.82,24692.1
EV000215,2028-09-07T00:00:00Z,351.984,50.456,27.85,48.94,49.919,377.93,87430.2
EV000356,2028-09-07T06:00:00Z,359.856,40.031,44.349,15.17,48.009,379.72,114629.1
EV000302,2028-09-07T12:00:00Z,361.663,40.723,30.883,42.83,50.261,413.58,86728.8
EV000008,2028-09-07T18:00:00Z,368.478,21.721,32.155,35.2,53.36,435.45,10088.1
EV000311,2028-09-08T00:00:00Z,358.433,39.615,32.139,87.46,50.68,406.1,67833.1
EV000343,2028-09-08T06:00:00Z,356.072,43.832,31.647,67.78,48.472,401.28,101307.4
EV000472,2028-09-08T12:00:00Z,370.47,32.107,45.1,54.17,52.607,432.19,26763.8
EV000341,2028-09-08T18:00:00Z,366.982,58.587,29.282,21.11,52.44,421.34,66211.4
EV000192,2028-09-09T00:00:00Z,358.496,33.113,28.747,68.14,37.808,309.28,133807.6
EV000399,2028-09-09T06:00:00Z,352.309,71.413,46.598,47.73,53.298,438.04,64624.9
EV000073,2028-09-09T12:00:00Z,371.15,51.448,27.765,66.93,36.731,287.93,112587.3
EV000099,2028-09-09T18:00:00Z,352.17,34.06,24.908,70.2,45.916,380.1,115387.4
EV000089,2028-09-10T00:00:00Z,370.133,39.866,29.008,24.18,38.74,296.28,50728.4
EV000089,2028-09-10T06:00:00Z,369.582,9.204,30.458,48.22,36.904,307.71,104715.2
EV000498,2028-09-10T12:00:00Z,372.458,43.953,31.346,35.81,52.879,441.53,23761.4
EV000348,2028-09-10T18:00:00Z,371.094,53.94,30.791,43.39,50.974,413.2,41877.9
EV000074,2028-09-11T00:00:00Z,365.371,62.44,33.684,44.37,51.673,405.25,91796.5
EV000220,2028-09-11T06:00:00Z,362.495,29.703,30.161,16.71,51.769,422.91,26238.2
EV000406,2028-09-11T12:00:00Z,362.454,34.353,47.247,44.49,44.195,333.84,135761.1
EV000268,2028-09-11T18:00:00Z,365.754,36.127,28.184,22.86,48.668,403.22,132499.9
EV000226,2028-09-12T00:00:00Z,361.336,33.672,29.491,92.12,52.059,418.84,34416.2
EV000492,2028-09-12T06:00:00Z,362.022,42.954,28.318,48.05,39.69,306.73,75323.1
EV000023,2028-09-12T12:00:00Z,371.937,39.517,36.987,69.85,49.469,390.82,81969.8
EV000217,2028-09-12T18:00:00Z,385.234,63.646,28.674,82.15,48.849,404.23,112419.2
EV000414,2028-09-13T00:00:00Z,364.49,19.031,48.41,59.79,49.641,400.08,39264.3
EV000069,2028-09-13T06:00:00Z,366.132,54.253,26.252,77.05,34.922,279.6,133264.1
EV000493,2028-09-13T12:00:00Z,362.014,41.396,27.595,57.98,42.099,340.44,21641.3
EV000107,2028-09-13T18:00:00Z,365.056,44.031,44.95,86.44,48.648,373.81,111847.3
EV000295,2028-09-14T00:00:00Z,356.997,63.461,34.226,29.81,39.933,309.33,40923.6
EV000493,2028-09-14T06:00:00Z,361.219,44.299,28.276,27.9,36.777,281.47,124767.6
EV000068,2028-09-14T12:00:00Z,376.303,25.63,28.711,18.79,54.626,448.73,28125.8
EV000015,2028-09-14T18:00:00Z,362.249,46.401,27.604,42.72,39.92,325.37,68263.6
EV000003,2028-09-15T00:00:00Z,365.049,51.142,27.877,94.69,43.192,329.0,23445.2
EV000438,2028-09-15T06:00:00Z,371.846,29.009,28.94,94.6,47.099,386.29,97670.0
EV000359,2028-09-15T12:00:00Z,362.246,19.184,33.819,18.04,50.385,393.56,59398.6
EV000145,2028-09-15T18:00:00Z,354.187,70.304,30.208,45.76,49.31,402.13,122545.9
EV000130,2028-09-16T00:00:00Z,367.001,23.78,24.869,78.02,36.338,308.79,135160.9
EV000391,2028-09-16T06:00:00Z,359.928,34.038,30.753,77.34,33.568,257.59,120324.8
EV000051,2028-09-16T12:00:00Z,369.469,66.381,47.131,56.71,51.028,428.99,43521.0
EV000244,2028-09-16T18:00:00Z,367.331,28.924,29.72,26.61,38.866,302.03,110455.1
EV000414,2028-09-17T00:00:00Z,359.53,55.126,52.416,25.92,48.698,389.1,72976.1
EV000268,2028-09-17T06:00:00Z,364.487,57.608,25.787,79.79,51.011,412.87,57895.6
EV000310,2028-09-17T12:00:00Z,356.773,37.019,28.536,81.38,49.055,395.34,56264.8
EV000022,2028-09-17T18:00:00Z,352.774,58.311,29.085,75.88,52.309,442.43,52002.3
EV000085,2028-09-18T00:00:00Z,353.724,41.486,25.965,27.95,53.626,434.04,32183.0
EV000307,2028-09-18T06:00:00Z,357.965,20.02,26.854,17.9,42.314,357.97,46625.6
EV000190,2028-09-18T12:00:00Z,368.678,23.409,26.754,68.69,49.07,399.7,112354.8
EV000353,2028-09-18T18:00:00Z,374.985,38.442,30.922,74.21,52.069,419.24,6552.7
EV000032,2028-09-19T00:00:00Z,361.629,55.631,26.095,29.69,45.915,360.04,119764.8
EV000161,2028-09-19T06:00:00Z,369.485,45.515,31.138,73.1,35.991,279.69,121535.9
EV000063,2028-09-19T12:00:00Z,358.035,37.467,27.389,55.93,35.247,277.22,128280.6
EV000103,2028-09-19T18:00:00Z,365.744,32.804,44.97,62.56,53.998,414.55,5387.8
EV000429,2028-09-20T00:00:00Z,368.335,52.8,22.459,35.57,44.989,364.24,138670.6
EV000350,2028-09-20T06:00:00Z,376.942,51.294,29.519,42.24,40.159,317.69,69344.6
EV000157,2028-09-20T12:00:00Z,381.038,26.722,27.557,62.92,37.977,300.87,120806.1
EV000115,2028-09-20T18:00:00Z,358.109,65.526,25.592,91.12,47.166,376.36,92774.5
EV000120,2028-09-21T00:00:00Z,379.647,50.703,32.973,17.73,40.566,329.34,31235.0
EV000344,2028-09-21T06:00:00Z,360.558,57.734,43.085,27.58,53.898,430.13,14080.4
EV000402,2028-09-21T12:00:00Z,359.535,51.442,27.246,18.33,50.754,391.59,81951.9
EV000226,2028-09-21T18:00:00Z,366.569,19.431,24.475,94.13,54.502,421.05,7567.1
EV000030,2028-09-22T00:00:00Z,362.403,42.594,25.66,33.17,47.764,383.05,124399.7
EV000257,2028-09-22T06:00:00Z,352.935,48.729,28.355,40.05,48.576,384.23,81532.6
EV000331,2028-09-22T12:00:00Z,368.772,59.29,20.529,78.69,46.174,389.3,125099.3
EV000017,2028-09-22T18:00:00Z,360.874,40.47,22.816,49.46,49.215,376.34,108040.0
EV000245,2028-09-23T00:00:00Z,357.745,27.165,29.165,51.71,49.067,388.22,124189.8
EV000205,2028-09-23T06:00:00Z,356.145,29.636,27.703,61.67,41.424,315.66,96071.9
EV000337,2028-09-23T12:00:00Z,364.123,17.766,32.079,76.54,49.25,408.47,120811.6
EV000114,2028-09-23T18:00:00Z,363.857,67.787,25.97,50.89,53.441,440.36,28292.3
EV000284,2028-09-24T00:00:00Z,364.806,50.62,48.294,29.23,49.459,395.57,76370.5
EV000007,2028-09-24T06:00:00Z,373.358,59.13,33.723,38.77,53.223,411.77,26960.3
EV000254,2028-09-24T12:00:00Z,369.082,57.584,30.193,56.94,52.596,433.98,12386.8
EV000253,2028-09-24T18:00:00Z,371.982,45.657,33.153,57.7,53.371,419.76,14368.8
EV000184,2028-09-25T00:00:00Z,362.679,48.058,29.606,42.36,53.031,416.66,55408.1
EV000013,2028-09-25T06:00:00Z,366.013,38.98,43.963,43.62,49.196,390.55,97414.1
EV000494,2028-09-25T12:00:00Z,351.71,24.769,44.034,82.41,52.083,424.76,59511.2
EV000151,2028-09-25T18:00:00Z,372.248,68.751,33.625,31.4,49.166,386.35,49983.1
EV000235,2028-09-26T00:00:00Z,369.327,38.95,33.215,45.21,36.492,303.14,126871.3
EV000051,2028-09-26T06:00:00Z,361.1,59.11,48.666,45.63,47.428,373.15,98467.9
EV000205,2028-09-26T12:00:00Z,377.101,43.968,31.776,21.4,43.002,329.25,19515.6
EV000336,2028-09-26T18:00:00Z,372.721,38.909,32.203,19.53,50.533,410.52,62181.1
EV000478,2028-09-27T00:00:00Z,376.053,29.799,30.78,89.33,49.655,397.05,87388.1
EV000043,2028-09-27T06:00:00Z,351.228,47.272,29.841,80.25,47.608,371.78,108675.2
EV000432,2028-09-27T12:00:00Z,360.198,35.068,33.963,84.12,51.888,395.44,55714.4
EV000410,2028-09-27T18:00:00Z,379.564,32.912,32.232,81.1,37.1,299.09,84376.9
EV000397,2028-09-28T00:00:00Z,365.042,69.202,31.449,92.53,46.305,356.26,85682.2
EV000225,2028-09-28T06:00:00Z,354.847,22.893,29.218,44.27,45.978,365.37,115221.4
EV000261,2028-09-28T12:00:00Z,360.109,38.758,29.577,23.57,55.675,450.87,25838.1
EV000233,2028-09-28T18:00:00Z,350.616,35.196,27.996,46.83,50.096,374.05,32811.4
EV000493,2028-09-29T00:00:00Z,364.538,67.189,28.981,58.47,43.557,352.65,9415.2
EV000398,2028-09-29T06:00:00Z,359.794,33.13,26.927,78.17,52.159,417.74,79532.8
EV000311,2028-09-29T12:00:00Z,352.821,19.761,38.244,33.27,52.118,413.89,39075.8
EV000037,2028-09-29T18:00:00Z,357.463,39.074,30.439,93.66,38.218,291.42,88973.7
EV000108,2028-09-30T00:00:00Z,366.756,40.477,24.234,50.25,44.984,354.28,127110.5
EV000190,2028-09-30T06:00:00Z,372.534,52.676,32.116,68.4,52.027,420.66,38113.5
EV000225,2028-09-30T12:00:00Z,368.106,33.629,26.497,46.7,45.887,372.28,134388.0
EV000125,2028-09-30T18:00:00Z,368.899,40.976,24.832,59.15,50.578,425.43,88345.6
EV000354,2028-10-01T00:00:00Z,362.831,33.693,24.685,30.36,47.742,408.04,105179.9
EV000242,2028-10-01T06:00:00Z,361.284,54.43,32.044,21.76,50.634,404.37,40841.0
EV000286,2028-10-01T12:00:00Z,365.092,46.471,21.056,53.87,48.393,390.38,110671.8
EV000416,2028-10-01T18:00:00Z,368.313,37.886,28.361,63.59,54.6,440.48,5871.8
EV000370,2028-10-02T00:00:00Z,373.48,64.956,21.589,22.11,48.365,395.47,125886.7
EV000402,2028-10-02T06:00:00Z,366.676,50.819,29.006,54.35,49.049,382.41,109376.6
EV000208,2028-10-02T12:00:00Z,364.178,40.891,36.586,64.21,52.929,436.49,39494.1
EV000123,2028-10-02T18:00:00Z,359.146,36.894,31.17,61.94,48.34,403.09,108470.9
EV000290,2028-10-03T00:00:00Z,363.11,43.181,30.135,37.63,37.559,293.11,139986.6
EV000266,2028-10-03T06:00:00Z,361.3,34.62,29.498,33.57,47.447,366.2,105188.7
EV000138,2028-10-03T12:00:00Z,363.104,35.805,29.197,53.77,55.094,449.62,11271.4
EV000388,2028-10-03T18:00:00Z,357.943,47.759,27.164,30.9,50.932,382.48,69111.8
EV000307,2028-10-04T00:00:00Z,360.1,18.839,24.831,40.3,34.773,287.66,139106.0
EV000266,2028-10-04T06:00:00Z,363.633,29.324,32.972,81.9,47.773,358.51,114852.8
EV000418,2028-10-04T12:00:00Z,363.128,57.073,26.789,63.53,35.939,294.42,109758.6
EV000352,2028-10-04T18:00:00Z,363.48,47.273,30.294,78.81,39.682,302.06,23716.1
EV000025,2028-10-05T00:00:00Z,378.41,46.576,26.542,91.94,50.152,415.75,74641.6
EV000084,2028-10-05T06:00:00Z,360.767,56.48,31.316,37.01,52.946,400.41,19893.6
EV000261,2028-10-05T12:00:00Z,369.991,33.996,31.373,52.48,46.956,384.46,116024.6
EV000310,2028-10-05T18:00:00Z,369.459,48.254,27.517,15.04,51.445,402.07,65156.0
EV000464,2028-10-06T00:00:00Z,372.89,40.437,23.418,34.58,36.392,291.52,122510.9
EV000097,2028-10-06T06:00:00Z,364.604,24.374,29.049,60.1,41.312,342.66,44393.9
EV000404,2028-10-06T12:00:00Z,354.132,42.749,29.218,28.57,51.751,415.0,32930.0
EV000203,2028-10-06T18:00:00Z,372.426,50.532,26.981,43.58,45.895,368.64,117394.9
EV000106,2028-10-07T00:00:00Z,370.535,62.15,27.267,78.48,50.684,417.99,14259.6
EV000149,2028-10-07T06:00:00Z,391.76,34.398,30.845,75.68,49.941,406.4,43380.1
EV000498,2028-10-07T12:00:00Z,370.703,44.932,24.602,90.77,51.049,403.44,72340.8
EV000167,2028-10-07T18:00:00Z,376.866,50.302,27.463,32.78,52.387,413.46,5419.7
EV000247,2028-10-08T00:00:00Z,355.634,38.763,33.656,92.69,38.772,297.1,102572.7
EV000310,2028-10-08T06:00:00Z,355.138,69.405,31.45,41.29,50.21,389.06,91665.7
EV000150,2028-10-08T12:00:00Z,377.439,19.809,29.541,44.63,46.158,376.27,133074.7
EV000478,2028-10-08T18:00:00Z,369.678,57.411,22.966,62.81,53.158,430.93,11242.7
EV000443,2028-10-09T00:00:00Z,368.207,91.925,32.998,57.54,37.659,288.16,79586.8
EV000463,2028-10-09T06:00:00Z,358.983,33.404,29.878,75.79,47.154,376.96,121993.1
EV000349,2028-10-09T12:00:00Z,357.734,23.718,25.954,52.73,50.554,403.37,83994.2
EV000189,2028-10-09T18:00:00Z,359.082,53.039,44.696,69.83,52.26,412.57,81125.0
EV000288,2028-10-10T00:00:00Z,362.477,40.971,29.013,63.06,50.627,393.66,63004.6
EV000111,2028-10-10T06:00:00Z,363.301,30.52,45.219,45.35,49.265,399.95,84251.6
EV000002,2028-10-10T12:00:00Z,354.399,19.178,45.121,55.68,53.052,424.09,34508.7
EV000312,2028-10-10T18:00:00Z,362.026,59.023,31.136,79.64,49.201,414.26,114211.6
EV000302,2028-10-11T00:00:00Z,364.183,30.594,26.151,34.3,49.62,388.12,113050.2
EV000368,2028-10-11T06:00:00Z,369.671,48.498,25.47,83.7,46.092,355.98,125404.9
EV000041,2028-10-11T12:00:00Z,367.522,39.553,46.302,36.9,47.1,398.1,128077.3
EV000334,2028-10-11T18:00:00Z,359.031,64.695,46.423,33.81,51.946,403.05,37057.1
EV000246,2028-10-12T00:00:00Z,368.136,52.839,28.656,40.4,50.865,423.76,98071.7
EV000225,2028-10-12T06:00:00Z,350.26,41.28,34.998,24.22,53.428,430.12,35813.6
EV000140,2028-10-12T12:00:00Z,363.347,52.792,41.768,59.56,51.933,397.52,57818.9
EV000295,2028-10-12T18:00:00Z,381.114,34.695,33.77,92.87,36.017,267.51,100719.2
EV000265,2028-10-13T00:00:00Z,352.629,30.086,46.8,69.21,49.546,411.48,50527.4
EV000493,2028-10-13T06:00:00Z,371.032,55.82,30.956,20.88,37.065,269.74,85452.5
EV000353,2028-10-13T12:00:00Z,364.897,33.265,30.191,54.74,48.261,377.86,88054.3
EV000038,2028-10-13T18:00:00Z,367.117,27.821,33.807,27.65,54.684,428.62,38967.9
EV000024,2028-10-14T00:00:00Z,368.1,42.555,28.046,16.53,51.338,406.29,46146.3
EV000410,2028-10-14T06:00:00Z,359.963,22.555,26.406,69.54,40.947,327.78,47354.9
EV000371,2028-10-14T12:00:00Z,371.596,63.85,32.648,48.47,52.313,408.43,34362.0
EV000129,2028-10-14T18:00:00Z,364.929,32.319,29.399,60.83,38.405,307.28,82466.8
EV000102,2028-10-15T00:00:00Z,364.554,44.574,34.861,50.84,53.494,425.85,32403.9
EV000309,2028-10-15T06:00:00Z,375.863,57.508,30.043,92.11,35.417,270.26,134790.6
EV000387,2028-10-15T12:00:00Z,378.82,39.552,28.456,46.69,48.656,373.39,61370.8
EV000460,2028-10-15T18:00:00Z,376.723,36.524,26.975,82.11,52.844,426.23,68265.1
EV000235,2028-10-16T00:00:00Z,363.863,72.237,29.259,20.29,36.599,274.04,120271.7
EV000440,2028-10-16T06:00:00Z,384.181,38.228,33.976,73.89,49.519,403.09,65537.4
EV000201,2028-10-16T12:00:00Z,365.946,47.726,27.55,63.88,39.885,325.22,29406.7
EV000023,2028-10-16T18:00:00Z,355.25,22.019,44.42,65.35,52.859,409.12,24231.0
EV000252,2028-10-17T00:00:00Z,363.712,60.591,26.935,33.9,48.872,389.2,92388.9
EV000458,2028-10-17T06:00:00Z,361.567,55.285,30.793,34.5,41.889,350.65,60639.5
EV000243,2028-10-17T12:00:00Z,368.86,20.609,25.835,70.87,49.376,393.81,118885.9
EV000242,2028-10-17T18:00:00Z,362.758,37.604,24.891,49.94,54.51,435.35,9529.3
EV000221,2028-10-18T00:00:00Z,369.167,63.98,30.915,48.81,54.47,433.02,31306.4
EV000023,2028-10-18T06:00:00Z,371.915,55.272,49.052,34.27,46.088,377.8,117145.1
EV000395,2028-10-18T12:00:00Z,349.508,33.202,44.807,56.95,47.549,362.87,87356.4
EV000100,2028-10-18T18:00:00Z,367.168,58.674,29.09,51.37,37.532,310.78,103712.3
EV000310,2028-10-19T00:00:00Z,370.782,60.132,31.743,23.19,51.91,423.1,51582.9
EV000261,2028-10-19T06:00:00Z,371.784,46.678,28.854,28.1,49.042,401.44,32694.5
EV000158,2028-10-19T12:00:00Z,370.983,36.052,28.801,45.88,53.712,432.64,71323.9
EV000070,2028-10-19T18:00:00Z,358.272,46.282,27.359,82.69,55.556,433.92,6260.8
EV000049,2028-10-20T00:00:00Z,364.349,26.44,29.354,38.65,34.068,259.11,137713.7
EV000087,2028-10-20T06:00:00Z,374.006,52.087,29.075,78.37,44.281,374.93,20901.0
EV000171,2028-10-20T12:00:00Z,356.154,56.63,26.884,70.71,47.93,377.91,124205.9
EV000432,2028-10-20T18:00:00Z,365.819,41.386,32.109,82.89,53.502,446.7,24426.6
EV000096,2028-10-21T00:00:00Z,382.092,28.125,51.637,93.85,53.257,421.23,36603.7
EV000075,2028-10-21T06:00:00Z,373.115,23.711,24.613,78.84,48.548,398.01,63536.9
EV000192,2028-10-21T12:00:00Z,362.053,26.872,27.988,53.55,41.071,313.32,56177.9
EV000419,2028-10-21T18:00:00Z,363.332,38.629,31.181,50.58,46.458,362.86,134027.1
EV000477,2028-10-22T00:00:00Z,361.424,37.671,28.555,50.68,49.82,389.33,73649.3
EV000263,2028-10-22T06:00:00Z,378.532,35.992,28.957,24.17,52.255,395.09,31661.9
EV000254,2028-10-22T12:00:00Z,360.954,41.878,31.575,82.95,48.173,347.73,128424.4
EV000079,2028-10-22T18:00:00Z,368.739,59.951,23.726,39.95,45.019,366.46,107235.7
EV000217,2028-10-23T00:00:00Z,354.652,61.712,28.558,37.56,47.622,370.17,96197.5
EV000419,2028-10-23T06:00:00Z,366.127,75.329,30.104,39.8,56.139,450.15,11148.9
EV000471,2028-10-23T12:00:00Z,371.771,36.047,29.818,45.88,52.982,405.29,24924.4
EV000098,2028-10-23T18:00:00Z,362.361,44.799,23.16,27.48,47.519,368.05,124897.9
EV000213,2028-10-24T00:00:00Z,357.722,46.024,28.37,79.04,56.814,479.89,7950.2
EV000040,2028-10-24T06:00:00Z,359.094,34.469,29.473,76.89,53.314,422.25,44838.6
EV000120,2028-10-24T12:00:00Z,374.641,61.77,31.585,68.34,40.339,317.23,45822.6
EV000483,2028-10-24T18:00:00Z,367.288,35.202,23.853,54.14,46.653,354.4,135625.7
EV000092,2028-10-25T00:00:00Z,354.181,59.229,26.548,16.14,52.992,437.13,29833.3
EV000212,2028-10-25T06:00:00Z,367.363,31.991,36.716,64.45,40.828,337.39,46924.0
EV000141,2028-10-25T12:00:00Z,377.755,39.956,51.944,45.54,49.025,391.43,99398.2
EV000388,2028-10-25T18:00:00Z,385.923,47.05,27.271,22.58,53.016,441.64,37096.3
EV000400,2028-10-26T00:00:00Z,372.338,55.577,49.95,86.06,50.519,419.95,39649.0
EV000328,2028-10-26T06:00:00Z,372.511,29.451,28.081,21.44,36.572,305.76,136598.2
EV000116,2028-10-26T12:00:00Z,367.771,62.659,32.898,40.4,50.652,393.97,101836.3
EV000363,2028-10-26T18:00:00Z,375.141,26.069,26.534,23.58,42.388,354.78,19661.3
EV000276,2028-10-27T00:00:00Z,372.816,14.264,28.129,94.58,35.804,271.9,106996.6
EV000174,2028-10-27T06:00:00Z,366.52,38.186,31.579,46.23,54.5,457.49,13913.2
EV000421,2028-10-27T12:00:00Z,356.84,48.608,27.003,32.11,52.478,441.46,17655.3
EV000110,2028-10-27T18:00:00Z,369.316,44.345,25.535,49.07,50.8,415.87,94190.7
EV000254,2028-10-28T00:00:00Z,365.938,48.746,26.75,47.67,51.349,405.93,60452.4
EV000245,2028-10-28T06:00:00Z,361.881,27.479,27.531,53.02,48.346,389.59,136642.2
EV000310,2028-10-28T12:00:00Z,365.451,22.733,27.293,77.84,48.437,372.72,95126.8
EV000295,2028-10-28T18:00:00Z,368.681,37.13,29.996,61.81,44.478,345.75,25804.0
EV000179,2028-10-29T00:00:00Z,371.378,61.035,30.113,36.73,38.688,302.37,62608.7
EV000376,2028-10-29T06:00:00Z,365.99,36.492,27.678,65.31,49.833,399.13,91076.8
EV000302,2028-10-29T12:00:00Z,363.496,41.668,31.15,31.92,51.566,401.58,83445.8
EV000320,2028-10-29T18:00:00Z,352.604,41.444,25.145,76.93,48.152,406.42,122845.8
EV000311,2028-10-30T00:00:00Z,367.399,58.348,32.64,56.95,49.973,388.14,119901.9
EV000254,2028-10-30T06:00:00Z,360.972,30.63,33.02,46.6,47.555,368.49,92922.7
EV000318,2028-10-30T12:00:00Z,372.993,20.086,29.708,66.57,39.405,333.48,64411.8
EV000480,2028-10-30T18:00:00Z,379.984,49.831,29.858,62.4,52.15,406.17,53447.4
EV000453,2028-10-31T00:00:00Z,366.74,61.905,23.98,41.49,50.79,412.54,56994.4
EV000173,2028-10-31T06:00:00Z,356.859,50.896,29.076,58.98,36.719,275.89,128964.7
EV000299,2028-10-31T12:00:00Z,361.812,63.42,29.39,51.48,39.437,305.4,26236.0
EV000048,2028-10-31T18:00:00Z,366.692,53.803,31.075,35.61,48.189,375.44,85814.8
EV000324,2028-11-01T00:00:00Z,379.892,29.551,52.455,81.02,52.321,419.48,58775.3
EV000493,2028-11-01T06:00:00Z,352.559,21.655,25.216,86.25,36.851,288.13,99061.1
EV000111,2028-11-01T12:00:00Z,357.867,27.397,43.57,67.64,50.606,392.13,24041.2
EV000342,2028-11-01T18:00:00Z,357.781,52.519,28.196,23.44,47.092,363.75,135022.5
EV000094,2028-11-02T00:00:00Z,364.11,56.964,26.24,75.25,32.9,266.98,127089.0
EV000321,2028-11-02T06:00:00Z,370.055,59.777,30.794,19.48,48.674,394.25,51755.0
EV000080,2028-11-02T12:00:00Z,362.755,2.256,27.216,71.64,52.539,426.87,33897.9
EV000054,2028-11-02T18:00:00Z,364.081,54.95,31.054,64.71,41.596,343.29,31785.9
EV000115,2028-11-03T00:00:00Z,372.406,36.397,25.497,80.03,48.154,387.77,117643.9
EV000393,2028-11-03T06:00:00Z,355.851,33.505,26.853,57.41,42.554,342.33,25087.1
EV000498,2028-11-03T12:00:00Z,362.409,38.057,33.465,61.86,52.798,420.19,42807.8
EV000294,2028-11-03T18:00:00Z,371.773,20.886,33.201,81.72,51.574,432.91,80920.5
EV000202,2028-11-04T00:00:00Z,378.684,58.013,47.274,42.82,48.269,395.42,112131.5
EV000273,2028-11-04T06:00:00Z,369.69,46.848,29.436,25.9,46.777,355.99,114035.7
EV000432,2028-11-04T12:00:00Z,347.963,34.97,28.474,93.25,48.511,392.37,105017.6
EV000281,2028-11-04T18:00:00Z,353.772,40.842,30.321,89.8,36.419,309.45,87285.7
EV000075,2028-11-05T00:00:00Z,366.311,36.482,28.653,43.15,47.715,376.66,55319.9
EV000146,2028-11-05T06:00:00Z,371.213,25.882,28.536,33.77,49.114,382.97,76564.6
EV000330,2028-11-05T12:00:00Z,367.165,50.034,30.244,82.68,39.984,338.06,92277.4
EV000159,2028-11-05T18:00:00Z,359.703,53.199,28.955,67.15,51.572,427.78,27126.2
EV000227,2028-11-06T00:00:00Z,359.57,46.253,32.892,70.4,35.338,265.59,116497.0
EV000286,2028-11-06T06:00:00Z,357.925,51.975,27.592,53.65,49.157,373.76,87828.6
EV000376,2028-11-06T12:00:00Z,371.879,57.283,26.464,61.59,54.039,422.26,22128.8
EV000145,2028-11-06T18:00:00Z,353.905,52.263,30.238,75.18,49.256,405.18,115527.1
EV000397,2028-11-07T00:00:00Z,370.927,39.832,27.224,49.35,52.132,449.26,79501.8
EV000417,2028-11-07T06:00:00Z,359.296,38.617,31.218,46.81,39.44,330.11,83372.5
EV000150,2028-11-07T12:00:00Z,356.899,49.976,28.052,32.52,52.717,441.66,7300.9
EV000382,2028-11-07T18:00:00Z,362.871,32.599,30.363,76.62,40.028,334.29,62760.4
EV000128,2028-11-08T00:00:00Z,371.463,47.834,29.051,37.68,41.286,317.08,54186.9
EV000008,2028-11-08T06:00:00Z,371.576,41.815,27.531,20.04,56.746,442.4,11794.5
EV000175,2028-11-08T12:00:00Z,357.233,53.105,31.417,94.53,57.314,449.14,20131.1
EV000090,2028-11-08T18:00:00Z,359.526,38.463,23.659,68.42,46.951,370.09,128358.7
EV000282,2028-11-09T00:00:00Z,366.247,37.777,29.054,20.75,52.175,427.86,61974.5
EV000475,2028-11-09T06:00:00Z,371.963,39.68,28.292,17.49,51.468,414.46,54541.0
EV000210,2028-11-09T12:00:00Z,369.366,43.391,31.905,15.92,50.073,398.78,95920.9
EV000021,2028-11-09T18:00:00Z,365.374,61.304,28.435,64.38,36.803,291.43,111688.4
EV000355,2028-11-10T00:00:00Z,361.114,36.368,33.048,39.5,51.263,394.02,61481.3
EV000410,2028-11-10T06:00:00Z,358.135,30.116,30.032,78.99,33.072,253.78,134601.3
EV000015,2028-11-10T12:00:00Z,370.872,55.087,25.264,94.55,41.424,320.18,22737.0
EV000299,2028-11-10T18:00:00Z,369.406,57.305,29.41,16.55,39.854,304.84,65057.0
EV000438,2028-11-11T00:00:00Z,362.619,44.098,26.677,15.89,45.156,369.29,124619.0
EV000458,2028-11-11T06:00:00Z,356.466,26.778,32.152,23.1,35.05,283.69,82139.7
EV000368,2028-11-11T12:00:00Z,371.618,48.412,28.277,26.81,48.398,391.71,100818.6
EV000241,2028-11-11T18:00:00Z,366.083,45.043,25.299,40.1,42.817,351.5,11416.0
EV000431,2028-11-12T00:00:00Z,362.028,54.483,49.11,21.96,47.731,382.91,127274.4
EV000053,2028-11-12T06:00:00Z,372.972,26.451,29.374,40.19,55.359,430.38,7494.3
EV000308,2028-11-12T12:00:00Z,372.286,50.669,30.376,26.06,49.951,411.65,110177.3
EV000239,2028-11-12T18:00:00Z,365.312,60.676,25.082,66.25,49.382,406.0,38492.8
EV000115,2028-11-13T00:00:00Z,375.523,44.532,34.769,53.51,52.402,418.69,48150.7
EV000378,2028-11-13T06:00:00Z,370.512,43.985,29.485,82.8,51.62,413.33,43749.1
EV000284,2028-11-13T12:00:00Z,376.996,34.971,50.51,79.09,53.489,416.59,10551.8
EV000082,2028-11-13T18:00:00Z,370.48,51.748,43.518,38.09,48.685,389.48,108970.4
EV000025,2028-11-14T00:00:00Z,383.042,52.454,26.758,25.82,51.557,430.1,21799.9
EV000150,2028-11-14T06:00:00Z,367.012,61.788,24.658,69.95,51.109,400.61,73424.1
EV000177,2028-11-14T12:00:00Z,365.067,43.172,33.639,15.94,48.727,415.22,133084.6
EV000152,2028-11-14T18:00:00Z,367.27,44.366,31.228,18.59,49.358,376.15,82203.2
EV000490,2028-11-15T00:00:00Z,363.012,45.994,30.606,60.95,53.907,436.76,60826.6
EV000447,2028-11-15T06:00:00Z,364.404,25.498,24.977,23.89,38.063,319.03,52876.2
EV000345,2028-11-15T12:00:00Z,362.076,53.119,35.536,45.18,41.096,347.41,22470.1
EV000162,2028-11-15T18:00:00Z,358.312,50.576,29.943,90.66,51.301,390.05,74052.6
EV000283,2028-11-16T00:00:00Z,367.956,49.55,24.55,47.32,50.488,407.98,83945.2
EV000013,2028-11-16T06:00:00Z,362.761,49.248,45.634,80.68,52.937,432.18,8160.6
EV000221,2028-11-16T12:00:00Z,370.377,36.193,26.521,18.09,51.706,414.55,34207.9
EV000444,2028-11-16T18:00:00Z,359.555,35.355,31.194,50.79,42.129,339.2,44027.0
EV000001,2028-11-17T00:00:00Z,364.652,27.78,29.244,38.82,45.408,372.63,103542.3
EV000486,2028-11-17T06:00:00Z,380.655,41.578,35.756,57.86,51.93,429.04,52015.3
EV000325,2028-11-17T12:00:00Z,359.649,37.979,25.637,41.74,40.56,332.98,65074.3
EV000368,2028-11-17T18:00:00Z,369.85,39.451,30.46,49.33,48.156,376.46,50560.1
EV000051,2028-11-18T00:00:00Z,376.509,30.655,47.326,20.85,49.119,395.77,97910.8
EV000063,2028-11-18T06:00:00Z,373.283,39.866,31.073,15.79,42.159,358.0,42661.4
EV000367,2028-11-18T12:00:00Z,350.964,42.306,30.873,68.53,45.254,364.17,127112.3
EV000299,2028-11-18T18:00:00Z,370.224,63.857,29.028,33.48,42.247,349.73,8422.1
EV000075,2028-11-19T00:00:00Z,372.605,42.943,31.689,49.64,47.289,377.4,86226.2
EV000449,2028-11-19T06:00:00Z,371.55,75.925,49.472,43.51,45.177,373.35,121300.9
EV000199,2028-11-19T12:00:00Z,360.725,14.038,26.867,29.8,49.515,398.78,84872.3
EV000390,2028-11-19T18:00:00Z,365.559,51.433,33.127,78.42,46.716,392.0,137384.4
EV000148,2028-11-20T00:00:00Z,370.327,47.557,28.441,87.94,46.499,351.38,106074.4
EV000433,2028-11-20T06:00:00Z,356.142,24.316,24.226,54.02,47.867,381.72,82146.4
EV000090,2028-11-20T12:00:00Z,366.491,62.423,27.667,20.64,54.329,432.69,6083.7
EV000190,2028-11-20T18:00:00Z,363.528,37.001,23.34,45.23,52.677,433.77,53699.5
EV000416,2028-11-21T00:00:00Z,355.806,51.035,29.337,38.6,50.375,405.2,15858.0
EV000497,2028-11-21T06:00:00Z,371.016,57.745,25.565,18.13,35.974,297.43,127458.8
EV000293,2028-11-21T12:00:00Z,355.058,41.582,30.792,93.02,47.246,361.37,121349.7
EV000056,2028-11-21T18:00:00Z,351.842,71.551,45.886,22.79,51.897,410.29,46113.1
EV000291,2028-11-22T00:00:00Z,367.699,44.303,27.914,46.12,50.415,396.3,74365.9
EV000256,2028-11-22T06:00:00Z,369.636,36.414,29.995,18.43,43.521,372.66,21943.6
EV000238,2028-11-22T12:00:00Z,354.922,29.608,52.724,43.22,52.275,404.48,63300.9
EV000458,2028-11-22T18:00:00Z,378.055,50.237,28.64,22.58,37.859,301.07,115773.4
EV000284,2028-11-23T00:00:00Z,350.415,17.382,48.052,33.21,47.913,376.44,114414.0
EV000412,2028-11-23T06:00:00Z,362.886,32.312,30.294,94.62,52.63,435.86,8046.0
EV000287,2028-11-23T12:00:00Z,351.955,35.934,26.075,32.44,40.506,331.77,17944.5
EV000250,2028-11-23T18:00:00Z,364.166,36.881,27.393,74.65,52.022,412.13,60467.2
EV000055,2028-11-24T00:00:00Z,371.336,33.708,21.98,60.24,40.675,318.97,60081.0
EV000267,2028-11-24T06:00:00Z,369.993,33.251,34.135,36.4,42.715,362.11,50408.5
EV000061,2028-11-24T12:00:00Z,362.813,34.679,25.509,68.97,39.737,313.74,48344.8
EV000282,2028-11-24T18:00:00Z,360.721,31.175,32.373,72.75,50.971,387.68,71525.7
EV000058,2028-11-25T00:00:00Z,370.491,47.747,33.161,90.34,45.125,345.66,117686.0
EV000302,2028-11-25T06:00:00Z,365.572,37.468,28.716,88.06,52.796,418.09,56323.6
EV000353,2028-11-25T12:00:00Z,369.994,34.582,32.116,82.86,53.427,431.09,35980.6
EV000039,2028-11-25T18:00:00Z,360.902,50.797,31.406,92.04,46.339,399.31,121353.5
EV000190,2028-11-26T00:00:00Z,370.031,42.838,32.686,61.82,47.968,389.85,124137.9
EV000295,2028-11-26T06:00:00Z,372.179,50.87,24.552,33.75,36.437,285.92,139191.2
EV000133,2028-11-26T12:00:00Z,369.516,27.954,27.157,32.17,43.938,364.97,28086.3
EV000338,2028-11-26T18:00:00Z,360.878,45.67,25.964,43.43,37.948,307.31,86757.2
EV000195,2028-11-27T00:00:00Z,379.578,27.06,45.688,35.58,52.087,411.27,26963.4
EV000370,2028-11-27T06:00:00Z,369.68,30.018,29.734,64.59,46.983,385.61,127152.2
EV000279,2028-11-27T12:00:00Z,352.301,61.574,27.471,26.84,50.309,415.43,68572.8
EV000101,2028-11-27T18:00:00Z,379.546,67.32,30.946,79.45,39.527,301.07,133336.4
EV000283,2028-11-28T00:00:00Z,363.2,21.287,27.997,17.37,50.334,398.17,76389.9
EV000224,2028-11-28T06:00:00Z,367.956,56.829,26.538,35.74,37.642,303.72,83751.3
EV000077,2028-11-28T12:00:00Z,373.816,42.602,32.373,92.89,48.381,371.08,118531.0
EV000246,2028-11-28T18:00:00Z,363.39,51.06,26.297,47.59,52.761,416.05,11446.8
EV000449,2028-11-29T00:00:00Z,357.498,39.74,49.554,43.43,55.977,452.73,7747.5
EV000355,2028-11-29T06:00:00Z,358.319,46.58,28.934,72.83,48.47,392.78,91963.6
EV000130,2028-11-29T12:00:00Z,358.062,53.399,25.498,32.24,38.601,323.07,82321.3
EV000175,2028-11-29T18:00:00Z,380.992,48.885,29.683,17.38,48.315,386.7,84266.8
EV000365,2028-11-30T00:00:00Z,355.219,35.934,24.521,18.08,51.261,400.27,33611.6
EV000441,2028-11-30T06:00:00Z,373.335,48.219,48.008,70.83,48.891,402.67,126788.6
EV000341,2028-11-30T12:00:00Z,372.477,36.006,35.159,89.43,50.495,394.13,83157.6
EV000270,2028-11-30T18:00:00Z,362.955,43.399,28.689,51.58,40.914,331.83,59404.4
EV000208,2028-12-01T00:00:00Z,349.381,37.533,29.667,50.02,45.393,354.12,116106.5
EV000266,2028-12-01T06:00:00Z,356.23,45.471,26.47,84.15,48.554,374.74,63968.3
EV000465,2028-12-01T12:00:00Z,354.556,44.543,35.498,46.9,52.673,413.98,65051.5
EV000015,2028-12-01T18:00:00Z,365.73,43.159,29.524,44.61,39.429,322.56,79739.6
EV000215,2028-12-02T00:00:00Z,351.922,51.564,30.76,90.93,53.93,450.33,41214.1
EV000410,2028-12-02T06:00:00Z,364.496,44.43,27.148,40.12,34.987,282.58,120965.7
EV000298,2028-12-02T12:00:00Z,350.053,62.336,30.809,26.04,49.086,374.57,51870.4
EV000213,2028-12-02T18:00:00Z,362.388,56.395,27.009,93.85,51.168,422.21,71015.0
EV000246,2028-12-03T00:00:00Z,364.162,41.352,26.649,53.77,46.407,366.87,132270.4
EV000078,2028-12-03T06:00:00Z,365.723,45.239,26.462,85.35,48.958,395.61,92957.2
EV000239,2028-12-03T12:00:00Z,360.628,54.998,31.757,67.46,49.556,390.32,67948.8
EV000100,2028-12-03T18:00:00Z,355.069,27.534,31.511,63.54,41.287,343.3,17397.0
EV000229,2028-12-04T00:00:00Z,367.298,47.362,25.849,93.84,42.852,332.65,52360.4
EV000352,2028-12-04T06:00:00Z,366.445,19.871,27.285,73.67,34.76,282.56,132149.9
EV000103,2028-12-04T12:00:00Z,363.893,40.228,48.512,89.19,47.652,360.77,84612.1
EV000278,2028-12-04T18:00:00Z,359.234,70.511,31.332,75.31,53.473,427.69,26875.8
EV000387,2028-12-05T00:00:00Z,356.165,48.583,24.857,78.25,54.67,452.09,14637.0
EV000465,2028-12-05T06:00:00Z,370.931,20.448,30.697,58.19,49.715,371.88,90589.2
EV000459,2028-12-05T12:00:00Z,375.171,36.849,24.879,86.61,56.059,477.91,21453.2
EV000112,2028-12-05T18:00:00Z,367.591,26.627,36.895,58.79,49.692,404.48,128126.7
EV000354,2028-12-06T00:00:00Z,362.095,33.493,28.101,38.77,49.931,402.3,106693.2
EV000446,2028-12-06T06:00:00Z,352.643,51.911,29.683,91.44,49.057,412.25,116997.1
EV000141,2028-12-06T12:00:00Z,370.404,26.514,50.648,24.72,48.056,396.2,119655.5
EV000152,2028-12-06T18:00:00Z,372.34,55.026,25.335,90.89,45.474,360.14,90651.2
EV000067,2028-12-07T00:00:00Z,364.877,34.862,27.6,48.35,47.295,394.53,89945.8
EV000401,2028-12-07T06:00:00Z,357.05,47.83,27.528,23.68,49.038,394.66,101509.7
EV000439,2028-12-07T12:00:00Z,353.781,45.36,30.107,90.96,51.356,417.69,39408.9
EV000046,2028-12-07T18:00:00Z,375.341,52.993,24.595,83.88,34.951,270.48,134832.9
EV000242,2028-12-08T00:00:00Z,350.317,52.337,29.311,76.35,51.014,432.53,39693.4
EV000337,2028-12-08T06:00:00Z,360.452,24.506,30.903,90.16,46.32,354.96,87934.4
EV000439,2028-12-08T12:00:00Z,381.276,49.268,26.276,35.06,52.264,412.93,26742.2
EV000270,2028-12-08T18:00:00Z,346.251,34.679,32.005,83.36,37.312,300.26,63607.3
EV000463,2028-12-09T00:00:00Z,358.367,48.852,27.963,54.78,52.385,409.38,32711.1
EV000155,2028-12-09T06:00:00Z,357.227,55.085,44.285,94.5,47.528,398.93,107657.6
EV000375,2028-12-09T12:00:00Z,366.641,48.972,29.704,91.77,52.272,428.18,62323.5
EV000445,2028-12-09T18:00:00Z,365.669,33.038,26.98,56.57,49.759,375.02,57560.4
EV000331,2028-12-10T00:00:00Z,367.445,50.345,21.982,22.57,51.11,394.98,44519.8
EV000219,2028-12-10T06:00:00Z,366.944,64.462,32.195,53.19,37.823,296.13,69103.3
EV000137,2028-12-10T12:00:00Z,361.311,29.603,45.468,57.49,50.624,399.69,83217.9
EV000479,2028-12-10T18:00:00Z,346.743,51.961,28.488,47.31,49.007,378.7,115656.1
EV000198,2028-12-11T00:00:00Z,361.326,39.166,27.995,52.71,46.553,369.13,138842.9
EV000138,2028-12-11T06:00:00Z,376.252,68.511,27.065,57.46,52.02,422.2,10438.4
EV000362,2028-12-11T12:00:00Z,364.425,34.945,31.268,21.8,50.592,401.38,90493.1
EV000021,2028-12-11T18:00:00Z,369.156,50.654,31.613,54.79,37.84,288.7,33033.8
EV000185,2028-12-12T00:00:00Z,375.545,51.474,26.052,29.27,52.097,421.97,10929.8
EV000363,2028-12-12T06:00:00Z,370.035,44.184,30.332,17.98,37.611,302.79,52544.2
EV000073,2028-12-12T12:00:00Z,358.412,59.648,30.995,18.89,34.966,290.16,110901.9
EV000159,2028-12-12T18:00:00Z,353.273,31.874,26.432,56.31,46.66,380.61,108083.7
EV000042,2028-12-13T00:00:00Z,363.071,50.578,31.88,40.54,53.185,438.44,33241.2
EV000259,2028-12-13T06:00:00Z,372.191,32.69,26.786,35.95,54.726,440.85,19256.2
EV000048,2028-12-13T12:00:00Z,367.88,43.434,33.037,50.3,47.504,371.6,124236.2
EV000095,2028-12-13T18:00:00Z,360.509,42.239,45.538,37.74,49.673,401.02,63745.0
EV000178,2028-12-14T00:00:00Z,350.304,32.337,28.014,74.15,51.516,415.11,55504.0
EV000392,2028-12-14T06:00:00Z,373.705,42.428,27.854,91.72,55.758,457.98,5189.3
EV000065,2028-12-14T12:00:00Z,367.271,64.318,28.593,17.44,54.648,424.69,8247.2
EV000230,2028-12-14T18:00:00Z,357.311,42.682,28.031,39.42,48.432,382.16,66715.8
EV000183,2028-12-15T00:00:00Z,364.974,26.31,25.012,56.99,50.571,398.74,49334.3
EV000251,2028-12-15T06:00:00Z,374.887,31.09,35.209,58.34,47.634,394.13,101764.6
EV000160,2028-12-15T12:00:00Z,369.941,32.215,29.286,29.61,40.206,316.52,64198.4
EV000403,2028-12-15T18:00:00Z,352.681,43.278,28.43,18.24,50.412,386.71,60177.3
EV000175,2028-12-16T00:00:00Z,354.316,43.896,24.647,92.61,48.888,409.72,71620.6
EV000486,2028-12-16T06:00:00Z,352.741,58.516,24.777,63.44,51.107,403.66,18426.9
EV000474,2028-12-16T12:00:00Z,360.986,31.859,26.968,63.8,55.36,424.17,18075.5
EV000048,2028-12-16T18:00:00Z,371.957,22.341,32.267,81.9,52.834,408.15,53068.3
EV000470,2028-12-17T00:00:00Z,367.941,51.316,26.903,80.12,54.053,454.86,7470.0
EV000117,2028-12-17T06:00:00Z,385.487,46.468,31.256,45.82,56.119,459.85,6887.0
EV000219,2028-12-17T12:00:00Z,363.796,32.243,28.836,72.7,32.934,270.04,98831.0
EV000438,2028-12-17T18:00:00Z,368.228,52.474,34.834,61.38,54.304,438.19,26630.2
EV000188,2028-12-18T00:00:00Z,377.777,42.217,31.167,23.38,52.225,398.96,44434.9
EV000296,2028-12-18T06:00:00Z,359.375,33.252,27.384,28.45,35.875,279.94,92257.1
EV000210,2028-12-18T12:00:00Z,378.376,48.298,29.108,24.06,48.521,383.26,105725.9
EV000346,2028-12-18T18:00:00Z,357.151,68.282,23.506,85.73,36.773,299.48,102107.0
EV000386,2028-12-19T00:00:00Z,373.138,39.096,31.816,30.08,45.619,350.24,139674.2
EV000272,2028-12-19T06:00:00Z,372.154,52.288,28.33,22.57,47.566,362.58,131315.8
EV000318,2028-12-19T12:00:00Z,355.095,41.365,24.347,89.57,44.659,351.24,24819.3
EV000156,2028-12-19T18:00:00Z,359.443,38.654,28.391,54.68,46.965,369.04,127220.9
EV000246,2028-12-20T00:00:00Z,359.147,61.642,23.926,90.11,50.123,385.77,105738.5
EV000364,2028-12-20T06:00:00Z,360.217,23.849,27.661,75.52,39.155,312.59,43767.9
EV000076,2028-12-20T12:00:00Z,381.651,36.409,46.507,18.86,49.13,406.64,87380.9
EV000346,2028-12-20T18:00:00Z,364.475,34.962,29.842,60.11,35.017,271.88,122269.0
EV000099,2028-12-21T00:00:00Z,368.91,44.696,26.747,64.79,52.757,416.96,63598.7
EV000334,2028-12-21T06:00:00Z,352.563,49.194,47.153,69.27,52.538,412.51,55372.3
EV000180,2028-12-21T12:00:00Z,346.252,51.637,30.662,43.96,47.679,358.44,129450.1
EV000219,2028-12-21T18:00:00Z,369.723,29.029,28.64,89.44,39.887,326.66,29817.0
EV000417,2028-12-22T00:00:00Z,383.487,51.034,33.44,94.99,35.047,300.28,81471.9
EV000155,2028-12-22T06:00:00Z,367.866,36.672,47.781,72.82,49.818,421.32,71608.6
EV000426,2028-12-22T12:00:00Z,367.737,24.257,30.035,32.9,48.519,368.21,128894.6
EV000318,2028-12-22T18:00:00Z,364.56,53.438,31.659,40.23,41.865,313.64,15812.0
EV000074,2028-12-23T00:00:00Z,369.303,33.782,37.5,63.27,48.449,369.55,132942.1
EV000339,2028-12-23T06:00:00Z,361.415,40.664,33.087,41.18,50.932,404.03,50104.1
EV000394,2028-12-23T12:00:00Z,366.344,38.345,28.477,56.2,51.02,376.39,54675.6
EV000450,2028-12-23T18:00:00Z,349.449,15.0,41.218,49.07,45.434,379.85,135685.3
EV000364,2028-12-24T00:00:00Z,367.756,29.116,32.691,37.45,36.657,301.21,106814.6
EV000095,2028-12-24T06:00:00Z,357.018,56.374,45.334,25.69,47.12,389.1,97337.6
EV000445,2028-12-24T12:00:00Z,364.378,19.731,32.292,86.43,50.298,400.52,94397.9
EV000364,2028-12-24T18:00:00Z,363.545,47.067,22.731,47.57,41.486,313.35,11557.6
EV000129,2028-12-25T00:00:00Z,361.292,27.954,28.894,18.19,38.201,298.8,66122.3
EV000137,2028-12-25T06:00:00Z,370.99,63.114,43.769,53.12,52.486,415.01,9855.2
EV000144,2028-12-25T12:00:00Z,369.35,20.977,25.974,42.26,45.555,390.72,133916.0
EV000224,2028-12-25T18:00:00Z,356.833,39.336,34.527,84.98,38.995,291.73,102667.0
EV000014,2028-12-26T00:00:00Z,372.991,43.442,27.328,16.31,42.221,337.94,68187.9
EV000169,2028-12-26T06:00:00Z,353.288,18.009,31.205,72.94,55.303,433.73,9909.5
EV000180,2028-12-26T12:00:00Z,368.887,41.483,29.74,31.28,51.491,439.62,61364.8
EV000470,2028-12-26T18:00:00Z,369.09,34.056,28.827,65.8,53.741,413.7,6823.3
EV000279,2028-12-27T00:00:00Z,370.246,37.807,28.268,35.17,52.442,408.81,25612.6
EV000152,2028-12-27T06:00:00Z,356.821,24.863,27.146,78.87,58.85,482.16,6579.2
EV000116,2028-12-27T12:00:00Z,374.437,53.857,25.282,81.38,53.795,416.63,18717.6
EV000137,2028-12-27T18:00:00Z,369.511,49.248,42.985,83.8,54.931,419.3,29994.9
EV000240,2028-12-28T00:00:00Z,371.759,59.626,31.542,80.76,49.376,394.01,96729.1
EV000190,2028-12-28T06:00:00Z,362.342,45.029,32.942,33.55,50.708,444.73,21868.1
EV000067,2028-12-28T12:00:00Z,355.288,45.873,28.163,73.55,50.809,408.3,45439.1
EV000142,2028-12-28T18:00:00Z,353.85,40.279,27.697,36.1,50.904,413.43,73767.0
EV000492,2028-12-29T00:00:00Z,371.555,36.955,28.218,93.52,36.278,286.82,102443.8
EV000323,2028-12-29T06:00:00Z,363.934,54.317,28.611,75.41,50.647,417.32,53387.9
EV000166,2028-12-29T12:00:00Z,372.99,38.267,28.743,26.61,46.579,382.36,105750.4
EV000458,2028-12-29T18:00:00Z,381.012,45.667,29.804,76.82,37.171,285.28,118315.0
EV000123,2028-12-30T00:00:00Z,368.974,43.932,31.803,79.16,47.588,368.15,123699.6
EV000377,2028-12-30T06:00:00Z,364.327,30.465,34.999,19.3,46.958,367.94,105745.7
EV000316,2028-12-30T12:00:00Z,380.048,12.549,25.747,78.77,50.109,398.22,61944.3
EV000440,2028-12-30T18:00:00Z,363.964,38.529,30.528,20.58,46.475,347.09,133432.1
EV000208,2028-12-31T00:00:00Z,355.903,29.356,33.925,81.54,52.694,416.74,25871.8
EV000076,2028-12-31T06:00:00Z,374.033,53.563,45.074,56.11,45.848,379.81,116701.0
EV000214,2028-12-31T12:00:00Z,375.897,58.379,23.29,84.21,45.153,366.46,131674.8
EV000201,2028-12-31T18:00:00Z,363.183,39.394,27.341,23.12,39.1,326.56,67133.1
EV000433,2029-01-01T00:00:00Z,373.643,62.384,25.647,58.68,50.517,391.12,59360.1
EV000112,2029-01-01T06:00:00Z,348.382,39.103,28.663,31.8,47.917,385.18,101704.7
EV000487,2029-01-01T12:00:00Z,370.015,39.143,25.933,79.33,50.088,426.32,38191.6
EV000397,2029-01-01T18:00:00Z,367.957,53.051,26.434,90.71,48.875,360.32,118308.1
EV000317,2029-01-02T00:00:00Z,372.209,44.289,28.128,89.23,53.866,432.56,19147.0
EV000147,2029-01-02T06:00:00Z,366.901,59.657,26.754,40.95,53.883,420.19,21326.9
EV000158,2029-01-02T12:00:00Z,378.776,31.63,27.052,85.94,52.313,420.36,65327.3
EV000105,2029-01-02T18:00:00Z,356.894,17.272,32.77,18.15,34.781,264.76,125557.2
EV000092,2029-01-03T00:00:00Z,353.498,38.602,26.839,49.07,55.328,454.61,15032.6
EV000243,2029-01-03T06:00:00Z,378.732,71.045,27.348,20.01,45.49,383.42,138980.2
EV000288,2029-01-03T12:00:00Z,365.295,34.942,24.394,31.47,52.564,416.38,10019.1
EV000403,2029-01-03T18:00:00Z,360.491,41.699,24.451,63.81,47.201,393.48,127528.8
EV000344,2029-01-04T00:00:00Z,355.852,26.291,44.014,39.65,52.216,402.82,55703.2
EV000037,2029-01-04T06:00:00Z,349.136,52.826,27.742,53.81,37.685,308.97,83081.3
EV000495,2029-01-04T12:00:00Z,363.923,22.643,28.091,54.66,49.463,386.59,82768.6
EV000164,2029-01-04T18:00:00Z,364.289,43.887,28.207,26.42,38.252,287.63,70826.1
EV000114,2029-01-05T00:00:00Z,365.836,47.541,28.409,44.66,50.967,388.16,91783.4
EV000171,2029-01-05T06:00:00Z,364.504,42.957,28.903,84.0,49.244,400.77,135338.2
EV000029,2029-01-05T12:00:00Z,363.479,42.452,28.442,73.77,48.324,401.61,119292.5
EV000082,2029-01-05T18:00:00Z,374.52,65.839,48.915,16.11,47.73,362.97,125516.8
EV000067,2029-01-06T00:00:00Z,348.356,54.421,28.062,74.32,50.736,409.18,9490.3
EV000136,2029-01-06T06:00:00Z,362.762,67.433,44.309,83.42,50.44,412.68,90024.5
EV000375,2029-01-06T12:00:00Z,359.27,51.069,33.322,79.44,43.761,345.9,123633.2
EV000189,2029-01-06T18:00:00Z,370.366,17.387,44.593,75.02,47.747,380.17,86267.1
EV000358,2029-01-07T00:00:00Z,381.996,52.822,27.027,29.6,36.545,298.1,86817.7
EV000473,2029-01-07T06:00:00Z,364.967,45.06,27.56,57.68,52.183,404.81,51888.0
EV000476,2029-01-07T12:00:00Z,351.343,39.08,32.874,44.45,52.708,431.6,25558.0
EV000407,2029-01-07T18:00:00Z,368.343,19.743,25.041,42.48,50.46,402.79,46951.3
EV000375,2029-01-08T00:00:00Z,368.224,28.515,33.773,80.53,52.962,412.62,61215.9
EV000284,2029-01-08T06:00:00Z,374.121,7.681,48.485,18.62,50.43,399.32,47608.0
EV000023,2029-01-08T12:00:00Z,365.614,41.56,38.925,84.37,45.761,362.02,138601.9
EV000453,2029-01-08T18:00:00Z,367.301,52.914,32.587,81.76,45.94,358.04,104192.8
EV000197,2029-01-09T00:00:00Z,357.374,32.874,29.985,77.55,47.604,384.06,90900.7
EV000270,2029-01-09T06:00:00Z,350.315,55.394,25.896,78.3,37.994,329.77,112208.1
EV000221,2029-01-09T12:00:00Z,356.271,39.778,27.86,25.98,48.51,410.95,57201.0
EV000231,2029-01-09T18:00:00Z,360.613,36.737,27.631,35.81,51.03,423.31,70351.2
EV000418,2029-01-10T00:00:00Z,365.503,49.741,28.962,86.83,37.137,331.0,104933.6
EV000428,2029-01-10T06:00:00Z,355.265,51.387,29.878,34.19,53.456,433.5,33235.0
EV000072,2029-01-10T12:00:00Z,368.6,60.295,31.635,54.85,48.46,383.02,72170.4
EV000452,2029-01-10T18:00:00Z,369.201,32.987,29.175,18.89,48.168,413.93,89027.1
EV000376,2029-01-11T00:00:00Z,362.422,52.956,24.509,84.9,46.716,356.55,127705.5
EV000278,2029-01-11T06:00:00Z,381.785,55.931,28.983,57.8,49.886,373.39,82832.4
EV000058,2029-01-11T12:00:00Z,354.866,46.934,27.171,79.12,52.614,418.6,41729.9
EV000094,2029-01-11T18:00:00Z,374.997,22.679,28.68,89.49,38.518,298.43,44534.9
EV000435,2029-01-12T00:00:00Z,357.843,30.371,28.297,41.1,53.429,434.61,56370.2
EV000287,2029-01-12T06:00:00Z,361.563,24.322,30.89,92.25,36.884,306.69,103397.0
EV000152,2029-01-12T12:00:00Z,367.656,33.457,28.055,28.11,51.681,417.67,41597.1
EV000034,2029-01-12T18:00:00Z,349.473,47.026,43.867,47.72,51.177,420.72,111019.5
EV000009,2029-01-13T00:00:00Z,365.901,40.232,47.753,29.65,51.616,396.62,41053.0
EV000498,2029-01-13T06:00:00Z,362.609,48.299,27.078,57.99,49.248,417.33,72868.2
EV000472,2029-01-13T12:00:00Z,362.702,33.809,39.181,52.74,50.284,406.34,96017.6
EV000204,2029-01-13T18:00:00Z,357.123,69.202,27.563,91.99,40.199,352.38,25118.6
EV000312,2029-01-14T00:00:00Z,358.285,17.865,30.037,34.3,51.971,415.97,46590.5
EV000325,2029-01-14T06:00:00Z,367.187,62.01,29.699,73.47,40.157,326.81,57382.9
EV000025,2029-01-14T12:00:00Z,379.841,54.063,33.074,83.18,46.702,365.29,100097.1
EV000141,2029-01-14T18:00:00Z,368.793,41.595,50.808,59.44,52.117,417.09,67662.5
EV000228,2029-01-15T00:00:00Z,362.16,43.508,31.221,60.54,49.651,384.11,65186.2
EV000249,2029-01-15T06:00:00Z,379.81,37.413,27.078,26.55,49.468,405.68,72940.2
EV000107,2029-01-15T12:00:00Z,372.325,26.785,42.502,85.95,49.55,397.75,82870.0
EV000474,2029-01-15T18:00:00Z,360.284,55.282,27.459,31.84,52.597,428.7,17687.9
EV000478,2029-01-16T00:00:00Z,355.331,27.092,25.429,20.73,52.225,427.91,135234.8
EV000428,2029-01-16T06:00:00Z,370.34,24.695,24.356,51.77,51.066,413.59,39321.3
EV000395,2029-01-16T12:00:00Z,361.233,32.013,46.381,56.84,53.396,403.77,9174.6
EV000311,2029-01-16T18:00:00Z,364.336,51.245,29.017,65.7,49.954,394.7,88538.1
EV000017,2029-01-17T00:00:00Z,369.179,37.745,25.939,56.79,54.861,448.21,6916.0
EV000485,2029-01-17T06:00:00Z,362.855,60.835,25.022,73.1,49.41,396.93,57944.3
EV000126,2029-01-17T12:00:00Z,362.73,54.248,26.473,86.61,52.055,413.21,32342.6
EV000235,2029-01-17T18:00:00Z,363.45,73.342,32.465,31.5,42.318,341.93,18501.9
EV000221,2029-01-18T00:00:00Z,367.816,58.751,25.806,90.37,50.39,384.46,67743.1
EV000338,2029-01-18T06:00:00Z,365.458,56.002,26.925,20.89,38.323,309.52,56778.6
EV000487,2029-01-18T12:00:00Z,361.746,39.642,29.55,90.58,50.835,390.81,63534.0
EV000278,2029-01-18T18:00:00Z,365.401,57.996,25.274,42.49,47.076,357.27,128728.7
EV000049,2029-01-19T00:00:00Z,381.175,46.273,28.048,32.79,36.581,289.58,128974.4
EV000278,2029-01-19T06:00:00Z,356.634,42.6,27.443,20.35,50.31,375.15,85325.6
EV000375,2029-01-19T12:00:00Z,359.431,39.18,25.474,46.82,50.938,396.37,76486.9
EV000130,2029-01-19T18:00:00Z,363.625,33.37,28.895,50.54,40.112,313.41,79229.1
EV000299,2029-01-20T00:00:00Z,369.178,45.003,29.187,63.35,39.108,297.96,70743.2
EV000008,2029-01-20T06:00:00Z,368.49,49.186,29.111,93.52,50.606,392.87,37915.7
EV000486,2029-01-20T12:00:00Z,349.815,60.592,26.049,60.33,52.352,405.45,21835.5
EV000105,2029-01-20T18:00:00Z,377.544,64.436,26.2,60.91,38.507,314.62,65473.4
EV000441,2029-01-21T00:00:00Z,371.679,61.483,46.763,50.38,48.991,379.31,94876.5
EV000210,2029-01-21T06:00:00Z,362.585,56.011,29.586,69.06,52.498,423.3,20633.1
EV000141,2029-01-21T12:00:00Z,386.093,61.143,46.494,61.91,54.808,451.39,13091.4
EV000079,2029-01-21T18:00:00Z,366.323,72.845,29.846,31.95,52.889,433.09,34092.3
EV000424,2029-01-22T00:00:00Z,364.301,42.124,27.262,64.44,42.302,329.12,16556.8
EV000392,2029-01-22T06:00:00Z,358.218,50.845,26.727,18.92,53.031,422.41,13520.6
EV000329,2029-01-22T12:00:00Z,354.94,39.912,29.431,82.16,49.671,397.97,73361.8
EV000448,2029-01-22T18:00:00Z,365.097,50.395,29.299,24.64,42.626,334.79,124176.0
EV000417,2029-01-23T00:00:00Z,367.167,50.624,29.878,18.36,35.537,258.38,137525.9
EV000208,2029-01-23T06:00:00Z,368.39,37.899,36.042,73.95,52.128,440.2,20850.8
EV000127,2029-01-23T12:00:00Z,370.092,31.703,43.789,24.41,50.983,405.55,67532.6
EV000392,2029-01-23T18:00:00Z,359.228,29.396,28.328,35.97,53.274,424.09,43449.3
EV000058,2029-01-24T00:00:00Z,354.347,27.719,27.007,60.57,52.009,434.82,48571.0
EV000419,2029-01-24T06:00:00Z,369.346,36.588,32.272,91.69,46.029,373.66,137161.0
EV000387,2029-01-24T12:00:00Z,359.682,38.543,28.569,45.89,50.906,413.25,78382.7
EV000278,2029-01-24T18:00:00Z,380.46,35.984,30.967,66.0,50.04,422.87,86729.9
EV000263,2029-01-25T00:00:00Z,360.782,47.369,29.369,24.1,50.552,383.12,68174.4
EV000462,2029-01-25T06:00:00Z,369.59,51.873,28.347,26.08,38.192,317.57,108395.7
EV000082,2029-01-25T12:00:00Z,354.518,49.874,50.033,76.31,51.63,420.57,43646.4
EV000444,2029-01-25T18:00:00Z,371.716,36.245,31.404,26.48,45.01,375.81,46310.8
EV000234,2029-01-26T00:00:00Z,373.464,42.872,26.836,52.56,39.124,310.6,32579.6
EV000047,2029-01-26T06:00:00Z,374.982,25.087,30.339,88.37,41.503,328.24,55874.8
EV000455,2029-01-26T12:00:00Z,364.257,25.408,33.229,62.46,48.589,389.11,77891.0
EV000285,2029-01-26T18:00:00Z,353.059,57.775,24.653,31.54,49.044,407.66,99760.0
EV000199,2029-01-27T00:00:00Z,365.051,33.19,32.149,67.28,55.928,457.58,20331.2
EV000466,2029-01-27T06:00:00Z,356.516,14.431,30.198,66.87,49.033,381.33,84118.3
EV000448,2029-01-27T12:00:00Z,354.125,39.009,26.323,42.73,52.41,440.26,14640.4
EV000373,2029-01-27T18:00:00Z,360.646,39.653,25.583,62.47,51.825,415.81,31516.4
EV000111,2029-01-28T00:00:00Z,360.624,34.021,44.444,54.86,54.79,443.95,5879.7
EV000101,2029-01-28T06:00:00Z,359.761,44.974,29.151,73.6,38.828,338.87,39440.5
EV000403,2029-01-28T12:00:00Z,365.342,62.086,26.608,53.17,49.471,397.82,70992.4
EV000319,2029-01-28T18:00:00Z,364.053,45.798,30.887,86.7,49.392,400.07,62960.3
EV000224,2029-01-29T00:00:00Z,363.581,40.214,30.269,38.34,36.952,309.92,98409.9
EV000199,2029-01-29T06:00:00Z,355.754,44.373,27.887,65.06,51.607,418.87,24796.8
EV000114,2029-01-29T12:00:00Z,376.847,57.478,29.655,21.95,50.317,418.13,95338.6
EV000132,2029-01-29T18:00:00Z,361.472,44.007,43.925,94.08,54.615,440.39,10772.6
EV000378,2029-01-30T00:00:00Z,365.061,56.426,27.998,47.2,53.991,437.18,34741.9
EV000377,2029-01-30T06:00:00Z,359.855,50.662,32.819,54.75,48.069,369.13,111256.2
EV000342,2029-01-30T12:00:00Z,374.234,19.217,34.428,39.94,47.252,385.08,92473.4
EV000083,2029-01-30T18:00:00Z,360.935,54.147,27.808,88.28,36.173,310.77,126443.8
EV000475,2029-01-31T00:00:00Z,372.403,25.152,31.741,39.06,52.025,412.88,55974.2
EV000360,2029-01-31T06:00:00Z,364.336,45.487,30.172,64.1,37.647,309.6,94808.2
EV000289,2029-01-31T12:00:00Z,363.819,24.836,31.428,28.46,39.243,314.16,85782.0
EV000212,2029-01-31T18:00:00Z,364.109,41.834,33.695,85.01,40.895,310.49,50842.0
EV000495,2029-02-01T00:00:00Z,368.168,51.037,29.362,30.48,46.816,363.67,119774.8
EV000247,2029-02-01T06:00:00Z,370.054,46.886,31.547,20.9,37.964,302.96,100627.7
EV000124,2029-02-01T12:00:00Z,363.2,42.812,29.417,21.15,49.598,400.39,113086.0
EV000115,2029-02-01T18:00:00Z,363.51,51.397,27.861,48.96,53.328,417.83,50271.6
EV000036,2029-02-02T00:00:00Z,362.327,33.887,27.16,59.84,48.338,393.28,113675.9
EV000216,2029-02-02T06:00:00Z,375.997,30.014,29.102,17.93,53.568,437.25,30374.5
EV000036,2029-02-02T12:00:00Z,379.919,14.411,27.439,87.7,46.319,370.38,89353.1
EV000496,2029-02-02T18:00:00Z,362.584,73.452,31.792,31.67,40.293,326.73,13033.9
EV000374,2029-02-03T00:00:00Z,361.617,46.124,27.205,16.36,35.385,268.83,117870.3
EV000326,2029-02-03T06:00:00Z,358.04,37.608,30.774,56.73,38.918,331.29,91773.7
EV000345,2029-02-03T12:00:00Z,363.216,59.309,26.253,68.34,41.887,345.19,37902.2
EV000443,2029-02-03T18:00:00Z,357.668,5.745,29.122,35.86,36.67,277.3,119361.2
EV000445,2029-02-04T00:00:00Z,358.497,52.828,32.035,25.19,50.924,428.44,104671.2
EV000434,2029-02-04T06:00:00Z,375.812,52.99,29.876,37.78,54.263,435.95,9824.0
EV000125,2029-02-04T12:00:00Z,360.002,63.023,28.545,83.77,54.763,407.73,27620.8
EV000358,2029-02-04T18:00:00Z,373.97,53.114,28.723,71.74,39.537,318.72,59034.3
EV000245,2029-02-05T00:00:00Z,361.058,36.117,29.401,48.27,53.351,415.25,24744.4
EV000059,2029-02-05T06:00:00Z,363.889,58.999,28.952,62.15,51.033,407.1,84404.9
EV000139,2029-02-05T12:00:00Z,371.226,49.157,30.673,87.64,52.413,419.01,44964.6
EV000371,2029-02-05T18:00:00Z,363.369,32.879,32.405,31.36,51.739,414.19,86983.4
EV000203,2029-02-06T00:00:00Z,367.559,10.929,29.573,37.09,48.557,405.63,114661.5
EV000227,2029-02-06T06:00:00Z,354.31,42.922,30.185,36.1,41.512,335.67,88960.3
EV000067,2029-02-06T12:00:00Z,358.216,57.147,32.669,56.06,50.946,393.84,33064.8
EV000398,2029-02-06T18:00:00Z,362.827,47.504,26.381,73.23,49.407,420.82,109842.1
EV000264,2029-02-07T00:00:00Z,368.057,33.255,29.029,56.35,37.464,304.35,79893.3
EV000268,2029-02-07T06:00:00Z,365.504,34.24,28.021,17.29,48.793,397.73,91293.6
EV000454,2029-02-07T12:00:00Z,361.604,39.698,38.196,67.04,55.869,437.85,11891.2
EV000054,2029-02-07T18:00:00Z,374.636,48.264,28.074,48.32,38.666,307.15,81300.4
EV000212,2029-02-08T00:00:00Z,371.161,74.276,31.474,88.49,36.376,298.65,112076.5
EV000226,2029-02-08T06:00:00Z,372.389,42.21,25.819,47.76,47.72,389.75,66074.5
EV000388,2029-02-08T12:00:00Z,359.955,38.409,24.043,71.23,52.632,424.05,75753.8
EV000069,2029-02-08T18:00:00Z,359.584,36.598,26.114,78.55,41.07,306.65,62933.5
