charge_id,vehicle_id,station_id,start_time,charge_duration_min,start_soc_percent,end_soc_percent,average_power_kw,max_temperature_c,charging_status
CHG0000001,EV000187,ST003,2025-02-01T00:00:00Z,18.9,37.15,70.15,68.04,36.12,completed
CHG0000002,EV000270,ST001,2025-02-01T03:00:00Z,46.7,43.32,83.91,63.45,38.32,completed
CHG0000003,EV000102,ST001,2025-02-01T06:00:00Z,57.3,38.18,72.61,47.74,38.32,completed
CHG0000004,EV000444,ST002,2025-02-01T09:00:00Z,39.8,24.84,72.48,51.76,36.34,completed
CHG0000005,EV000094,ST003,2025-02-01T12:00:00Z,48.8,19.96,88.45,63.97,41.8,completed
CHG0000006,EV000448,ST001,2025-02-01T15:00:00Z,51.8,40.35,75.11,57.29,38.01,completed
CHG0000007,EV000270,ST004,2025-02-01T18:00:00Z,45.3,40.46,80.92,58.15,47.59,completed
CHG0000008,EV000309,ST004,2025-02-01T21:00:00Z,40.9,30.35,80.24,44.66,35.43,completed
CHG0000009,EV000422,ST004,2025-02-02T00:00:00Z,53.6,38.29,70.77,54.19,41.0,completed
CHG0000010,EV000088,ST003,2025-02-02T03:00:00Z,52.1,28.7,88.13,49.24,49.22,completed
CHG0000011,EV000177,ST002,2025-02-02T06:00:00Z,113.5,24.08,76.9,59.56,34.13,completed
CHG0000012,EV000002,ST004,2025-02-02T09:00:00Z,43.4,14.06,90.75,67.5,50.48,completed
CHG0000013,EV000002,ST003,2025-02-02T12:00:00Z,48.5,41.97,92.62,55.56,50.3,completed
CHG0000014,EV000427,ST002,2025-02-02T15:00:00Z,49.4,35.8,84.09,48.35,36.77,completed
CHG0000015,EV000200,ST002,2025-02-02T18:00:00Z,52.4,34.05,73.89,70.43,40.65,completed
CHG0000016,EV000485,ST001,2025-02-02T21:00:00Z,43.2,19.71,84.14,55.57,42.04,completed
CHG0000017,EV000427,ST004,2025-02-03T00:00:00Z,52.0,16.1,83.11,69.5,36.42,completed
CHG0000018,EV000402,ST003,2025-02-03T03:00:00Z,58.9,42.14,80.68,53.43,40.61,completed
CHG0000019,EV000009,ST001,2025-02-03T06:00:00Z,45.4,14.58,83.53,61.63,46.93,completed
CHG0000020,EV000417,ST001,2025-02-03T09:00:00Z,52.0,12.68,92.19,53.83,37.38,completed
CHG0000021,EV000031,ST004,2025-02-03T12:00:00Z,37.8,24.87,97.49,82.48,33.68,completed
CHG0000022,EV000071,ST004,2025-02-03T15:00:00Z,59.0,24.74,89.04,56.54,38.55,completed
CHG0000023,EV000134,ST003,2025-02-03T18:00:00Z,102.3,31.92,87.14,45.82,35.17,completed
CHG0000024,EV000402,ST003,2025-02-03T21:00:00Z,47.7,24.45,73.5,52.12,41.12,completed
CHG0000025,EV000187,ST004,2025-02-04T00:00:00Z,52.8,20.96,95.25,48.19,29.71,completed
CHG0000026,EV000108,ST003,2025-02-04T03:00:00Z,107.7,34.84,78.06,52.68,39.73,completed
CHG0000027,EV000024,ST004,2025-02-04T06:00:00Z,64.8,21.66,91.32,53.58,35.68,completed
CHG0000028,EV000358,ST003,2025-02-04T09:00:00Z,62.7,41.24,78.8,60.22,31.67,completed
CHG0000029,EV000108,ST002,2025-02-04T12:00:00Z,88.2,16.61,88.03,64.24,42.65,completed
CHG0000030,EV000493,ST003,2025-02-04T15:00:00Z,53.9,34.56,84.69,61.75,39.02,completed
CHG0000031,EV000425,ST001,2025-02-04T18:00:00Z,51.5,37.98,75.13,56.52,41.83,completed
CHG0000032,EV000030,ST004,2025-02-04T21:00:00Z,66.4,13.1,76.08,42.73,37.14,completed
CHG0000033,EV000302,ST004,2025-02-05T00:00:00Z,46.2,10.76,85.76,58.21,34.33,completed
CHG0000034,EV000384,ST002,2025-02-05T03:00:00Z,48.8,35.17,83.87,43.42,35.28,completed
CHG0000035,EV000392,ST002,2025-02-05T06:00:00Z,49.5,29.65,95.65,53.75,33.33,completed
CHG0000036,EV000402,ST004,2025-02-05T09:00:00Z,45.2,32.65,79.44,45.29,39.6,completed
CHG0000037,EV000086,ST001,2025-02-05T12:00:00Z,52.0,35.95,77.71,51.45,52.1,completed
CHG0000038,EV000421,ST003,2025-02-05T15:00:00Z,41.6,31.6,76.95,46.2,42.01,completed
CHG0000039,EV000329,ST002,2025-02-05T18:00:00Z,113.6,18.51,77.98,58.39,39.04,completed
CHG0000040,EV000124,ST001,2025-02-05T21:00:00Z,53.3,34.71,75.31,32.27,37.78,completed
CHG0000041,EV000495,ST002,2025-02-06T00:00:00Z,66.7,12.1,95.32,52.76,40.77,completed
CHG0000042,EV000460,ST004,2025-02-06T03:00:00Z,45.8,22.12,83.74,37.12,34.4,completed
CHG0000043,EV000081,ST003,2025-02-06T06:00:00Z,45.4,11.58,77.22,55.01,40.47,completed
CHG0000044,EV000298,ST001,2025-02-06T09:00:00Z,59.0,28.97,77.65,48.3,36.67,completed
CHG0000045,EV000079,ST003,2025-02-06T12:00:00Z,42.1,33.45,76.83,54.86,32.18,completed
CHG0000046,EV000183,ST001,2025-02-06T15:00:00Z,109.7,17.05,79.1,64.55,41.9,completed
CHG0000047,EV000279,ST003,2025-02-06T18:00:00Z,50.5,37.02,87.5,65.41,37.14,completed
CHG0000048,EV000440,ST003,2025-02-06T21:00:00Z,50.4,39.33,83.0,60.05,38.57,completed
CHG0000049,EV000089,ST002,2025-02-07T00:00:00Z,41.5,25.28,74.12,57.86,38.02,completed
CHG0000050,EV000321,ST003,2025-02-07T03:00:00Z,100.1,24.03,72.2,61.65,30.03,completed
CHG0000051,EV000069,ST001,2025-02-07T06:00:00Z,44.5,15.39,78.28,49.18,38.32,completed
CHG0000052,EV000363,ST004,2025-02-07T09:00:00Z,41.6,19.94,79.62,58.27,39.51,completed
CHG0000053,EV000252,ST002,2025-02-07T12:00:00Z,79.3,11.48,75.19,48.95,37.14,completed
CHG0000054,EV000168,ST002,2025-02-07T15:00:00Z,56.2,38.92,74.22,60.4,40.31,completed
CHG0000055,EV000062,ST002,2025-02-07T18:00:00Z,41.9,26.18,84.44,62.27,36.45,completed
CHG0000056,EV000253,ST002,2025-02-07T21:00:00Z,48.0,35.35,91.65,54.06,39.05,completed
CHG0000057,EV000112,ST003,2025-02-08T00:00:00Z,50.9,29.95,95.77,52.79,37.41,completed
CHG0000058,EV000285,ST002,2025-02-08T03:00:00Z,90.3,36.61,97.98,52.46,39.19,completed
CHG0000059,EV000045,ST001,2025-02-08T06:00:00Z,60.0,24.34,79.59,52.27,40.8,completed
CHG0000060,EV000205,ST004,2025-02-08T09:00:00Z,51.0,41.72,90.74,65.26,38.28,completed
CHG0000061,EV000284,ST001,2025-02-08T12:00:00Z,50.9,13.43,92.21,61.5,52.68,completed
CHG0000062,EV000141,ST002,2025-02-08T15:00:00Z,48.8,12.43,73.4,68.17,48.65,completed
CHG0000063,EV000360,ST002,2025-02-08T18:00:00Z,38.3,39.01,84.07,77.15,44.87,completed
CHG0000064,EV000344,ST004,2025-02-08T21:00:00Z,49.9,44.46,95.24,53.65,49.72,completed
CHG0000065,EV000465,ST002,2025-02-09T00:00:00Z,41.2,30.42,89.42,69.58,42.16,completed
CHG0000066,EV000338,ST002,2025-02-09T03:00:00Z,45.9,10.56,80.0,45.87,37.82,completed
CHG0000067,EV000283,ST002,2025-02-09T06:00:00Z,40.4,40.71,97.21,62.19,38.08,completed
CHG0000068,EV000120,ST002,2025-02-09T09:00:00Z,58.4,23.5,81.98,52.87,31.95,completed
CHG0000069,EV000340,ST004,2025-02-09T12:00:00Z,48.9,35.21,76.65,58.94,36.6,completed
CHG0000070,EV000192,ST002,2025-02-09T15:00:00Z,62.6,25.11,75.77,52.83,31.62,completed
CHG0000071,EV000394,ST002,2025-02-09T18:00:00Z,42.0,12.66,73.21,54.61,33.69,completed
CHG0000072,EV000057,ST002,2025-02-09T21:00:00Z,50.2,21.5,95.32,41.58,38.06,completed
CHG0000073,EV000241,ST004,2025-02-10T00:00:00Z,33.3,12.21,91.77,47.82,35.03,completed
CHG0000074,EV000295,ST004,2025-02-10T03:00:00Z,49.0,24.64,96.5,40.38,37.89,completed
CHG0000075,EV000225,ST003,2025-02-10T06:00:00Z,62.2,13.56,88.88,50.12,41.53,completed
CHG0000076,EV000175,ST004,2025-02-10T09:00:00Z,34.4,35.63,81.33,65.48,38.43,completed
CHG0000077,EV000247,ST001,2025-02-10T12:00:00Z,40.9,13.58,90.35,45.69,35.2,completed
CHG0000078,EV000271,ST004,2025-02-10T15:00:00Z,43.6,10.64,82.45,56.42,38.29,completed
CHG0000079,EV000090,ST001,2025-02-10T18:00:00Z,99.9,33.38,89.21,63.26,32.23,completed
CHG0000080,EV000352,ST003,2025-02-10T21:00:00Z,54.7,17.0,89.18,64.38,37.22,completed
CHG0000081,EV000447,ST001,2025-02-11T00:00:00Z,42.9,20.2,82.81,53.74,38.99,completed
CHG0000082,EV000357,ST004,2025-02-11T03:00:00Z,52.3,12.32,90.63,39.77,40.42,completed
CHG0000083,EV000158,ST001,2025-02-11T06:00:00Z,52.8,18.76,73.66,58.91,36.92,completed
CHG0000084,EV000494,ST002,2025-02-11T09:00:00Z,58.6,38.96,74.57,54.78,44.72,completed
CHG0000085,EV000302,ST001,2025-02-11T12:00:00Z,45.0,25.31,73.45,48.86,35.49,completed
CHG0000086,EV000278,ST002,2025-02-11T15:00:00Z,52.5,30.42,74.98,67.09,38.74,completed
CHG0000087,EV000295,ST004,2025-02-11T18:00:00Z,46.3,16.2,75.72,42.45,44.4,completed
CHG0000088,EV000139,ST002,2025-02-11T21:00:00Z,55.9,42.79,83.43,57.45,40.4,completed
CHG0000089,EV000193,ST001,2025-02-12T00:00:00Z,52.3,44.68,96.1,55.05,39.98,completed
CHG0000090,EV000295,ST003,2025-02-12T03:00:00Z,60.6,43.77,96.62,50.77,34.58,completed
CHG0000091,EV000319,ST002,2025-02-12T06:00:00Z,51.9,39.83,94.64,50.83,35.42,completed
CHG0000092,EV000007,ST002,2025-02-12T09:00:00Z,96.8,25.67,71.76,48.02,42.92,completed
CHG0000093,EV000045,ST003,2025-02-12T12:00:00Z,57.8,12.34,79.86,65.29,32.9,completed
CHG0000094,EV000382,ST001,2025-02-12T15:00:00Z,37.0,20.24,91.76,69.23,29.14,completed
CHG0000095,EV000181,ST004,2025-02-12T18:00:00Z,41.2,33.23,81.06,54.44,51.06,completed
CHG0000096,EV000232,ST002,2025-02-12T21:00:00Z,53.8,15.97,76.23,70.52,44.81,completed
CHG0000097,EV000207,ST003,2025-02-13T00:00:00Z,42.3,22.3,77.93,58.2,35.37,completed
CHG0000098,EV000120,ST003,2025-02-13T03:00:00Z,46.8,27.09,93.42,33.48,35.7,completed
CHG0000099,EV000031,ST003,2025-02-13T06:00:00Z,50.6,11.51,71.53,54.71,34.49,completed
CHG0000100,EV000272,ST001,2025-02-13T09:00:00Z,29.2,29.87,96.14,70.14,38.09,completed
CHG0000101,EV000499,ST004,2025-02-13T12:00:00Z,45.6,42.58,94.14,54.35,43.33,completed
CHG0000102,EV000348,ST002,2025-02-13T15:00:00Z,47.5,25.55,78.04,47.77,37.57,completed
CHG0000103,EV000057,ST003,2025-02-13T18:00:00Z,43.0,31.39,72.88,60.25,39.67,completed
CHG0000104,EV000154,ST004,2025-02-13T21:00:00Z,45.3,26.39,79.15,63.38,35.44,completed
CHG0000105,EV000277,ST003,2025-02-14T00:00:00Z,54.1,12.55,92.74,51.14,37.51,completed
CHG0000106,EV000134,ST004,2025-02-14T03:00:00Z,94.1,16.24,74.18,47.94,40.62,completed
CHG0000107,EV000015,ST001,2025-02-14T06:00:00Z,54.7,44.26,83.09,57.03,39.02,completed
CHG0000108,EV000225,ST004,2025-02-14T09:00:00Z,53.0,30.18,88.51,58.76,43.17,completed
CHG0000109,EV000092,ST002,2025-02-14T12:00:00Z,62.1,37.96,85.95,67.18,44.08,completed
CHG0000110,EV000255,ST003,2025-02-14T15:00:00Z,33.9,38.96,92.71,49.54,51.44,completed
CHG0000111,EV000256,ST003,2025-02-14T18:00:00Z,52.5,42.1,84.58,52.98,35.25,completed
CHG0000112,EV000021,ST004,2025-02-14T21:00:00Z,57.2,23.43,94.56,54.03,42.48,completed
CHG0000113,EV000150,ST002,2025-02-15T00:00:00Z,45.9,11.36,89.37,62.87,42.54,completed
CHG0000114,EV000367,ST001,2025-02-15T03:00:00Z,101.9,26.19,78.36,56.69,34.9,completed
CHG0000115,EV000197,ST003,2025-02-15T06:00:00Z,73.5,25.53,89.98,52.29,38.04,completed
CHG0000116,EV000115,ST002,2025-02-15T09:00:00Z,29.6,30.28,86.67,52.33,41.13,completed
CHG0000117,EV000424,ST003,2025-02-15T12:00:00Z,59.2,33.77,84.48,70.1,35.09,completed
CHG0000118,EV000411,ST001,2025-02-15T15:00:00Z,43.7,40.83,73.14,55.29,37.25,completed
CHG0000119,EV000115,ST002,2025-02-15T18:00:00Z,59.5,36.0,96.52,54.78,35.47,completed
CHG0000120,EV000206,ST001,2025-02-15T21:00:00Z,57.7,25.61,82.03,46.45,35.28,completed
CHG0000121,EV000316,ST003,2025-02-16T00:00:00Z,42.1,37.89,91.5,57.68,38.33,completed
CHG0000122,EV000064,ST003,2025-02-16T03:00:00Z,48.8,17.02,85.47,64.43,33.29,completed
CHG0000123,EV000276,ST002,2025-02-16T06:00:00Z,50.6,39.67,83.72,54.34,40.25,completed
CHG0000124,EV000481,ST003,2025-02-16T09:00:00Z,42.3,24.95,81.37,42.31,38.8,completed
CHG0000125,EV000201,ST003,2025-02-16T12:00:00Z,38.1,17.85,70.74,62.28,31.92,completed
CHG0000126,EV000221,ST003,2025-02-16T15:00:00Z,50.4,11.91,82.11,61.12,34.73,completed
CHG0000127,EV000348,ST004,2025-02-16T18:00:00Z,49.1,33.17,80.28,49.64,41.53,completed
CHG0000128,EV000171,ST004,2025-02-16T21:00:00Z,59.3,30.85,86.84,30.83,37.69,completed
CHG0000129,EV000467,ST002,2025-02-17T00:00:00Z,53.4,40.43,91.52,62.82,35.09,completed
CHG0000130,EV000259,ST001,2025-02-17T03:00:00Z,47.1,11.3,72.13,54.91,36.57,completed
CHG0000131,EV000290,ST001,2025-02-17T06:00:00Z,42.8,13.29,91.47,59.6,37.95,completed
CHG0000132,EV000057,ST004,2025-02-17T09:00:00Z,50.0,19.69,72.22,74.45,38.73,completed
CHG0000133,EV000006,ST002,2025-02-17T12:00:00Z,48.7,25.75,76.36,40.75,34.92,completed
CHG0000134,EV000350,ST001,2025-02-17T15:00:00Z,59.4,41.25,76.32,55.87,35.08,completed
CHG0000135,EV000176,ST004,2025-02-17T18:00:00Z,50.4,40.65,83.6,57.75,44.36,completed
CHG0000136,EV000465,ST001,2025-02-17T21:00:00Z,44.5,36.31,74.15,64.58,33.17,completed
CHG0000137,EV000351,ST001,2025-02-18T00:00:00Z,51.0,39.61,72.42,48.47,41.64,completed
CHG0000138,EV000302,ST002,2025-02-18T03:00:00Z,40.4,31.89,81.76,43.47,39.99,completed
CHG0000139,EV000457,ST003,2025-02-18T06:00:00Z,89.5,23.18,71.21,50.03,31.89,completed
CHG0000140,EV000154,ST003,2025-02-18T09:00:00Z,65.9,19.47,82.72,50.75,37.92,completed
CHG0000141,EV000278,ST002,2025-02-18T12:00:00Z,46.1,32.87,70.63,48.99,37.81,completed
CHG0000142,EV000251,ST002,2025-02-18T15:00:00Z,49.8,12.29,96.04,56.38,39.11,completed
CHG0000143,EV000103,ST002,2025-02-18T18:00:00Z,61.0,16.78,71.26,63.97,46.18,completed
CHG0000144,EV000060,ST002,2025-02-18T21:00:00Z,42.9,16.99,90.44,55.08,37.89,completed
CHG0000145,EV000472,ST004,2025-02-19T00:00:00Z,46.6,23.63,79.8,47.22,55.28,completed
CHG0000146,EV000002,ST002,2025-02-19T03:00:00Z,52.9,34.51,86.44,57.35,50.11,completed
CHG0000147,EV000205,ST004,2025-02-19T06:00:00Z,43.9,43.76,77.81,53.64,42.66,completed
CHG0000148,EV000004,ST003,2025-02-19T09:00:00Z,56.6,35.11,78.18,67.89,40.18,completed
CHG0000149,EV000015,ST003,2025-02-19T12:00:00Z,51.9,10.76,80.3,54.86,39.22,completed
CHG0000150,EV000274,ST002,2025-02-19T15:00:00Z,51.5,11.82,92.09,64.83,28.69,completed
CHG0000151,EV000140,ST004,2025-02-19T18:00:00Z,50.4,16.53,78.13,50.53,51.12,completed
CHG0000152,EV000381,ST002,2025-02-19T21:00:00Z,49.3,29.88,97.51,46.69,31.12,completed
CHG0000153,EV000298,ST002,2025-02-20T00:00:00Z,47.9,18.72,96.08,49.04,36.93,completed
CHG0000154,EV000202,ST003,2025-02-20T03:00:00Z,45.0,31.67,75.82,64.55,52.36,completed
CHG0000155,EV000369,ST004,2025-02-20T06:00:00Z,51.4,15.67,92.43,59.13,37.15,completed
CHG0000156,EV000346,ST003,2025-02-20T09:00:00Z,45.3,21.18,84.62,61.4,36.5,completed
CHG0000157,EV000132,ST001,2025-02-20T12:00:00Z,38.0,22.77,83.44,63.94,50.92,completed
CHG0000158,EV000438,ST001,2025-02-20T15:00:00Z,45.2,39.36,74.08,66.14,41.53,completed
CHG0000159,EV000085,ST002,2025-02-20T18:00:00Z,52.6,21.99,86.82,45.49,36.77,completed
CHG0000160,EV000151,ST002,2025-02-20T21:00:00Z,110.8,30.04,79.94,45.73,35.38,completed
CHG0000161,EV000239,ST004,2025-02-21T00:00:00Z,40.2,26.45,91.75,49.7,35.8,completed
CHG0000162,EV000111,ST004,2025-02-21T03:00:00Z,42.8,12.0,90.34,49.16,54.52,completed
CHG0000163,EV000365,ST003,2025-02-21T06:00:00Z,41.4,44.81,73.34,39.06,33.07,completed
CHG0000164,EV000499,ST003,2025-02-21T09:00:00Z,48.5,32.35,84.47,62.66,37.13,completed
CHG0000165,EV000201,ST003,2025-02-21T12:00:00Z,53.2,16.45,79.44,59.5,32.42,completed
CHG0000166,EV000273,ST002,2025-02-21T15:00:00Z,56.1,39.92,81.99,55.81,40.71,completed
CHG0000167,EV000183,ST004,2025-02-21T18:00:00Z,97.4,14.69,75.22,57.72,40.04,completed
CHG0000168,EV000444,ST001,2025-02-21T21:00:00Z,40.0,13.73,93.13,56.38,38.01,completed
CHG0000169,EV000264,ST002,2025-02-22T00:00:00Z,51.7,20.59,77.68,52.29,45.89,completed
CHG0000170,EV000274,ST002,2025-02-22T03:00:00Z,48.4,40.2,70.98,62.74,35.87,completed
CHG0000171,EV000306,ST004,2025-02-22T06:00:00Z,46.6,34.41,93.68,64.26,39.35,completed
CHG0000172,EV000423,ST001,2025-02-22T09:00:00Z,43.0,16.54,73.97,48.8,51.71,completed
CHG0000173,EV000197,ST004,2025-02-22T12:00:00Z,68.0,25.81,82.42,52.46,37.2,completed
CHG0000174,EV000395,ST003,2025-02-22T15:00:00Z,55.1,16.89,88.62,38.52,50.4,completed
CHG0000175,EV000139,ST004,2025-02-22T18:00:00Z,48.7,28.47,96.29,41.48,35.05,completed
CHG0000176,EV000319,ST002,2025-02-22T21:00:00Z,46.8,10.85,77.58,63.77,33.92,completed
CHG0000177,EV000440,ST002,2025-02-23T00:00:00Z,45.8,43.99,83.4,62.46,30.6,completed
CHG0000178,EV000357,ST002,2025-02-23T03:00:00Z,52.5,25.69,71.0,52.24,36.54,completed
CHG0000179,EV000265,ST002,2025-02-23T06:00:00Z,55.5,35.22,86.51,58.3,48.34,completed
CHG0000180,EV000343,ST002,2025-02-23T09:00:00Z,65.6,41.44,75.16,52.96,37.86,completed
CHG0000181,EV000258,ST004,2025-02-23T12:00:00Z,25.5,25.01,94.57,58.92,40.16,completed
CHG0000182,EV000089,ST003,2025-02-23T15:00:00Z,47.8,22.92,90.09,55.01,34.29,completed
CHG0000183,EV000421,ST002,2025-02-23T18:00:00Z,49.8,28.75,78.76,59.18,39.31,completed
CHG0000184,EV000421,ST001,2025-02-23T21:00:00Z,53.8,40.05,77.98,60.1,38.34,completed
CHG0000185,EV000357,ST001,2025-02-24T00:00:00Z,43.2,10.89,85.04,53.61,36.48,completed
CHG0000186,EV000263,ST004,2025-02-24T03:00:00Z,39.6,19.11,89.0,64.46,37.15,completed
CHG0000187,EV000281,ST002,2025-02-24T06:00:00Z,59.4,24.5,90.37,58.16,31.61,completed
CHG0000188,EV000446,ST002,2025-02-24T09:00:00Z,38.2,32.81,75.93,42.96,35.43,completed
CHG0000189,EV000133,ST001,2025-02-24T12:00:00Z,55.5,18.95,83.22,62.95,39.95,completed
CHG0000190,EV000179,ST002,2025-02-24T15:00:00Z,40.2,38.44,96.8,53.6,39.33,completed
CHG0000191,EV000186,ST003,2025-02-24T18:00:00Z,49.3,15.6,95.17,45.21,46.53,completed
CHG0000192,EV000445,ST003,2025-02-24T21:00:00Z,55.5,31.1,86.68,56.55,38.97,completed
CHG0000193,EV000073,ST001,2025-02-25T00:00:00Z,47.9,33.7,87.49,64.17,40.49,completed
CHG0000194,EV000144,ST001,2025-02-25T03:00:00Z,47.3,28.02,71.61,72.41,37.82,completed
CHG0000195,EV000256,ST004,2025-02-25T06:00:00Z,44.8,32.53,88.88,48.7,42.88,completed
CHG0000196,EV000260,ST001,2025-02-25T09:00:00Z,51.3,14.13,90.24,45.35,36.74,completed
CHG0000197,EV000380,ST004,2025-02-25T12:00:00Z,45.6,34.48,88.74,48.37,51.53,completed
CHG0000198,EV000447,ST001,2025-02-25T15:00:00Z,48.3,13.18,73.67,57.86,32.42,completed
CHG0000199,EV000064,ST003,2025-02-25T18:00:00Z,41.5,10.18,82.28,42.54,37.18,completed
CHG0000200,EV000167,ST004,2025-02-25T21:00:00Z,62.1,40.75,86.36,49.86,34.99,completed
CHG0000201,EV000023,ST003,2025-02-26T00:00:00Z,45.2,19.21,92.88,39.16,52.83,completed
CHG0000202,EV000480,ST004,2025-02-26T03:00:00Z,84.7,16.0,77.21,78.3,39.24,completed
CHG0000203,EV000018,ST004,2025-02-26T06:00:00Z,46.8,21.2,93.61,50.93,34.65,completed
CHG0000204,EV000279,ST003,2025-02-26T09:00:00Z,45.2,32.12,81.31,54.91,33.34,completed
CHG0000205,EV000179,ST004,2025-02-26T12:00:00Z,43.4,32.02,93.69,50.19,40.76,completed
CHG0000206,EV000013,ST001,2025-02-26T15:00:00Z,34.2,31.56,88.3,54.31,45.75,completed
CHG0000207,EV000433,ST002,2025-02-26T18:00:00Z,62.0,24.0,91.35,58.09,34.56,completed
CHG0000208,EV000014,ST002,2025-02-26T21:00:00Z,47.3,32.63,87.52,32.27,40.23,completed
CHG0000209,EV000214,ST002,2025-02-27T00:00:00Z,62.1,37.31,74.26,51.67,37.03,completed
CHG0000210,EV000025,ST002,2025-02-27T03:00:00Z,47.6,21.8,81.27,54.97,35.95,completed
CHG0000211,EV000005,ST003,2025-02-27T06:00:00Z,49.0,35.12,94.65,51.57,43.43,completed
CHG0000212,EV000493,ST001,2025-02-27T09:00:00Z,52.6,16.26,86.64,57.59,38.58,completed
CHG0000213,EV000217,ST003,2025-02-27T12:00:00Z,53.1,33.05,86.46,52.43,35.71,completed
CHG0000214,EV000153,ST002,2025-02-27T15:00:00Z,66.1,12.56,72.93,57.17,34.78,completed
CHG0000215,EV000245,ST002,2025-02-27T18:00:00Z,38.4,28.86,76.25,58.31,35.41,completed
CHG0000216,EV000473,ST002,2025-02-27T21:00:00Z,52.6,12.18,75.29,55.03,47.97,completed
CHG0000217,EV000291,ST002,2025-02-28T00:00:00Z,31.6,12.36,94.4,41.74,44.94,completed
CHG0000218,EV000329,ST004,2025-02-28T03:00:00Z,91.4,27.8,84.73,52.0,32.69,completed
CHG0000219,EV000461,ST001,2025-02-28T06:00:00Z,85.6,20.69,77.73,60.42,37.17,completed
CHG0000220,EV000008,ST002,2025-02-28T09:00:00Z,41.6,39.84,97.96,52.48,39.27,completed
CHG0000221,EV000346,ST003,2025-02-28T12:00:00Z,49.3,38.82,94.16,59.6,41.42,completed
CHG0000222,EV000185,ST002,2025-02-28T15:00:00Z,64.8,41.25,79.42,75.24,30.63,completed
CHG0000223,EV000053,ST003,2025-02-28T18:00:00Z,44.2,19.85,88.59,52.12,43.09,completed
CHG0000224,EV000319,ST003,2025-02-28T21:00:00Z,54.1,39.08,88.99,50.61,36.0,completed
CHG0000225,EV000478,ST004,2025-03-01T00:00:00Z,80.1,24.81,90.05,61.82,33.06,completed
CHG0000226,EV000155,ST004,2025-03-01T03:00:00Z,53.8,31.71,95.8,55.29,52.34,completed
CHG0000227,EV000227,ST004,2025-03-01T06:00:00Z,50.6,28.54,78.54,54.81,35.76,completed
CHG0000228,EV000401,ST001,2025-03-01T09:00:00Z,37.1,16.21,86.38,51.52,36.23,completed
CHG0000229,EV000420,ST004,2025-03-01T12:00:00Z,43.8,10.68,93.93,59.03,45.81,completed
CHG0000230,EV000058,ST003,2025-03-01T15:00:00Z,35.5,30.1,70.95,60.25,26.91,completed
CHG0000231,EV000150,ST002,2025-03-01T18:00:00Z,48.7,26.7,74.85,69.9,42.6,completed
CHG0000232,EV000102,ST002,2025-03-01T21:00:00Z,39.8,30.01,81.05,70.71,36.51,completed
CHG0000233,EV000111,ST003,2025-03-02T00:00:00Z,50.1,38.06,71.72,54.89,48.42,completed
CHG0000234,EV000011,ST001,2025-03-02T03:00:00Z,44.9,29.43,94.33,51.28,41.6,completed
CHG0000235,EV000499,ST002,2025-03-02T06:00:00Z,37.3,12.09,92.91,65.04,41.03,completed
CHG0000236,EV000314,ST003,2025-03-02T09:00:00Z,94.0,26.2,82.74,47.84,39.35,completed
CHG0000237,EV000268,ST001,2025-03-02T12:00:00Z,63.3,43.7,84.35,52.35,41.19,completed
CHG0000238,EV000252,ST002,2025-03-02T15:00:00Z,42.8,12.23,84.06,62.49,37.82,completed
CHG0000239,EV000265,ST004,2025-03-02T18:00:00Z,43.7,34.82,87.44,54.57,52.85,completed
CHG0000240,EV000297,ST001,2025-03-02T21:00:00Z,52.6,34.79,86.92,68.07,39.46,completed
CHG0000241,EV000422,ST004,2025-03-03T00:00:00Z,54.3,28.99,97.4,60.07,41.28,completed
CHG0000242,EV000119,ST001,2025-03-03T03:00:00Z,34.1,12.27,90.82,73.85,38.3,completed
CHG0000243,EV000359,ST002,2025-03-03T06:00:00Z,57.9,32.73,73.32,64.36,35.77,completed
CHG0000244,EV000313,ST002,2025-03-03T09:00:00Z,52.7,11.2,95.61,46.96,41.99,completed
CHG0000245,EV000454,ST003,2025-03-03T12:00:00Z,59.7,40.53,92.48,48.86,49.62,completed
CHG0000246,EV000404,ST004,2025-03-03T15:00:00Z,57.1,27.58,80.45,48.52,37.09,completed
CHG0000247,EV000328,ST002,2025-03-03T18:00:00Z,48.7,39.24,75.29,65.16,33.14,completed
CHG0000248,EV000082,ST002,2025-03-03T21:00:00Z,32.3,31.33,93.3,43.77,45.95,completed
CHG0000249,EV000105,ST004,2025-03-04T00:00:00Z,49.1,11.42,92.35,36.84,37.85,completed
CHG0000250,EV000322,ST003,2025-03-04T03:00:00Z,78.8,24.74,71.29,64.06,38.91,completed
CHG0000251,EV000122,ST003,2025-03-04T06:00:00Z,84.4,30.16,91.57,45.32,38.02,completed
CHG0000252,EV000008,ST004,2025-03-04T09:00:00Z,33.0,14.88,95.51,65.48,41.76,completed
CHG0000253,EV000323,ST004,2025-03-04T12:00:00Z,51.4,17.37,86.51,48.84,36.36,completed
CHG0000254,EV000220,ST004,2025-03-04T15:00:00Z,42.9,35.41,77.21,43.09,39.91,completed
CHG0000255,EV000465,ST001,2025-03-04T18:00:00Z,33.6,19.45,92.4,49.4,31.57,completed
CHG0000256,EV000431,ST001,2025-03-04T21:00:00Z,55.6,17.33,83.97,45.5,49.43,completed
CHG0000257,EV000310,ST004,2025-03-05T00:00:00Z,56.2,29.24,72.77,61.82,40.73,completed
CHG0000258,EV000380,ST004,2025-03-05T03:00:00Z,55.3,40.76,89.16,60.65,48.56,completed
CHG0000259,EV000367,ST003,2025-03-05T06:00:00Z,103.6,29.8,87.52,58.84,34.19,completed
CHG0000260,EV000196,ST001,2025-03-05T09:00:00Z,48.5,11.51,84.53,65.5,36.26,completed
CHG0000261,EV000498,ST001,2025-03-05T12:00:00Z,61.6,44.82,97.73,44.18,39.66,completed
CHG0000262,EV000105,ST001,2025-03-05T15:00:00Z,54.4,35.11,71.67,43.12,29.6,completed
CHG0000263,EV000287,ST003,2025-03-05T18:00:00Z,56.9,27.66,87.2,50.49,45.72,completed
CHG0000264,EV000359,ST002,2025-03-05T21:00:00Z,39.4,10.62,82.4,52.69,37.72,completed
CHG0000265,EV000344,ST003,2025-03-06T00:00:00Z,51.7,44.75,80.79,43.6,54.18,completed
CHG0000266,EV000246,ST004,2025-03-06T03:00:00Z,49.8,27.12,79.73,66.44,41.39,completed
CHG0000267,EV000039,ST001,2025-03-06T06:00:00Z,93.8,12.5,84.27,50.13,31.91,completed
CHG0000268,EV000134,ST002,2025-03-06T09:00:00Z,101.9,35.34,85.84,49.07,43.02,completed
CHG0000269,EV000244,ST003,2025-03-06T12:00:00Z,58.6,27.04,84.33,53.88,36.1,completed
CHG0000270,EV000120,ST004,2025-03-06T15:00:00Z,38.9,41.29,73.5,49.73,41.07,completed
CHG0000271,EV000457,ST001,2025-03-06T18:00:00Z,98.8,44.78,83.12,41.68,38.46,completed
CHG0000272,EV000466,ST004,2025-03-06T21:00:00Z,51.6,16.32,94.32,42.96,35.37,completed
CHG0000273,EV000441,ST002,2025-03-07T00:00:00Z,59.1,42.24,83.54,53.8,57.08,completed
CHG0000274,EV000166,ST002,2025-03-07T03:00:00Z,46.5,29.98,70.29,51.79,44.18,completed
CHG0000275,EV000162,ST001,2025-03-07T06:00:00Z,42.8,42.83,70.0,65.64,43.19,completed
CHG0000276,EV000371,ST001,2025-03-07T09:00:00Z,55.6,21.65,92.24,49.14,38.11,completed
CHG0000277,EV000258,ST004,2025-03-07T12:00:00Z,56.2,21.49,78.91,43.13,37.4,completed
CHG0000278,EV000197,ST003,2025-03-07T15:00:00Z,87.5,35.53,92.08,60.63,42.11,completed
CHG0000279,EV000327,ST001,2025-03-07T18:00:00Z,52.1,17.82,71.31,67.25,42.72,completed
CHG0000280,EV000315,ST003,2025-03-07T21:00:00Z,99.3,11.89,90.16,54.73,33.3,completed
CHG0000281,EV000162,ST004,2025-03-08T00:00:00Z,51.1,17.05,86.42,62.31,32.12,completed
CHG0000282,EV000057,ST002,2025-03-08T03:00:00Z,40.2,36.43,89.34,63.58,31.03,completed
CHG0000283,EV000047,ST002,2025-03-08T06:00:00Z,53.5,30.74,96.06,61.43,43.94,completed
CHG0000284,EV000447,ST004,2025-03-08T09:00:00Z,51.6,44.09,79.79,61.46,40.67,completed
CHG0000285,EV000470,ST004,2025-03-08T12:00:00Z,49.9,36.15,96.18,53.99,32.56,completed
CHG0000286,EV000283,ST002,2025-03-08T15:00:00Z,50.6,38.59,92.79,54.32,26.66,completed
CHG0000287,EV000438,ST003,2025-03-08T18:00:00Z,39.7,43.0,92.09,63.03,37.92,completed
CHG0000288,EV000131,ST001,2025-03-08T21:00:00Z,47.4,39.95,72.23,62.28,40.96,completed
CHG0000289,EV000336,ST001,2025-03-09T00:00:00Z,56.0,26.65,97.27,68.04,41.79,completed
CHG0000290,EV000351,ST001,2025-03-09T03:00:00Z,51.7,12.81,87.29,44.45,37.52,completed
CHG0000291,EV000284,ST002,2025-03-09T06:00:00Z,45.9,25.11,80.89,68.75,52.64,completed
CHG0000292,EV000463,ST003,2025-03-09T09:00:00Z,44.1,14.95,80.02,46.6,39.54,completed
CHG0000293,EV000172,ST004,2025-03-09T12:00:00Z,47.8,37.97,76.31,57.67,39.23,completed
CHG0000294,EV000281,ST004,2025-03-09T15:00:00Z,48.3,33.55,89.15,57.81,31.79,completed
CHG0000295,EV000465,ST004,2025-03-09T18:00:00Z,50.4,39.29,83.32,43.42,39.77,completed
CHG0000296,EV000289,ST002,2025-03-09T21:00:00Z,41.6,25.65,86.62,45.67,36.11,completed
CHG0000297,EV000336,ST001,2025-03-10T00:00:00Z,44.6,40.34,75.56,64.44,37.79,completed
CHG0000298,EV000486,ST004,2025-03-10T03:00:00Z,51.8,22.58,74.88,66.36,34.15,completed
CHG0000299,EV000225,ST004,2025-03-10T06:00:00Z,41.7,40.56,87.6,57.25,34.06,completed
CHG0000300,EV000037,ST004,2025-03-10T09:00:00Z,52.4,11.59,70.46,75.95,44.19,completed
CHG0000301,EV000351,ST004,2025-03-10T12:00:00Z,48.8,41.29,91.2,61.81,35.22,completed
CHG0000302,EV000027,ST001,2025-03-10T15:00:00Z,57.4,38.7,79.0,48.3,41.47,completed
CHG0000303,EV000394,ST001,2025-03-10T18:00:00Z,52.8,42.98,85.82,49.13,42.16,completed
CHG0000304,EV000461,ST001,2025-03-10T21:00:00Z,66.1,39.57,71.66,46.12,40.7,completed
CHG0000305,EV000391,ST004,2025-03-11T00:00:00Z,53.2,28.19,87.38,65.82,34.95,completed
CHG0000306,EV000402,ST001,2025-03-11T03:00:00Z,46.8,14.83,77.48,55.07,41.12,completed
CHG0000307,EV000265,ST004,2025-03-11T06:00:00Z,59.3,30.2,97.17,54.74,52.93,completed
CHG0000308,EV000219,ST001,2025-03-11T09:00:00Z,45.8,28.76,72.48,52.7,34.54,completed
CHG0000309,EV000140,ST001,2025-03-11T12:00:00Z,51.7,10.59,84.94,43.9,53.66,completed
CHG0000310,EV000296,ST004,2025-03-11T15:00:00Z,49.1,39.4,93.3,58.03,35.39,completed
CHG0000311,EV000410,ST003,2025-03-11T18:00:00Z,44.5,38.95,96.11,59.41,40.3,completed
CHG0000312,EV000096,ST002,2025-03-11T21:00:00Z,46.9,36.34,94.42,63.33,53.11,completed
CHG0000313,EV000229,ST001,2025-03-12T00:00:00Z,51.5,20.55,94.29,56.24,41.01,completed
CHG0000314,EV000324,ST003,2025-03-12T03:00:00Z,56.4,39.11,82.8,57.38,53.76,completed
CHG0000315,EV000212,ST003,2025-03-12T06:00:00Z,54.2,10.79,73.8,64.61,33.97,completed
CHG0000316,EV000206,ST004,2025-03-12T09:00:00Z,43.3,10.34,78.52,57.14,34.41,completed
CHG0000317,EV000324,ST001,2025-03-12T12:00:00Z,49.0,12.65,97.78,59.77,52.89,completed
CHG0000318,EV000442,ST001,2025-03-12T15:00:00Z,41.5,42.77,93.01,57.78,43.96,completed
CHG0000319,EV000355,ST002,2025-03-12T18:00:00Z,44.3,33.7,81.13,51.27,39.57,completed
CHG0000320,EV000402,ST001,2025-03-12T21:00:00Z,44.6,43.23,75.92,43.84,31.77,completed
CHG0000321,EV000283,ST003,2025-03-13T00:00:00Z,56.7,40.54,78.13,51.18,40.76,completed
CHG0000322,EV000052,ST001,2025-03-13T03:00:00Z,49.4,17.15,86.26,66.84,39.71,completed
CHG0000323,EV000060,ST001,2025-03-13T06:00:00Z,42.9,26.93,88.62,46.09,41.42,completed
CHG0000324,EV000030,ST003,2025-03-13T09:00:00Z,39.6,32.15,76.19,49.09,37.18,completed
CHG0000325,EV000264,ST001,2025-03-13T12:00:00Z,57.9,28.82,83.97,59.11,33.29,completed
CHG0000326,EV000486,ST003,2025-03-13T15:00:00Z,45.3,34.13,77.52,58.01,35.48,completed
CHG0000327,EV000029,ST002,2025-03-13T18:00:00Z,37.6,38.6,70.22,56.15,36.81,completed
CHG0000328,EV000177,ST004,2025-03-13T21:00:00Z,92.1,23.21,74.38,57.98,40.72,completed
CHG0000329,EV000413,ST001,2025-03-14T00:00:00Z,99.7,43.51,92.25,64.78,36.28,completed
CHG0000330,EV000330,ST003,2025-03-14T03:00:00Z,52.2,17.6,89.22,58.14,37.94,completed
CHG0000331,EV000083,ST004,2025-03-14T06:00:00Z,53.3,37.96,88.89,56.26,34.88,completed
CHG0000332,EV000402,ST001,2025-03-14T09:00:00Z,50.7,19.69,88.69,63.42,45.89,completed
CHG0000333,EV000157,ST003,2025-03-14T12:00:00Z,57.0,30.2,79.48,49.01,37.04,completed
CHG0000334,EV000307,ST002,2025-03-14T15:00:00Z,54.1,19.02,92.72,43.89,39.93,completed
CHG0000335,EV000030,ST004,2025-03-14T18:00:00Z,55.2,13.47,70.11,48.83,38.3,completed
CHG0000336,EV000394,ST001,2025-03-14T21:00:00Z,48.7,29.11,72.56,48.06,37.17,completed
CHG0000337,EV000284,ST003,2025-03-15T00:00:00Z,29.6,40.98,71.7,48.19,52.28,completed
CHG0000338,EV000252,ST002,2025-03-15T03:00:00Z,56.6,19.29,90.92,51.04,41.98,completed
CHG0000339,EV000362,ST003,2025-03-15T06:00:00Z,36.5,16.24,97.16,73.69,34.7,completed
CHG0000340,EV000340,ST002,2025-03-15T09:00:00Z,43.2,17.27,85.08,55.91,36.96,completed
CHG0000341,EV000406,ST003,2025-03-15T12:00:00Z,49.3,37.46,86.23,38.32,54.21,completed
CHG0000342,EV000062,ST003,2025-03-15T15:00:00Z,53.5,44.45,80.65,38.28,37.78,completed
CHG0000343,EV000498,ST001,2025-03-15T18:00:00Z,51.8,41.32,78.84,43.78,38.53,completed
CHG0000344,EV000374,ST003,2025-03-15T21:00:00Z,50.0,20.88,84.89,46.31,40.86,completed
CHG0000345,EV000356,ST003,2025-03-16T00:00:00Z,45.0,37.26,81.81,61.78,51.51,completed
CHG0000346,EV000298,ST003,2025-03-16T03:00:00Z,53.4,26.9,71.16,68.75,38.71,completed
CHG0000347,EV000012,ST003,2025-03-16T06:00:00Z,95.8,17.31,96.25,49.67,36.16,completed
CHG0000348,EV000080,ST004,2025-03-16T09:00:00Z,35.7,24.89,96.59,48.55,32.77,completed
CHG0000349,EV000247,ST001,2025-03-16T12:00:00Z,60.0,44.79,91.72,44.43,36.71,completed
CHG0000350,EV000375,ST004,2025-03-16T15:00:00Z,44.7,36.87,81.93,64.39,30.5,completed
CHG0000351,EV000400,ST002,2025-03-16T18:00:00Z,45.9,27.59,76.11,57.92,51.65,completed
CHG0000352,EV000003,ST004,2025-03-16T21:00:00Z,60.9,24.52,88.59,55.92,45.3,completed
CHG0000353,EV000054,ST004,2025-03-17T00:00:00Z,72.3,22.37,83.72,51.3,40.12,completed
CHG0000354,EV000478,ST004,2025-03-17T03:00:00Z,106.3,12.09,71.78,54.44,38.8,completed
CHG0000355,EV000469,ST003,2025-03-17T06:00:00Z,53.6,12.41,78.09,44.24,42.97,completed
CHG0000356,EV000393,ST003,2025-03-17T09:00:00Z,39.4,38.04,91.75,65.45,36.35,completed
CHG0000357,EV000279,ST001,2025-03-17T12:00:00Z,52.9,35.29,74.27,55.95,40.28,completed
CHG0000358,EV000205,ST003,2025-03-17T15:00:00Z,63.2,20.62,96.09,56.16,34.26,completed
CHG0000359,EV000323,ST002,2025-03-17T18:00:00Z,53.3,20.74,77.98,53.97,40.95,completed
CHG0000360,EV000018,ST001,2025-03-17T21:00:00Z,56.4,42.05,88.45,47.53,38.68,completed
CHG0000361,EV000063,ST004,2025-03-18T00:00:00Z,53.2,24.76,90.73,55.07,35.22,completed
CHG0000362,EV000296,ST001,2025-03-18T03:00:00Z,50.9,43.81,73.13,49.77,39.14,completed
CHG0000363,EV000187,ST001,2025-03-18T06:00:00Z,52.1,41.76,83.98,57.53,33.91,completed
CHG0000364,EV000492,ST001,2025-03-18T09:00:00Z,61.9,41.81,82.99,53.79,44.03,completed
CHG0000365,EV000302,ST003,2025-03-18T12:00:00Z,45.2,40.81,80.64,62.56,40.16,completed
CHG0000366,EV000476,ST001,2025-03-18T15:00:00Z,92.0,40.67,91.97,52.62,43.34,completed
CHG0000367,EV000064,ST004,2025-03-18T18:00:00Z,55.9,44.75,95.61,44.29,46.57,completed
CHG0000368,EV000256,ST001,2025-03-18T21:00:00Z,58.9,24.96,84.57,54.86,35.36,completed
CHG0000369,EV000229,ST002,2025-03-19T00:00:00Z,50.5,26.32,70.05,64.84,42.5,completed
CHG0000370,EV000010,ST004,2025-03-19T03:00:00Z,53.6,42.02,91.02,60.17,29.8,completed
CHG0000371,EV000056,ST003,2025-03-19T06:00:00Z,58.6,39.84,87.99,46.38,54.05,completed
CHG0000372,EV000397,ST002,2025-03-19T09:00:00Z,63.0,13.34,73.97,65.08,32.96,completed
CHG0000373,EV000425,ST002,2025-03-19T12:00:00Z,49.2,10.94,81.63,35.39,40.64,completed
CHG0000374,EV000117,ST001,2025-03-19T15:00:00Z,46.9,30.13,88.66,56.44,38.8,completed
CHG0000375,EV000426,ST004,2025-03-19T18:00:00Z,62.8,31.05,71.96,63.2,32.83,completed
CHG0000376,EV000073,ST003,2025-03-19T21:00:00Z,61.8,24.3,84.93,54.01,37.94,completed
CHG0000377,EV000128,ST002,2025-03-20T00:00:00Z,47.9,25.64,94.09,55.71,31.61,completed
CHG0000378,EV000025,ST003,2025-03-20T03:00:00Z,45.3,15.46,78.38,57.54,35.22,completed
CHG0000379,EV000475,ST004,2025-03-20T06:00:00Z,57.5,20.89,94.09,64.13,43.44,completed
CHG0000380,EV000420,ST004,2025-03-20T09:00:00Z,60.1,27.99,90.8,53.97,28.6,completed
CHG0000381,EV000057,ST004,2025-03-20T12:00:00Z,48.4,43.89,77.01,38.22,33.57,completed
CHG0000382,EV000434,ST001,2025-03-20T15:00:00Z,54.0,15.27,86.58,66.62,40.22,completed
CHG0000383,EV000135,ST004,2025-03-20T18:00:00Z,48.5,30.41,76.32,62.19,39.74,completed
CHG0000384,EV000019,ST001,2025-03-20T21:00:00Z,45.0,36.88,92.82,65.02,39.99,completed
CHG0000385,EV000098,ST001,2025-03-21T00:00:00Z,83.3,41.45,84.06,59.86,31.88,completed
CHG0000386,EV000170,ST004,2025-03-21T03:00:00Z,52.1,28.73,72.03,54.08,36.78,completed
CHG0000387,EV000368,ST002,2025-03-21T06:00:00Z,45.9,24.26,97.83,42.11,32.07,completed
CHG0000388,EV000026,ST004,2025-03-21T09:00:00Z,34.3,18.28,74.32,64.57,36.88,completed
CHG0000389,EV000369,ST004,2025-03-21T12:00:00Z,52.4,20.21,75.45,46.47,42.19,completed
CHG0000390,EV000236,ST002,2025-03-21T15:00:00Z,50.2,19.8,92.11,54.25,31.06,completed
CHG0000391,EV000459,ST001,2025-03-21T18:00:00Z,43.9,26.39,96.35,65.3,38.04,completed
CHG0000392,EV000173,ST002,2025-03-21T21:00:00Z,37.6,17.56,92.47,62.45,36.27,completed
CHG0000393,EV000227,ST002,2025-03-22T00:00:00Z,50.4,42.84,93.57,62.86,44.84,completed
CHG0000394,EV000039,ST004,2025-03-22T03:00:00Z,80.9,37.67,86.36,65.73,41.77,completed
CHG0000395,EV000337,ST002,2025-03-22T06:00:00Z,83.6,30.64,92.56,60.72,39.54,completed
CHG0000396,EV000422,ST003,2025-03-22T09:00:00Z,52.0,41.4,72.87,51.53,38.1,completed
CHG0000397,EV000449,ST004,2025-03-22T12:00:00Z,44.8,37.16,78.41,51.37,49.68,completed
CHG0000398,EV000443,ST002,2025-03-22T15:00:00Z,46.6,36.86,92.39,51.24,38.12,completed
CHG0000399,EV000340,ST002,2025-03-22T18:00:00Z,47.8,20.16,82.82,54.71,35.17,completed
CHG0000400,EV000341,ST004,2025-03-22T21:00:00Z,90.7,38.9,79.97,43.57,37.23,completed
CHG0000401,EV000242,ST003,2025-03-23T00:00:00Z,31.8,35.42,78.08,51.12,36.59,completed
CHG0000402,EV000290,ST002,2025-03-23T03:00:00Z,48.1,31.98,80.67,51.13,37.83,completed
CHG0000403,EV000404,ST004,2025-03-23T06:00:00Z,48.6,14.37,83.63,53.75,43.95,completed
CHG0000404,EV000374,ST004,2025-03-23T09:00:00Z,50.8,35.2,70.79,52.11,41.32,completed
CHG0000405,EV000183,ST003,2025-03-23T12:00:00Z,92.0,11.25,74.58,46.6,37.51,completed
CHG0000406,EV000209,ST003,2025-03-23T15:00:00Z,78.9,22.79,71.59,51.79,38.07,completed
CHG0000407,EV000442,ST002,2025-03-23T18:00:00Z,45.3,27.78,84.74,55.72,36.15,completed
CHG0000408,EV000051,ST001,2025-03-23T21:00:00Z,48.0,44.06,75.84,48.04,50.76,completed
CHG0000409,EV000442,ST003,2025-03-24T00:00:00Z,53.2,32.19,92.27,58.91,36.75,completed
CHG0000410,EV000420,ST001,2025-03-24T03:00:00Z,46.1,15.36,80.61,58.48,37.3,completed
CHG0000411,EV000318,ST002,2025-03-24T06:00:00Z,47.2,17.96,90.51,49.62,37.93,completed
CHG0000412,EV000340,ST004,2025-03-24T09:00:00Z,46.1,44.82,84.73,49.61,41.4,completed
CHG0000413,EV000146,ST003,2025-03-24T12:00:00Z,49.7,35.81,87.95,59.76,47.21,completed
CHG0000414,EV000291,ST004,2025-03-24T15:00:00Z,44.3,34.34,96.36,51.07,36.65,completed
CHG0000415,EV000046,ST001,2025-03-24T18:00:00Z,52.3,40.58,83.83,47.69,40.77,completed
CHG0000416,EV000095,ST002,2025-03-24T21:00:00Z,34.7,27.14,97.28,23.09,57.74,completed
CHG0000417,EV000225,ST002,2025-03-25T00:00:00Z,53.7,36.88,89.93,66.54,44.0,completed
CHG0000418,EV000163,ST002,2025-03-25T03:00:00Z,58.9,33.91,82.95,61.12,34.15,completed
CHG0000419,EV000011,ST002,2025-03-25T06:00:00Z,46.1,17.94,85.2,58.16,42.01,completed
CHG0000420,EV000271,ST003,2025-03-25T09:00:00Z,40.0,19.86,89.14,53.06,30.82,completed
CHG0000421,EV000318,ST002,2025-03-25T12:00:00Z,46.6,43.85,89.1,48.83,37.64,completed
CHG0000422,EV000364,ST004,2025-03-25T15:00:00Z,48.2,43.72,76.41,51.78,39.12,completed
CHG0000423,EV000400,ST003,2025-03-25T18:00:00Z,34.9,13.07,85.33,38.58,48.73,completed
CHG0000424,EV000157,ST001,2025-03-25T21:00:00Z,25.7,38.44,76.63,50.93,34.12,completed
CHG0000425,EV000002,ST002,2025-03-26T00:00:00Z,49.1,43.77,94.94,56.42,54.65,completed
CHG0000426,EV000226,ST002,2025-03-26T03:00:00Z,52.1,38.97,75.85,54.72,35.47,completed
CHG0000427,EV000386,ST003,2025-03-26T06:00:00Z,48.7,17.8,87.14,48.27,34.74,completed
CHG0000428,EV000060,ST004,2025-03-26T09:00:00Z,54.5,25.15,70.38,62.93,41.58,completed
CHG0000429,EV000009,ST001,2025-03-26T12:00:00Z,45.8,18.46,71.66,45.9,51.71,completed
CHG0000430,EV000082,ST003,2025-03-26T15:00:00Z,55.4,24.22,83.57,78.06,52.84,completed
CHG0000431,EV000157,ST004,2025-03-26T18:00:00Z,49.4,36.54,96.8,68.72,36.73,completed
CHG0000432,EV000482,ST004,2025-03-26T21:00:00Z,52.7,40.25,90.67,65.16,40.12,completed
CHG0000433,EV000162,ST003,2025-03-27T00:00:00Z,50.9,24.16,70.66,66.14,37.84,completed
CHG0000434,EV000183,ST004,2025-03-27T03:00:00Z,67.7,34.08,97.11,53.14,41.49,completed
CHG0000435,EV000210,ST002,2025-03-27T06:00:00Z,76.0,28.21,80.05,55.19,33.62,completed
CHG0000436,EV000407,ST002,2025-03-27T09:00:00Z,42.6,25.08,94.46,48.19,43.04,completed
CHG0000437,EV000190,ST004,2025-03-27T12:00:00Z,65.5,22.27,76.99,60.05,43.25,completed
CHG0000438,EV000132,ST004,2025-03-27T15:00:00Z,57.4,14.9,94.06,61.1,45.84,completed
CHG0000439,EV000008,ST003,2025-03-27T18:00:00Z,59.9,16.0,77.5,60.85,37.53,completed
CHG0000440,EV000255,ST003,2025-03-27T21:00:00Z,40.4,18.01,86.69,62.47,47.13,completed
CHG0000441,EV000071,ST001,2025-03-28T00:00:00Z,48.3,29.32,72.35,63.52,39.74,completed
CHG0000442,EV000154,ST002,2025-03-28T03:00:00Z,47.5,41.66,90.27,52.62,32.62,completed
CHG0000443,EV000190,ST001,2025-03-28T06:00:00Z,60.0,14.42,76.91,54.98,41.22,completed
CHG0000444,EV000486,ST001,2025-03-28T09:00:00Z,30.9,14.02,78.83,47.38,34.5,completed
CHG0000445,EV000445,ST003,2025-03-28T12:00:00Z,52.9,33.36,89.91,53.52,37.73,completed
CHG0000446,EV000303,ST001,2025-03-28T15:00:00Z,51.3,40.07,90.18,35.49,43.71,completed
CHG0000447,EV000112,ST002,2025-03-28T18:00:00Z,41.7,27.41,93.5,61.43,42.0,completed
CHG0000448,EV000008,ST002,2025-03-28T21:00:00Z,45.5,28.57,74.29,47.2,42.43,completed
CHG0000449,EV000500,ST002,2025-03-29T00:00:00Z,51.0,38.78,77.3,57.82,34.53,completed
CHG0000450,EV000108,ST003,2025-03-29T03:00:00Z,87.6,29.11,80.63,62.11,31.63,completed
CHG0000451,EV000258,ST004,2025-03-29T06:00:00Z,49.7,38.12,78.78,63.1,43.87,completed
CHG0000452,EV000394,ST002,2025-03-29T09:00:00Z,42.2,16.75,91.21,46.59,37.5,completed
CHG0000453,EV000061,ST004,2025-03-29T12:00:00Z,46.9,24.8,96.23,49.62,36.91,completed
CHG0000454,EV000087,ST002,2025-03-29T15:00:00Z,45.1,11.41,75.54,36.87,41.07,completed
CHG0000455,EV000347,ST003,2025-03-29T18:00:00Z,43.3,38.39,90.58,56.35,34.88,completed
CHG0000456,EV000226,ST003,2025-03-29T21:00:00Z,42.0,44.45,95.65,58.03,38.83,completed
CHG0000457,EV000264,ST003,2025-03-30T00:00:00Z,32.0,39.76,93.45,49.79,38.33,completed
CHG0000458,EV000277,ST004,2025-03-30T03:00:00Z,55.5,17.55,80.09,60.55,38.96,completed
CHG0000459,EV000353,ST001,2025-03-30T06:00:00Z,53.3,37.14,84.53,62.28,35.48,completed
CHG0000460,EV000329,ST002,2025-03-30T09:00:00Z,98.3,13.91,72.37,41.17,41.59,completed
CHG0000461,EV000103,ST002,2025-03-30T12:00:00Z,48.9,10.39,80.1,39.65,50.79,completed
CHG0000462,EV000133,ST002,2025-03-30T15:00:00Z,32.5,27.14,85.66,44.19,42.72,completed
CHG0000463,EV000269,ST002,2025-03-30T18:00:00Z,98.6,24.74,70.41,66.09,36.49,completed
CHG0000464,EV000106,ST004,2025-03-30T21:00:00Z,44.5,31.7,96.19,58.96,36.29,completed
CHG0000465,EV000387,ST001,2025-03-31T00:00:00Z,53.5,32.02,71.3,56.32,36.66,completed
CHG0000466,EV000399,ST004,2025-03-31T03:00:00Z,39.8,35.4,83.44,56.15,49.92,completed
CHG0000467,EV000015,ST002,2025-03-31T06:00:00Z,48.5,38.32,84.82,56.01,36.97,completed
CHG0000468,EV000454,ST003,2025-03-31T09:00:00Z,42.7,20.47,75.06,57.63,54.6,completed
CHG0000469,EV000184,ST001,2025-03-31T12:00:00Z,49.0,27.54,82.76,56.13,39.6,completed
CHG0000470,EV000305,ST001,2025-03-31T15:00:00Z,42.2,13.16,88.03,63.4,33.55,completed
CHG0000471,EV000290,ST003,2025-03-31T18:00:00Z,47.5,38.88,73.64,59.5,36.27,completed
CHG0000472,EV000443,ST001,2025-03-31T21:00:00Z,47.4,10.92,96.47,54.6,36.41,completed
CHG0000473,EV000214,ST001,2025-04-01T00:00:00Z,49.4,16.3,84.74,52.43,39.39,completed
CHG0000474,EV000050,ST003,2025-04-01T03:00:00Z,35.2,43.92,87.21,63.15,41.13,completed
CHG0000475,EV000055,ST003,2025-04-01T06:00:00Z,52.4,41.82,93.5,69.36,38.55,completed
CHG0000476,EV000176,ST001,2025-04-01T09:00:00Z,53.6,40.87,71.88,67.06,37.9,completed
CHG0000477,EV000073,ST002,2025-04-01T12:00:00Z,49.6,22.54,85.0,41.96,33.99,completed
CHG0000478,EV000339,ST003,2025-04-01T15:00:00Z,44.4,23.42,80.49,44.27,42.25,completed
CHG0000479,EV000202,ST004,2025-04-01T18:00:00Z,39.6,34.07,90.33,67.4,51.52,completed
CHG0000480,EV000259,ST003,2025-04-01T21:00:00Z,48.5,33.5,95.62,57.14,42.09,completed
CHG0000481,EV000132,ST002,2025-04-02T00:00:00Z,46.6,44.79,92.53,72.17,51.7,completed
CHG0000482,EV000173,ST003,2025-04-02T03:00:00Z,49.1,29.83,73.8,52.95,38.54,completed
CHG0000483,EV000139,ST003,2025-04-02T06:00:00Z,53.2,37.31,72.74,61.42,30.19,completed
CHG0000484,EV000274,ST002,2025-04-02T09:00:00Z,45.8,33.2,90.33,71.46,35.6,completed
CHG0000485,EV000264,ST004,2025-04-02T12:00:00Z,46.0,32.0,82.86,53.87,42.7,completed
CHG0000486,EV000070,ST001,2025-04-02T15:00:00Z,38.2,39.53,95.74,56.96,40.47,completed
CHG0000487,EV000403,ST001,2025-04-02T18:00:00Z,43.5,40.64,76.47,65.75,39.74,completed
CHG0000488,EV000048,ST002,2025-04-02T21:00:00Z,42.9,11.52,85.59,63.31,38.12,completed
CHG0000489,EV000463,ST001,2025-04-03T00:00:00Z,37.9,35.31,70.85,53.91,41.9,completed
CHG0000490,EV000221,ST004,2025-04-03T03:00:00Z,47.5,17.96,86.61,50.72,37.88,completed
CHG0000491,EV000449,ST001,2025-04-03T06:00:00Z,52.1,25.27,81.94,63.64,48.26,completed
CHG0000492,EV000472,ST001,2025-04-03T09:00:00Z,46.5,11.59,96.23,53.49,48.63,completed
CHG0000493,EV000056,ST002,2025-04-03T12:00:00Z,52.4,24.16,71.85,51.97,50.59,completed
CHG0000494,EV000340,ST002,2025-04-03T15:00:00Z,57.6,43.6,89.43,70.95,35.85,completed
CHG0000495,EV000371,ST003,2025-04-03T18:00:00Z,61.5,10.47,82.55,63.69,33.07,completed
CHG0000496,EV000048,ST001,2025-04-03T21:00:00Z,61.2,40.6,96.81,46.86,40.78,completed
CHG0000497,EV000227,ST004,2025-04-04T00:00:00Z,42.4,29.06,85.42,55.28,36.98,completed
CHG0000498,EV000121,ST004,2025-04-04T03:00:00Z,48.4,38.62,84.51,71.04,53.07,completed
CHG0000499,EV000121,ST001,2025-04-04T06:00:00Z,47.5,35.72,79.58,60.11,48.67,completed
CHG0000500,EV000045,ST002,2025-04-04T09:00:00Z,41.5,29.46,74.9,69.84,43.56,completed
CHG0000501,EV000078,ST001,2025-04-04T12:00:00Z,58.1,44.71,94.8,43.41,45.57,completed
CHG0000502,EV000147,ST003,2025-04-04T15:00:00Z,46.6,29.11,95.91,62.69,37.33,completed
CHG0000503,EV000060,ST002,2025-04-04T18:00:00Z,41.5,35.87,70.25,56.77,32.42,completed
CHG0000504,EV000167,ST001,2025-04-04T21:00:00Z,57.9,34.45,76.51,72.06,46.76,completed
CHG0000505,EV000160,ST003,2025-04-05T00:00:00Z,48.3,27.66,79.45,52.02,33.42,completed
CHG0000506,EV000295,ST002,2025-04-05T03:00:00Z,45.4,37.37,93.49,59.56,35.85,completed
CHG0000507,EV000053,ST003,2025-04-05T06:00:00Z,41.3,28.37,74.31,51.3,34.15,completed
CHG0000508,EV000418,ST002,2025-04-05T09:00:00Z,48.1,16.99,77.91,48.25,37.02,completed
CHG0000509,EV000128,ST002,2025-04-05T12:00:00Z,39.9,31.1,93.66,55.18,39.57,completed
CHG0000510,EV000409,ST002,2025-04-05T15:00:00Z,30.4,20.08,72.26,67.82,34.27,completed
CHG0000511,EV000266,ST002,2025-04-05T18:00:00Z,51.0,40.01,78.57,55.47,48.72,completed
CHG0000512,EV000209,ST001,2025-04-05T21:00:00Z,95.6,42.37,95.71,38.78,39.87,completed
CHG0000513,EV000069,ST003,2025-04-06T00:00:00Z,38.3,16.52,80.18,57.12,38.98,completed
CHG0000514,EV000112,ST002,2025-04-06T03:00:00Z,35.1,18.26,77.33,44.13,34.34,completed
CHG0000515,EV000398,ST001,2025-04-06T06:00:00Z,101.8,13.1,89.15,76.74,37.78,completed
CHG0000516,EV000081,ST002,2025-04-06T09:00:00Z,51.7,35.24,87.9,59.61,33.89,completed
CHG0000517,EV000107,ST004,2025-04-06T12:00:00Z,40.9,43.31,84.43,51.92,48.7,completed
CHG0000518,EV000231,ST002,2025-04-06T15:00:00Z,46.4,43.48,81.07,49.22,36.61,completed
CHG0000519,EV000201,ST004,2025-04-06T18:00:00Z,44.8,12.76,88.06,62.61,34.16,completed
CHG0000520,EV000168,ST002,2025-04-06T21:00:00Z,64.9,10.91,82.77,51.71,36.77,completed
CHG0000521,EV000095,ST004,2025-04-07T00:00:00Z,53.1,39.96,72.31,56.74,51.98,completed
CHG0000522,EV000126,ST002,2025-04-07T03:00:00Z,59.0,28.01,92.15,46.46,38.22,completed
CHG0000523,EV000250,ST001,2025-04-07T06:00:00Z,28.6,20.55,88.95,63.78,35.97,completed
CHG0000524,EV000379,ST002,2025-04-07T09:00:00Z,45.3,17.36,73.38,51.46,39.5,completed
CHG0000525,EV000435,ST003,2025-04-07T12:00:00Z,39.3,32.91,77.78,70.3,35.33,completed
CHG0000526,EV000227,ST001,2025-04-07T15:00:00Z,47.2,20.76,75.85,43.39,34.65,completed
CHG0000527,EV000050,ST002,2025-04-07T18:00:00Z,44.2,22.65,75.31,60.48,35.16,completed
CHG0000528,EV000070,ST004,2025-04-07T21:00:00Z,58.3,31.68,93.19,55.34,32.89,completed
CHG0000529,EV000266,ST001,2025-04-08T00:00:00Z,31.4,37.35,84.25,46.15,39.51,completed
CHG0000530,EV000029,ST004,2025-04-08T03:00:00Z,48.6,27.88,74.3,74.65,42.03,completed
CHG0000531,EV000226,ST002,2025-04-08T06:00:00Z,53.5,29.0,89.15,45.68,35.23,completed
CHG0000532,EV000348,ST002,2025-04-08T09:00:00Z,59.2,21.26,88.36,55.23,39.73,completed
CHG0000533,EV000215,ST001,2025-04-08T12:00:00Z,55.8,17.55,82.61,58.04,44.19,completed
CHG0000534,EV000230,ST001,2025-04-08T15:00:00Z,81.8,39.02,97.1,62.92,40.23,completed
CHG0000535,EV000215,ST003,2025-04-08T18:00:00Z,39.0,40.73,94.33,60.9,37.91,completed
CHG0000536,EV000137,ST003,2025-04-08T21:00:00Z,57.9,43.14,92.03,49.58,51.68,completed
CHG0000537,EV000232,ST002,2025-04-09T00:00:00Z,32.6,33.26,72.85,58.93,38.88,completed
CHG0000538,EV000322,ST001,2025-04-09T03:00:00Z,106.2,13.98,80.55,58.59,34.97,completed
CHG0000539,EV000425,ST001,2025-04-09T06:00:00Z,43.3,33.57,76.94,61.94,36.63,completed
CHG0000540,EV000115,ST004,2025-04-09T09:00:00Z,28.9,26.23,82.41,56.63,37.07,completed
CHG0000541,EV000174,ST001,2025-04-09T12:00:00Z,42.7,32.87,78.37,40.66,41.02,completed
CHG0000542,EV000494,ST001,2025-04-09T15:00:00Z,49.1,34.61,87.23,55.73,49.45,completed
CHG0000543,EV000006,ST001,2025-04-09T18:00:00Z,57.8,11.01,72.34,53.32,34.24,completed
CHG0000544,EV000256,ST001,2025-04-09T21:00:00Z,55.0,27.75,73.54,61.28,35.51,completed
CHG0000545,EV000499,ST003,2025-04-10T00:00:00Z,49.2,33.13,73.44,47.83,40.94,completed
CHG0000546,EV000161,ST003,2025-04-10T03:00:00Z,62.4,37.3,91.8,65.03,33.36,completed
CHG0000547,EV000329,ST004,2025-04-10T06:00:00Z,83.5,28.95,80.35,54.46,42.48,completed
CHG0000548,EV000249,ST002,2025-04-10T09:00:00Z,52.6,23.38,80.42,81.97,36.2,completed
CHG0000549,EV000136,ST001,2025-04-10T12:00:00Z,53.1,22.67,95.51,49.08,48.73,completed
CHG0000550,EV000005,ST003,2025-04-10T15:00:00Z,61.2,32.95,85.1,69.36,39.81,completed
CHG0000551,EV000395,ST004,2025-04-10T18:00:00Z,52.9,37.62,77.49,54.15,50.51,completed
CHG0000552,EV000380,ST003,2025-04-10T21:00:00Z,47.7,23.18,80.15,62.08,42.56,completed
CHG0000553,EV000028,ST002,2025-04-11T00:00:00Z,39.6,37.81,85.35,59.23,33.53,completed
CHG0000554,EV000148,ST004,2025-04-11T03:00:00Z,55.9,30.25,87.02,61.02,37.95,completed
CHG0000555,EV000297,ST001,2025-04-11T06:00:00Z,64.0,12.6,77.82,37.71,42.08,completed
CHG0000556,EV000037,ST002,2025-04-11T09:00:00Z,35.6,11.34,89.9,62.85,29.73,completed
CHG0000557,EV000090,ST002,2025-04-11T12:00:00Z,118.3,39.35,78.95,32.75,36.2,completed
CHG0000558,EV000098,ST003,2025-04-11T15:00:00Z,113.1,44.29,97.46,38.97,42.65,completed
CHG0000559,EV000145,ST001,2025-04-11T18:00:00Z,41.6,13.81,81.08,56.94,35.29,completed
CHG0000560,EV000017,ST004,2025-04-11T21:00:00Z,47.6,20.92,86.78,58.14,37.52,completed
CHG0000561,EV000200,ST004,2025-04-12T00:00:00Z,32.6,39.12,87.84,41.15,32.22,completed
CHG0000562,EV000354,ST001,2025-04-12T03:00:00Z,59.8,12.17,83.68,47.11,36.98,completed
CHG0000563,EV000284,ST002,2025-04-12T06:00:00Z,57.7,33.3,83.51,52.81,46.25,completed
CHG0000564,EV000118,ST004,2025-04-12T09:00:00Z,49.4,32.08,75.64,52.6,31.95,completed
CHG0000565,EV000112,ST003,2025-04-12T12:00:00Z,50.5,17.4,95.04,38.88,38.3,completed
CHG0000566,EV000245,ST004,2025-04-12T15:00:00Z,46.3,39.85,81.86,42.26,42.36,completed
CHG0000567,EV000284,ST003,2025-04-12T18:00:00Z,51.8,19.46,84.09,59.4,49.76,completed
CHG0000568,EV000325,ST001,2025-04-12T21:00:00Z,45.1,33.59,96.88,43.22,40.39,completed
CHG0000569,EV000185,ST001,2025-04-13T00:00:00Z,48.0,43.88,80.91,68.61,42.23,completed
CHG0000570,EV000370,ST003,2025-04-13T03:00:00Z,44.8,36.87,77.11,39.84,40.34,completed
CHG0000571,EV000276,ST003,2025-04-13T06:00:00Z,60.3,31.17,92.02,62.53,42.45,completed
CHG0000572,EV000085,ST003,2025-04-13T09:00:00Z,37.5,22.76,94.81,55.09,39.05,completed
CHG0000573,EV000039,ST003,2025-04-13T12:00:00Z,78.9,44.56,80.39,54.13,40.04,completed
CHG0000574,EV000303,ST001,2025-04-13T15:00:00Z,47.3,25.26,93.3,55.32,46.79,completed
CHG0000575,EV000362,ST001,2025-04-13T18:00:00Z,42.5,10.39,80.71,56.53,30.82,completed
CHG0000576,EV000374,ST004,2025-04-13T21:00:00Z,53.6,26.04,85.02,40.51,38.38,completed
CHG0000577,EV000485,ST001,2025-04-14T00:00:00Z,47.2,25.15,94.01,54.31,34.58,completed
CHG0000578,EV000097,ST003,2025-04-14T03:00:00Z,47.4,37.77,81.49,67.46,37.22,completed
CHG0000579,EV000335,ST002,2025-04-14T06:00:00Z,37.6,44.63,84.64,52.87,49.24,completed
CHG0000580,EV000187,ST004,2025-04-14T09:00:00Z,36.5,37.46,74.43,64.78,39.22,completed
CHG0000581,EV000282,ST003,2025-04-14T12:00:00Z,45.8,17.17,78.15,61.81,38.53,completed
CHG0000582,EV000406,ST003,2025-04-14T15:00:00Z,47.4,42.07,76.85,69.39,49.38,completed
CHG0000583,EV000166,ST003,2025-04-14T18:00:00Z,48.5,40.51,78.66,57.81,34.43,completed
CHG0000584,EV000372,ST002,2025-04-14T21:00:00Z,52.8,43.42,82.04,56.86,39.17,completed
CHG0000585,EV000124,ST003,2025-04-15T00:00:00Z,44.2,14.32,92.72,47.9,35.38,completed
CHG0000586,EV000044,ST003,2025-04-15T03:00:00Z,40.4,32.63,92.94,77.1,53.25,completed
CHG0000587,EV000053,ST003,2025-04-15T06:00:00Z,40.6,19.25,73.25,59.04,36.71,completed
CHG0000588,EV000484,ST004,2025-04-15T09:00:00Z,47.6,32.06,77.26,43.84,32.63,completed
CHG0000589,EV000494,ST003,2025-04-15T12:00:00Z,43.7,17.95,77.51,44.7,53.4,completed
CHG0000590,EV000061,ST004,2025-04-15T15:00:00Z,52.6,15.96,90.82,68.64,41.78,completed
CHG0000591,EV000260,ST003,2025-04-15T18:00:00Z,53.0,19.31,75.38,43.09,46.48,completed
CHG0000592,EV000130,ST003,2025-04-15T21:00:00Z,37.8,27.48,85.28,43.37,40.58,completed
CHG0000593,EV000229,ST002,2025-04-16T00:00:00Z,48.7,39.68,92.49,68.8,39.34,completed
CHG0000594,EV000287,ST003,2025-04-16T03:00:00Z,43.4,20.47,95.38,65.81,33.62,completed
CHG0000595,EV000140,ST004,2025-04-16T06:00:00Z,49.2,28.57,87.25,45.74,54.87,completed
CHG0000596,EV000032,ST004,2025-04-16T09:00:00Z,71.1,30.88,92.74,58.41,45.51,completed
CHG0000597,EV000266,ST001,2025-04-16T12:00:00Z,40.2,22.87,92.31,51.35,37.66,completed
CHG0000598,EV000089,ST004,2025-04-16T15:00:00Z,51.6,34.41,73.65,55.86,45.32,completed
CHG0000599,EV000492,ST002,2025-04-16T18:00:00Z,38.4,36.02,79.36,48.16,44.99,completed
CHG0000600,EV000498,ST004,2025-04-16T21:00:00Z,51.5,33.56,75.09,58.1,35.56,completed
CHG0000601,EV000339,ST003,2025-04-17T00:00:00Z,51.7,20.75,88.6,61.9,37.71,completed
CHG0000602,EV000312,ST001,2025-04-17T03:00:00Z,110.8,27.02,81.95,54.6,37.33,completed
CHG0000603,EV000465,ST003,2025-04-17T06:00:00Z,60.4,33.37,84.9,66.03,33.31,completed
CHG0000604,EV000367,ST002,2025-04-17T09:00:00Z,101.2,10.32,79.5,52.08,32.41,completed
CHG0000605,EV000323,ST001,2025-04-17T12:00:00Z,50.6,43.9,91.79,48.52,42.33,completed
CHG0000606,EV000006,ST002,2025-04-17T15:00:00Z,35.7,13.78,77.74,61.54,35.47,completed
CHG0000607,EV000308,ST003,2025-04-17T18:00:00Z,43.0,29.05,91.28,51.0,39.31,completed
CHG0000608,EV000199,ST003,2025-04-17T21:00:00Z,58.0,35.57,91.52,37.44,39.82,completed
CHG0000609,EV000294,ST004,2025-04-18T00:00:00Z,34.2,14.55,91.02,46.86,42.13,completed
CHG0000610,EV000156,ST004,2025-04-18T03:00:00Z,36.3,12.59,90.88,48.68,35.99,completed
CHG0000611,EV000444,ST001,2025-04-18T06:00:00Z,46.4,21.36,86.33,32.37,36.08,completed
CHG0000612,EV000346,ST003,2025-04-18T09:00:00Z,56.8,26.93,79.08,61.36,33.75,completed
CHG0000613,EV000131,ST001,2025-04-18T12:00:00Z,45.5,43.31,90.19,66.7,44.19,completed
CHG0000614,EV000386,ST003,2025-04-18T15:00:00Z,39.7,24.99,73.34,62.44,39.2,completed
CHG0000615,EV000147,ST002,2025-04-18T18:00:00Z,32.3,20.89,80.31,50.85,33.64,completed
CHG0000616,EV000221,ST004,2025-04-18T21:00:00Z,41.5,38.72,91.33,68.75,38.89,completed
CHG0000617,EV000154,ST002,2025-04-19T00:00:00Z,39.8,42.21,80.81,47.83,37.03,completed
CHG0000618,EV000241,ST004,2025-04-19T03:00:00Z,44.7,25.2,80.52,65.13,32.57,completed
CHG0000619,EV000355,ST002,2025-04-19T06:00:00Z,56.7,41.95,92.2,44.02,33.44,completed
CHG0000620,EV000148,ST003,2025-04-19T09:00:00Z,48.0,38.18,77.93,62.61,29.96,completed
CHG0000621,EV000085,ST004,2025-04-19T12:00:00Z,35.8,18.37,76.5,55.96,35.39,completed
CHG0000622,EV000249,ST001,2025-04-19T15:00:00Z,55.8,10.95,84.22,58.95,39.22,completed
CHG0000623,EV000131,ST003,2025-04-19T18:00:00Z,34.7,15.55,79.14,50.78,37.52,completed
CHG0000624,EV000045,ST002,2025-04-19T21:00:00Z,45.3,28.88,70.84,44.5,37.41,completed
CHG0000625,EV000233,ST002,2025-04-20T00:00:00Z,98.6,26.95,83.29,44.67,37.49,completed
CHG0000626,EV000290,ST003,2025-04-20T03:00:00Z,50.1,18.86,76.85,52.75,39.75,completed
CHG0000627,EV000428,ST001,2025-04-20T06:00:00Z,40.9,12.64,76.4,50.05,38.48,completed
CHG0000628,EV000432,ST001,2025-04-20T09:00:00Z,50.0,11.11,74.31,58.47,28.4,completed
CHG0000629,EV000415,ST004,2025-04-20T12:00:00Z,48.3,22.24,95.66,61.31,37.76,completed
CHG0000630,EV000362,ST002,2025-04-20T15:00:00Z,44.6,31.94,82.89,58.0,42.88,completed
CHG0000631,EV000062,ST004,2025-04-20T18:00:00Z,57.9,12.84,89.27,50.93,34.51,completed
CHG0000632,EV000077,ST004,2025-04-20T21:00:00Z,46.1,32.92,90.36,65.69,35.67,completed
CHG0000633,EV000160,ST004,2025-04-21T00:00:00Z,57.4,23.21,93.71,54.52,26.64,completed
CHG0000634,EV000113,ST004,2025-04-21T03:00:00Z,42.0,12.18,82.71,67.45,45.36,completed
CHG0000635,EV000049,ST001,2025-04-21T06:00:00Z,41.7,44.07,71.98,39.43,41.13,completed
CHG0000636,EV000094,ST004,2025-04-21T09:00:00Z,52.4,30.09,88.93,70.7,37.55,completed
CHG0000637,EV000136,ST001,2025-04-21T12:00:00Z,54.9,19.77,97.73,34.52,46.74,completed
CHG0000638,EV000266,ST003,2025-04-21T15:00:00Z,63.9,23.94,90.56,67.25,38.77,completed
CHG0000639,EV000427,ST002,2025-04-21T18:00:00Z,43.6,27.93,96.56,61.65,31.86,completed
CHG0000640,EV000242,ST004,2025-04-21T21:00:00Z,49.4,43.0,80.65,64.29,35.54,completed
CHG0000641,EV000082,ST003,2025-04-22T00:00:00Z,56.2,14.22,75.11,49.94,50.38,completed
CHG0000642,EV000473,ST003,2025-04-22T03:00:00Z,51.4,26.58,91.32,57.14,38.2,completed
CHG0000643,EV000465,ST001,2025-04-22T06:00:00Z,51.2,19.5,84.43,57.84,40.14,completed
CHG0000644,EV000134,ST004,2025-04-22T09:00:00Z,81.3,44.02,80.25,60.17,41.4,completed
CHG0000645,EV000036,ST002,2025-04-22T12:00:00Z,58.4,35.11,79.18,54.13,38.09,completed
CHG0000646,EV000257,ST003,2025-04-22T15:00:00Z,64.0,17.44,70.19,43.88,35.04,completed
CHG0000647,EV000457,ST001,2025-04-22T18:00:00Z,110.3,20.94,93.16,58.26,39.48,completed
CHG0000648,EV000488,ST004,2025-04-22T21:00:00Z,50.5,38.23,84.4,48.47,36.94,completed
CHG0000649,EV000044,ST002,2025-04-23T00:00:00Z,41.4,27.56,87.01,59.63,49.74,completed
CHG0000650,EV000159,ST001,2025-04-23T03:00:00Z,56.1,35.38,76.81,56.38,41.8,completed
CHG0000651,EV000381,ST002,2025-04-23T06:00:00Z,54.8,40.36,81.97,54.53,37.8,completed
CHG0000652,EV000183,ST002,2025-04-23T09:00:00Z,114.2,38.3,93.66,61.45,43.76,completed
CHG0000653,EV000088,ST004,2025-04-23T12:00:00Z,38.2,14.35,91.87,57.12,44.06,completed
CHG0000654,EV000313,ST002,2025-04-23T15:00:00Z,64.6,30.96,87.98,52.36,37.18,completed
CHG0000655,EV000477,ST004,2025-04-23T18:00:00Z,75.3,39.97,77.66,57.78,40.14,completed
CHG0000656,EV000490,ST004,2025-04-23T21:00:00Z,46.1,40.64,79.48,64.66,36.17,completed
CHG0000657,EV000182,ST001,2025-04-24T00:00:00Z,51.9,35.08,74.23,47.28,50.58,completed
CHG0000658,EV000171,ST003,2025-04-24T03:00:00Z,40.6,14.3,79.9,68.37,37.25,completed
CHG0000659,EV000411,ST001,2025-04-24T06:00:00Z,59.1,11.09,88.76,63.74,36.69,completed
CHG0000660,EV000145,ST003,2025-04-24T09:00:00Z,40.9,43.55,74.52,46.1,31.82,completed
CHG0000661,EV000474,ST001,2025-04-24T12:00:00Z,104.3,43.17,75.91,59.08,43.76,completed
CHG0000662,EV000034,ST002,2025-04-24T15:00:00Z,47.1,13.92,75.52,66.61,52.28,completed
CHG0000663,EV000275,ST003,2025-04-24T18:00:00Z,43.7,36.18,90.39,52.51,41.75,completed
CHG0000664,EV000313,ST003,2025-04-24T21:00:00Z,46.9,33.09,92.16,51.13,28.02,completed
CHG0000665,EV000436,ST002,2025-04-25T00:00:00Z,42.5,36.91,96.17,67.06,40.54,completed
CHG0000666,EV000208,ST004,2025-04-25T03:00:00Z,45.6,17.07,71.07,60.92,33.62,completed
CHG0000667,EV000354,ST003,2025-04-25T06:00:00Z,43.7,26.92,90.55,56.34,35.57,completed
CHG0000668,EV000257,ST003,2025-04-25T09:00:00Z,63.2,43.64,81.54,58.49,32.78,completed
CHG0000669,EV000498,ST003,2025-04-25T12:00:00Z,51.7,41.72,95.56,59.44,39.63,completed
CHG0000670,EV000364,ST004,2025-04-25T15:00:00Z,45.1,25.58,88.48,53.0,35.93,completed
CHG0000671,EV000333,ST002,2025-04-25T18:00:00Z,42.8,42.57,97.11,50.05,46.15,completed
CHG0000672,EV000031,ST001,2025-04-25T21:00:00Z,53.3,14.32,91.04,48.83,38.49,completed
CHG0000673,EV000325,ST004,2025-04-26T00:00:00Z,42.8,14.07,75.55,61.51,35.09,completed
CHG0000674,EV000077,ST002,2025-04-26T03:00:00Z,51.5,33.9,86.42,52.62,37.6,completed
CHG0000675,EV000017,ST002,2025-04-26T06:00:00Z,50.2,10.31,70.69,67.62,37.65,completed
CHG0000676,EV000146,ST004,2025-04-26T09:00:00Z,39.7,11.6,96.96,53.66,34.48,completed
CHG0000677,EV000234,ST002,2025-04-26T12:00:00Z,55.3,30.38,70.34,52.87,39.39,completed
CHG0000678,EV000366,ST003,2025-04-26T15:00:00Z,35.8,44.28,97.55,38.39,38.37,completed
CHG0000679,EV000458,ST003,2025-04-26T18:00:00Z,46.0,34.39,94.05,56.12,39.93,completed
CHG0000680,EV000164,ST003,2025-04-26T21:00:00Z,21.5,24.11,82.91,58.73,39.2,completed
CHG0000681,EV000464,ST004,2025-04-27T00:00:00Z,55.3,13.58,81.53,59.17,42.51,completed
CHG0000682,EV000193,ST003,2025-04-27T03:00:00Z,39.8,41.08,94.38,64.81,42.8,completed
CHG0000683,EV000184,ST002,2025-04-27T06:00:00Z,45.2,41.41,83.58,77.39,35.92,completed
CHG0000684,EV000183,ST003,2025-04-27T09:00:00Z,96.9,32.37,91.36,57.14,42.38,completed
CHG0000685,EV000484,ST002,2025-04-27T12:00:00Z,33.9,24.37,96.14,47.24,40.93,completed
CHG0000686,EV000088,ST002,2025-04-27T15:00:00Z,48.2,42.48,80.64,40.52,50.17,completed
CHG0000687,EV000482,ST004,2025-04-27T18:00:00Z,48.1,27.32,74.6,74.41,39.1,completed
CHG0000688,EV000063,ST004,2025-04-27T21:00:00Z,44.6,40.28,93.16,43.87,45.14,completed
CHG0000689,EV000480,ST003,2025-04-28T00:00:00Z,86.1,34.23,71.63,42.62,40.51,completed
CHG0000690,EV000022,ST002,2025-04-28T03:00:00Z,51.8,28.95,88.17,52.81,43.16,completed
CHG0000691,EV000295,ST001,2025-04-28T06:00:00Z,55.8,11.23,97.31,41.04,32.12,completed
CHG0000692,EV000281,ST003,2025-04-28T09:00:00Z,40.2,13.66,73.47,40.82,38.34,completed
CHG0000693,EV000185,ST001,2025-04-28T12:00:00Z,52.7,20.72,77.68,72.12,39.73,completed
CHG0000694,EV000256,ST003,2025-04-28T15:00:00Z,27.2,26.23,70.44,67.76,37.53,completed
CHG0000695,EV000010,ST003,2025-04-28T18:00:00Z,49.6,31.65,73.71,49.32,38.17,completed
CHG0000696,EV000328,ST002,2025-04-28T21:00:00Z,47.3,14.74,81.51,39.42,34.23,completed
CHG0000697,EV000407,ST002,2025-04-29T00:00:00Z,46.3,38.15,76.7,55.25,36.16,completed
CHG0000698,EV000435,ST001,2025-04-29T03:00:00Z,29.7,40.69,76.02,58.85,32.17,completed
CHG0000699,EV000079,ST002,2025-04-29T06:00:00Z,55.0,25.25,88.79,55.7,35.47,completed
CHG0000700,EV000412,ST001,2025-04-29T09:00:00Z,103.5,44.5,90.86,35.11,40.82,completed
CHG0000701,EV000281,ST004,2025-04-29T12:00:00Z,37.7,31.83,79.1,56.63,36.57,completed
CHG0000702,EV000305,ST003,2025-04-29T15:00:00Z,46.2,19.89,70.53,58.94,34.2,completed
CHG0000703,EV000426,ST003,2025-04-29T18:00:00Z,44.7,41.21,86.72,41.41,40.37,completed
CHG0000704,EV000074,ST002,2025-04-29T21:00:00Z,39.6,19.35,97.39,61.03,37.96,completed
CHG0000705,EV000222,ST002,2025-04-30T00:00:00Z,47.7,21.22,92.84,52.46,40.5,completed
CHG0000706,EV000103,ST002,2025-04-30T03:00:00Z,52.9,26.97,74.91,61.4,50.33,completed
CHG0000707,EV000171,ST003,2025-04-30T06:00:00Z,40.0,32.07,71.47,75.66,39.45,completed
CHG0000708,EV000370,ST002,2025-04-30T09:00:00Z,36.6,24.12,71.27,49.49,42.73,completed
CHG0000709,EV000127,ST003,2025-04-30T12:00:00Z,58.9,10.44,87.92,56.98,52.81,completed
CHG0000710,EV000005,ST004,2025-04-30T15:00:00Z,53.1,42.7,87.7,65.43,46.99,completed
CHG0000711,EV000287,ST002,2025-04-30T18:00:00Z,45.5,24.36,95.8,54.96,33.46,completed
CHG0000712,EV000372,ST001,2025-04-30T21:00:00Z,64.7,40.63,86.41,51.54,37.62,completed
CHG0000713,EV000116,ST002,2025-05-01T00:00:00Z,50.2,36.6,83.24,42.5,34.64,completed
CHG0000714,EV000487,ST003,2025-05-01T03:00:00Z,54.5,34.96,77.01,47.22,36.62,completed
CHG0000715,EV000266,ST001,2025-05-01T06:00:00Z,43.0,28.21,82.69,48.01,31.73,completed
CHG0000716,EV000364,ST001,2025-05-01T09:00:00Z,44.6,42.25,73.07,54.35,42.78,completed
CHG0000717,EV000449,ST001,2025-05-01T12:00:00Z,61.6,11.44,97.94,31.72,48.33,completed
CHG0000718,EV000207,ST002,2025-05-01T15:00:00Z,53.7,25.92,82.56,63.0,34.47,completed
CHG0000719,EV000411,ST001,2025-05-01T18:00:00Z,40.0,27.91,89.92,34.9,32.67,completed
CHG0000720,EV000403,ST002,2025-05-01T21:00:00Z,39.2,24.49,78.48,64.66,38.41,completed
CHG0000721,EV000085,ST002,2025-05-02T00:00:00Z,54.4,14.45,77.72,45.45,43.01,completed
CHG0000722,EV000236,ST001,2025-05-02T03:00:00Z,56.6,24.22,71.2,53.58,35.85,completed
CHG0000723,EV000394,ST001,2025-05-02T06:00:00Z,38.1,25.13,92.0,53.24,38.13,completed
CHG0000724,EV000208,ST003,2025-05-02T09:00:00Z,34.8,20.12,79.19,50.59,42.47,completed
CHG0000725,EV000424,ST004,2025-05-02T12:00:00Z,37.5,16.75,77.44,50.86,38.08,completed
CHG0000726,EV000416,ST002,2025-05-02T15:00:00Z,61.1,25.26,94.76,49.75,35.09,completed
CHG0000727,EV000322,ST004,2025-05-02T18:00:00Z,102.8,20.58,78.6,62.01,37.4,completed
CHG0000728,EV000478,ST003,2025-05-02T21:00:00Z,72.3,31.17,72.06,60.85,35.24,completed
CHG0000729,EV000453,ST002,2025-05-03T00:00:00Z,59.3,36.99,91.1,29.04,32.81,completed
CHG0000730,EV000447,ST003,2025-05-03T03:00:00Z,38.6,12.58,89.87,51.1,41.14,completed
CHG0000731,EV000069,ST001,2025-05-03T06:00:00Z,55.4,13.55,78.54,65.81,41.37,completed
CHG0000732,EV000340,ST001,2025-05-03T09:00:00Z,51.1,42.12,73.57,67.03,41.48,completed
CHG0000733,EV000101,ST002,2025-05-03T12:00:00Z,45.0,29.94,83.1,68.02,45.1,completed
CHG0000734,EV000438,ST003,2025-05-03T15:00:00Z,49.0,41.33,79.45,56.41,39.16,completed
CHG0000735,EV000271,ST004,2025-05-03T18:00:00Z,43.8,30.74,80.96,50.52,39.34,completed
CHG0000736,EV000381,ST001,2025-05-03T21:00:00Z,46.6,31.98,79.58,53.28,40.45,completed
CHG0000737,EV000254,ST004,2025-05-04T00:00:00Z,97.8,29.17,85.42,52.79,36.31,completed
CHG0000738,EV000163,ST001,2025-05-04T03:00:00Z,47.2,29.05,85.79,54.55,43.79,completed
CHG0000739,EV000160,ST004,2025-05-04T06:00:00Z,30.6,21.4,85.52,48.59,32.97,completed
CHG0000740,EV000241,ST001,2025-05-04T09:00:00Z,55.0,24.15,97.65,52.4,30.63,completed
CHG0000741,EV000189,ST004,2025-05-04T12:00:00Z,43.1,16.23,96.28,64.81,51.11,completed
CHG0000742,EV000495,ST004,2025-05-04T15:00:00Z,87.6,44.91,76.72,48.33,39.68,completed
CHG0000743,EV000117,ST004,2025-05-04T18:00:00Z,62.7,17.98,77.92,57.74,34.73,completed
CHG0000744,EV000487,ST004,2025-05-04T21:00:00Z,49.3,15.11,93.44,60.5,41.31,completed
CHG0000745,EV000078,ST001,2025-05-05T00:00:00Z,41.8,13.22,95.73,44.76,35.65,completed
CHG0000746,EV000483,ST001,2025-05-05T03:00:00Z,41.4,28.47,90.37,46.33,35.7,completed
CHG0000747,EV000236,ST003,2025-05-05T06:00:00Z,45.8,25.14,78.42,59.1,37.68,completed
CHG0000748,EV000248,ST001,2025-05-05T09:00:00Z,53.0,31.44,95.01,61.52,33.38,completed
CHG0000749,EV000093,ST003,2025-05-05T12:00:00Z,54.9,42.47,73.78,60.15,38.35,completed
CHG0000750,EV000263,ST004,2025-05-05T15:00:00Z,59.8,38.8,87.01,39.42,34.75,completed
CHG0000751,EV000443,ST001,2025-05-05T18:00:00Z,53.5,22.73,75.04,71.31,37.73,completed
CHG0000752,EV000280,ST003,2025-05-05T21:00:00Z,59.1,36.85,76.03,56.81,37.61,completed
CHG0000753,EV000457,ST004,2025-05-06T00:00:00Z,77.3,44.25,71.34,69.5,40.39,completed
CHG0000754,EV000117,ST001,2025-05-06T03:00:00Z,43.6,27.36,82.26,60.3,36.1,completed
CHG0000755,EV000181,ST002,2025-05-06T06:00:00Z,52.6,16.22,86.39,60.36,53.18,completed
CHG0000756,EV000098,ST002,2025-05-06T09:00:00Z,93.4,44.58,76.86,38.81,35.19,completed
CHG0000757,EV000301,ST001,2025-05-06T12:00:00Z,48.1,22.51,87.09,57.32,38.43,completed
CHG0000758,EV000387,ST001,2025-05-06T15:00:00Z,47.2,43.25,87.47,63.84,38.87,completed
CHG0000759,EV000404,ST002,2025-05-06T18:00:00Z,54.4,14.74,95.59,60.69,39.11,completed
CHG0000760,EV000032,ST003,2025-05-06T21:00:00Z,96.6,34.5,86.51,64.18,29.92,completed
CHG0000761,EV000253,ST004,2025-05-07T00:00:00Z,50.4,33.89,88.08,64.17,29.92,completed
CHG0000762,EV000363,ST004,2025-05-07T03:00:00Z,54.5,29.75,96.88,50.67,29.16,completed
CHG0000763,EV000248,ST003,2025-05-07T06:00:00Z,28.4,34.96,85.19,57.99,38.67,completed
CHG0000764,EV000365,ST002,2025-05-07T09:00:00Z,64.4,23.02,71.15,76.22,41.35,completed
CHG0000765,EV000318,ST003,2025-05-07T12:00:00Z,55.2,39.63,92.25,56.03,37.65,completed
CHG0000766,EV000357,ST003,2025-05-07T15:00:00Z,54.7,39.76,83.89,50.89,32.12,completed
CHG0000767,EV000112,ST001,2025-05-07T18:00:00Z,52.5,25.42,74.52,59.01,39.7,completed
CHG0000768,EV000305,ST002,2025-05-07T21:00:00Z,49.3,27.02,96.42,57.32,40.72,completed
CHG0000769,EV000097,ST004,2025-05-08T00:00:00Z,43.7,26.55,90.67,50.0,37.9,completed
CHG0000770,EV000422,ST001,2025-05-08T03:00:00Z,40.9,34.6,81.36,52.27,30.31,completed
CHG0000771,EV000202,ST001,2025-05-08T06:00:00Z,50.5,12.14,94.31,42.88,51.16,completed
CHG0000772,EV000467,ST003,2025-05-08T09:00:00Z,64.8,22.42,74.91,51.4,44.9,completed
CHG0000773,EV000379,ST003,2025-05-08T12:00:00Z,41.3,18.95,83.51,69.5,38.95,completed
CHG0000774,EV000103,ST001,2025-05-08T15:00:00Z,49.3,12.73,70.16,63.04,52.03,completed
CHG0000775,EV000256,ST003,2025-05-08T18:00:00Z,53.5,30.28,77.48,49.74,38.3,completed
CHG0000776,EV000169,ST002,2025-05-08T21:00:00Z,40.7,32.24,94.26,56.16,34.59,completed
CHG0000777,EV000102,ST003,2025-05-09T00:00:00Z,45.6,39.6,75.36,47.8,42.78,completed
CHG0000778,EV000415,ST001,2025-05-09T03:00:00Z,39.4,25.08,86.59,57.44,42.19,completed
CHG0000779,EV000074,ST004,2025-05-09T06:00:00Z,40.8,24.45,91.39,57.98,33.41,completed
CHG0000780,EV000414,ST003,2025-05-09T09:00:00Z,32.9,18.91,88.8,50.01,50.27,completed
CHG0000781,EV000054,ST001,2025-05-09T12:00:00Z,43.8,26.07,88.9,57.93,37.26,completed
CHG0000782,EV000408,ST001,2025-05-09T15:00:00Z,40.0,32.63,95.22,61.19,34.49,completed
CHG0000783,EV000473,ST001,2025-05-09T18:00:00Z,48.8,38.05,90.03,55.13,42.17,completed
CHG0000784,EV000279,ST004,2025-05-09T21:00:00Z,50.2,37.37,88.65,63.01,35.92,completed
CHG0000785,EV000481,ST002,2025-05-10T00:00:00Z,37.5,18.5,90.72,77.01,35.57,completed
CHG0000786,EV000369,ST002,2025-05-10T03:00:00Z,46.5,28.2,81.08,52.83,40.32,completed
CHG0000787,EV000041,ST004,2025-05-10T06:00:00Z,53.0,14.94,79.49,59.29,53.46,completed
CHG0000788,EV000199,ST004,2025-05-10T09:00:00Z,58.4,21.92,75.65,65.12,34.74,completed
CHG0000789,EV000344,ST001,2025-05-10T12:00:00Z,54.2,26.41,92.83,52.18,49.73,completed
CHG0000790,EV000301,ST001,2025-05-10T15:00:00Z,56.3,19.52,81.35,65.85,44.78,completed
CHG0000791,EV000371,ST001,2025-05-10T18:00:00Z,50.5,13.95,94.88,40.84,43.51,completed
CHG0000792,EV000174,ST002,2025-05-10T21:00:00Z,59.4,11.79,73.52,43.38,36.1,completed
CHG0000793,EV000490,ST003,2025-05-11T00:00:00Z,51.6,23.82,77.24,63.68,33.12,completed
CHG0000794,EV000394,ST002,2025-05-11T03:00:00Z,41.1,12.9,96.07,50.91,32.37,completed
CHG0000795,EV000069,ST003,2025-05-11T06:00:00Z,35.4,39.59,72.75,55.03,34.27,completed
CHG0000796,EV000266,ST001,2025-05-11T09:00:00Z,62.5,15.33,80.78,37.2,38.11,completed
CHG0000797,EV000026,ST002,2025-05-11T12:00:00Z,58.4,25.2,87.03,59.99,30.24,completed
CHG0000798,EV000178,ST004,2025-05-11T15:00:00Z,45.2,44.2,83.16,39.55,29.34,completed
CHG0000799,EV000376,ST003,2025-05-11T18:00:00Z,36.1,42.89,84.07,67.56,39.3,completed
CHG0000800,EV000174,ST004,2025-05-11T21:00:00Z,47.4,24.99,84.35,29.59,44.22,completed
CHG0000801,EV000038,ST002,2025-05-12T00:00:00Z,57.5,24.68,74.96,50.13,45.27,completed
CHG0000802,EV000115,ST004,2025-05-12T03:00:00Z,45.0,13.99,80.01,52.62,45.38,completed
CHG0000803,EV000373,ST003,2025-05-12T06:00:00Z,85.0,18.23,75.77,68.17,36.65,completed
CHG0000804,EV000175,ST004,2025-05-12T09:00:00Z,44.0,26.19,78.52,60.07,38.56,completed
CHG0000805,EV000239,ST001,2025-05-12T12:00:00Z,67.8,13.15,72.36,60.44,36.27,completed
CHG0000806,EV000195,ST002,2025-05-12T15:00:00Z,56.9,41.71,79.74,63.9,51.5,completed
CHG0000807,EV000120,ST004,2025-05-12T18:00:00Z,51.3,42.96,85.56,58.54,36.42,completed
CHG0000808,EV000235,ST004,2025-05-12T21:00:00Z,35.0,14.95,80.97,59.2,33.57,completed
CHG0000809,EV000146,ST002,2025-05-13T00:00:00Z,39.8,15.49,78.43,60.13,38.06,completed
CHG0000810,EV000481,ST003,2025-05-13T03:00:00Z,40.0,27.89,88.74,37.93,38.73,completed
CHG0000811,EV000487,ST001,2025-05-13T06:00:00Z,45.8,27.48,73.76,62.26,39.36,completed
CHG0000812,EV000045,ST004,2025-05-13T09:00:00Z,51.8,44.34,95.51,57.9,36.96,completed
CHG0000813,EV000495,ST004,2025-05-13T12:00:00Z,87.4,11.61,85.54,51.48,38.1,completed
CHG0000814,EV000456,ST003,2025-05-13T15:00:00Z,49.1,37.58,71.55,56.54,32.62,completed
CHG0000815,EV000488,ST002,2025-05-13T18:00:00Z,42.5,17.83,84.29,44.68,33.03,completed
CHG0000816,EV000161,ST004,2025-05-13T21:00:00Z,43.5,14.65,91.33,64.28,39.07,completed
CHG0000817,EV000007,ST002,2025-05-14T00:00:00Z,62.5,11.19,89.85,47.61,38.43,completed
CHG0000818,EV000364,ST001,2025-05-14T03:00:00Z,41.8,28.14,75.14,61.9,31.13,completed
CHG0000819,EV000406,ST003,2025-05-14T06:00:00Z,49.0,15.96,95.46,60.14,54.53,completed
CHG0000820,EV000341,ST001,2025-05-14T09:00:00Z,78.3,43.26,80.24,47.46,39.69,completed
CHG0000821,EV000166,ST003,2025-05-14T12:00:00Z,47.2,33.1,89.32,50.98,32.62,completed
CHG0000822,EV000271,ST004,2025-05-14T15:00:00Z,33.4,17.97,73.04,51.46,38.77,completed
CHG0000823,EV000153,ST002,2025-05-14T18:00:00Z,61.6,17.62,91.42,56.29,37.52,completed
CHG0000824,EV000484,ST003,2025-05-14T21:00:00Z,47.6,10.41,95.16,52.42,34.96,completed
CHG0000825,EV000471,ST001,2025-05-15T00:00:00Z,59.7,20.85,76.77,42.77,24.73,completed
CHG0000826,EV000460,ST002,2025-05-15T03:00:00Z,41.4,37.92,92.56,66.06,39.54,completed
CHG0000827,EV000433,ST002,2025-05-15T06:00:00Z,56.3,12.79,87.97,59.9,34.17,completed
CHG0000828,EV000088,ST004,2025-05-15T09:00:00Z,60.3,36.76,79.46,61.61,50.16,completed
CHG0000829,EV000078,ST004,2025-05-15T12:00:00Z,46.4,29.7,72.34,45.68,39.29,completed
CHG0000830,EV000083,ST004,2025-05-15T15:00:00Z,62.5,38.01,83.24,57.94,39.97,completed
CHG0000831,EV000176,ST004,2025-05-15T18:00:00Z,56.5,38.77,95.26,58.98,47.03,completed
CHG0000832,EV000111,ST001,2025-05-15T21:00:00Z,46.2,33.36,87.36,73.59,49.17,completed
CHG0000833,EV000005,ST003,2025-05-16T00:00:00Z,62.4,38.6,82.55,50.6,37.45,completed
CHG0000834,EV000350,ST004,2025-05-16T03:00:00Z,63.4,32.51,71.76,59.6,40.3,completed
CHG0000835,EV000296,ST003,2025-05-16T06:00:00Z,43.3,23.99,76.05,53.87,37.07,completed
CHG0000836,EV000076,ST003,2025-05-16T09:00:00Z,65.6,23.29,89.8,67.68,52.48,completed
CHG0000837,EV000390,ST002,2025-05-16T12:00:00Z,38.5,30.97,70.06,52.06,31.54,completed
CHG0000838,EV000429,ST002,2025-05-16T15:00:00Z,48.6,23.51,80.34,54.7,32.65,completed
CHG0000839,EV000302,ST003,2025-05-16T18:00:00Z,44.5,10.93,70.18,47.33,37.62,completed
CHG0000840,EV000274,ST003,2025-05-16T21:00:00Z,53.5,12.94,80.78,59.99,43.67,completed
CHG0000841,EV000127,ST001,2025-05-17T00:00:00Z,23.7,42.82,92.35,62.08,48.0,completed
CHG0000842,EV000327,ST001,2025-05-17T03:00:00Z,39.4,24.67,77.67,54.78,38.32,completed
CHG0000843,EV000074,ST001,2025-05-17T06:00:00Z,34.0,41.02,76.28,57.61,41.9,completed
CHG0000844,EV000323,ST001,2025-05-17T09:00:00Z,56.1,41.91,88.14,58.43,47.42,completed
CHG0000845,EV000131,ST002,2025-05-17T12:00:00Z,44.8,34.79,77.01,61.62,38.17,completed
CHG0000846,EV000190,ST002,2025-05-17T15:00:00Z,53.0,40.55,97.98,29.32,38.04,completed
CHG0000847,EV000279,ST002,2025-05-17T18:00:00Z,45.5,33.51,93.16,29.21,38.87,completed
CHG0000848,EV000125,ST001,2025-05-17T21:00:00Z,43.5,39.3,97.05,57.84,38.87,completed
CHG0000849,EV000027,ST002,2025-05-18T00:00:00Z,52.4,37.9,91.48,49.05,37.49,completed
CHG0000850,EV000150,ST004,2025-05-18T03:00:00Z,36.1,42.65,96.71,62.89,37.57,completed
CHG0000851,EV000270,ST001,2025-05-18T06:00:00Z,43.3,10.01,78.48,56.32,41.63,completed
CHG0000852,EV000054,ST002,2025-05-18T09:00:00Z,48.0,26.41,97.82,77.42,38.09,completed
CHG0000853,EV000352,ST003,2025-05-18T12:00:00Z,60.7,37.29,81.42,42.56,41.23,completed
CHG0000854,EV000492,ST003,2025-05-18T15:00:00Z,58.3,32.62,86.28,46.72,42.47,completed
CHG0000855,EV000078,ST004,2025-05-18T18:00:00Z,59.7,10.34,91.05,49.91,37.17,completed
CHG0000856,EV000041,ST002,2025-05-18T21:00:00Z,49.0,15.72,82.63,50.07,47.67,completed
CHG0000857,EV000250,ST003,2025-05-19T00:00:00Z,45.0,40.53,96.8,49.68,32.42,completed
CHG0000858,EV000472,ST002,2025-05-19T03:00:00Z,49.0,18.19,88.5,59.73,50.2,completed
CHG0000859,EV000235,ST004,2025-05-19T06:00:00Z,49.3,44.03,96.14,46.04,34.88,completed
CHG0000860,EV000350,ST004,2025-05-19T09:00:00Z,39.8,35.54,93.9,55.33,36.27,completed
CHG0000861,EV000323,ST001,2025-05-19T12:00:00Z,45.3,37.05,92.57,49.29,27.3,completed
CHG0000862,EV000362,ST001,2025-05-19T15:00:00Z,60.2,30.01,76.77,64.15,38.75,completed
CHG0000863,EV000287,ST001,2025-05-19T18:00:00Z,50.8,11.64,91.07,49.24,37.92,completed
CHG0000864,EV000101,ST001,2025-05-19T21:00:00Z,49.4,32.08,70.32,39.31,33.68,completed
CHG0000865,EV000186,ST002,2025-05-20T00:00:00Z,51.1,24.33,80.65,59.27,51.48,completed
CHG0000866,EV000403,ST002,2025-05-20T03:00:00Z,43.3,23.14,93.72,71.36,35.16,completed
CHG0000867,EV000374,ST001,2025-05-20T06:00:00Z,48.1,22.33,79.8,52.68,34.94,completed
CHG0000868,EV000356,ST003,2025-05-20T09:00:00Z,43.0,34.12,72.96,56.37,48.9,completed
CHG0000869,EV000204,ST004,2025-05-20T12:00:00Z,46.0,17.79,80.47,61.22,42.24,completed
CHG0000870,EV000266,ST004,2025-05-20T15:00:00Z,45.4,30.39,91.05,83.37,38.12,completed
CHG0000871,EV000249,ST003,2025-05-20T18:00:00Z,57.1,40.07,91.33,72.95,44.48,completed
CHG0000872,EV000027,ST001,2025-05-20T21:00:00Z,48.4,26.01,82.11,55.37,35.52,completed
CHG0000873,EV000191,ST004,2025-05-21T00:00:00Z,45.4,27.66,96.44,59.01,30.84,completed
CHG0000874,EV000063,ST001,2025-05-21T03:00:00Z,40.2,29.24,73.56,48.93,37.63,completed
CHG0000875,EV000310,ST002,2025-05-21T06:00:00Z,54.2,12.51,70.23,52.83,37.65,completed
CHG0000876,EV000236,ST003,2025-05-21T09:00:00Z,42.5,19.08,73.29,63.48,34.3,completed
CHG0000877,EV000333,ST003,2025-05-21T12:00:00Z,45.8,15.94,74.31,62.74,31.22,completed
CHG0000878,EV000498,ST004,2025-05-21T15:00:00Z,44.2,17.02,93.91,28.21,28.68,completed
CHG0000879,EV000425,ST003,2025-05-21T18:00:00Z,47.5,38.74,88.1,61.12,40.29,completed
CHG0000880,EV000299,ST004,2025-05-21T21:00:00Z,42.7,41.52,70.07,60.13,40.74,completed
CHG0000881,EV000253,ST002,2025-05-22T00:00:00Z,38.1,10.38,70.17,55.17,37.01,completed
CHG0000882,EV000497,ST002,2025-05-22T03:00:00Z,33.4,13.7,78.18,65.63,43.48,completed
CHG0000883,EV000116,ST001,2025-05-22T06:00:00Z,51.4,23.35,92.84,52.71,33.5,completed
CHG0000884,EV000320,ST002,2025-05-22T09:00:00Z,64.9,27.75,78.17,57.57,39.39,completed
CHG0000885,EV000191,ST003,2025-05-22T12:00:00Z,37.5,16.64,90.7,52.9,39.18,completed
CHG0000886,EV000420,ST001,2025-05-22T15:00:00Z,55.1,37.67,89.74,45.53,35.73,completed
CHG0000887,EV000054,ST002,2025-05-22T18:00:00Z,51.8,20.75,80.74,56.45,43.38,completed
CHG0000888,EV000003,ST002,2025-05-22T21:00:00Z,47.3,14.99,90.61,60.08,40.74,completed
CHG0000889,EV000235,ST003,2025-05-23T00:00:00Z,43.4,24.17,77.47,45.85,44.04,completed
CHG0000890,EV000140,ST004,2025-05-23T03:00:00Z,51.9,13.0,84.25,66.21,49.43,completed
CHG0000891,EV000350,ST004,2025-05-23T06:00:00Z,47.7,44.29,71.86,42.68,37.23,completed
CHG0000892,EV000127,ST003,2025-05-23T09:00:00Z,52.4,10.17,93.17,59.07,48.82,completed
CHG0000893,EV000220,ST002,2025-05-23T12:00:00Z,46.2,32.7,82.14,58.9,37.78,completed
CHG0000894,EV000402,ST004,2025-05-23T15:00:00Z,57.6,37.18,70.99,51.7,40.52,completed
CHG0000895,EV000227,ST003,2025-05-23T18:00:00Z,43.0,13.32,76.77,48.53,40.44,completed
CHG0000896,EV000091,ST002,2025-05-23T21:00:00Z,102.7,32.16,96.12,63.35,38.93,completed
CHG0000897,EV000120,ST002,2025-05-24T00:00:00Z,47.3,13.75,83.07,77.09,36.62,completed
CHG0000898,EV000013,ST001,2025-05-24T03:00:00Z,40.9,34.08,86.02,50.28,52.26,completed
CHG0000899,EV000452,ST001,2025-05-24T06:00:00Z,48.3,33.26,86.49,64.03,42.98,completed
CHG0000900,EV000374,ST004,2025-05-24T09:00:00Z,45.9,22.44,71.1,45.53,32.57,completed
CHG0000901,EV000217,ST002,2025-05-24T12:00:00Z,51.6,17.79,89.94,60.55,42.89,completed
CHG0000902,EV000088,ST002,2025-05-24T15:00:00Z,51.6,17.99,76.59,50.47,52.17,completed
CHG0000903,EV000116,ST001,2025-05-24T18:00:00Z,47.8,17.28,72.92,45.43,38.42,completed
CHG0000904,EV000292,ST002,2025-05-24T21:00:00Z,50.8,24.92,83.6,52.31,32.9,completed
CHG0000905,EV000387,ST002,2025-05-25T00:00:00Z,53.1,29.37,94.97,63.53,40.48,completed
CHG0000906,EV000253,ST001,2025-05-25T03:00:00Z,42.6,35.54,79.2,63.46,34.36,completed
CHG0000907,EV000251,ST004,2025-05-25T06:00:00Z,58.3,42.14,82.85,60.89,37.21,completed
CHG0000908,EV000227,ST002,2025-05-25T09:00:00Z,49.1,43.98,77.17,52.48,38.76,completed
CHG0000909,EV000399,ST001,2025-05-25T12:00:00Z,30.9,26.83,74.74,46.28,49.13,completed
CHG0000910,EV000128,ST003,2025-05-25T15:00:00Z,54.6,25.71,90.07,50.42,36.07,completed
CHG0000911,EV000029,ST003,2025-05-25T18:00:00Z,52.6,27.63,82.4,60.26,32.78,completed
CHG0000912,EV000052,ST003,2025-05-25T21:00:00Z,48.7,18.92,80.56,52.52,36.3,completed
CHG0000913,EV000391,ST002,2025-05-26T00:00:00Z,44.6,14.86,89.52,63.67,42.56,completed
CHG0000914,EV000202,ST004,2025-05-26T03:00:00Z,48.2,43.32,79.72,50.82,46.8,completed
CHG0000915,EV000384,ST004,2025-05-26T06:00:00Z,52.9,41.62,77.57,40.31,40.9,completed
CHG0000916,EV000088,ST001,2025-05-26T09:00:00Z,35.2,15.84,90.17,54.6,47.75,completed
CHG0000917,EV000411,ST004,2025-05-26T12:00:00Z,48.8,18.42,90.18,58.07,39.75,completed
CHG0000918,EV000321,ST004,2025-05-26T15:00:00Z,88.6,43.91,74.68,42.81,42.15,completed
CHG0000919,EV000354,ST003,2025-05-26T18:00:00Z,52.5,42.14,83.74,44.24,37.88,completed
CHG0000920,EV000289,ST001,2025-05-26T21:00:00Z,63.9,41.54,88.23,65.33,28.09,completed
CHG0000921,EV000460,ST003,2025-05-27T00:00:00Z,44.4,30.7,85.92,58.34,37.3,completed
CHG0000922,EV000355,ST003,2025-05-27T03:00:00Z,56.4,31.55,90.0,69.1,41.64,completed
CHG0000923,EV000188,ST004,2025-05-27T06:00:00Z,58.7,32.02,97.35,63.3,41.29,completed
CHG0000924,EV000126,ST003,2025-05-27T09:00:00Z,51.6,18.03,85.22,44.74,40.38,completed
CHG0000925,EV000269,ST002,2025-05-27T12:00:00Z,101.4,35.72,97.97,50.23,41.99,completed
CHG0000926,EV000289,ST001,2025-05-27T15:00:00Z,54.3,16.92,79.23,53.11,36.49,completed
CHG0000927,EV000252,ST001,2025-05-27T18:00:00Z,51.0,23.0,88.48,52.07,35.94,completed
CHG0000928,EV000138,ST002,2025-05-27T21:00:00Z,85.8,24.62,86.95,58.22,46.28,completed
CHG0000929,EV000471,ST004,2025-05-28T00:00:00Z,41.6,14.65,94.54,53.48,38.56,completed
CHG0000930,EV000439,ST004,2025-05-28T03:00:00Z,38.2,44.96,85.94,56.81,43.84,completed
CHG0000931,EV000490,ST001,2025-05-28T06:00:00Z,43.4,23.48,91.36,30.21,45.27,completed
CHG0000932,EV000428,ST002,2025-05-28T09:00:00Z,49.4,13.53,85.71,65.46,32.35,completed
CHG0000933,EV000203,ST003,2025-05-28T12:00:00Z,44.2,37.31,79.14,54.38,29.89,completed
CHG0000934,EV000491,ST001,2025-05-28T15:00:00Z,35.0,44.48,87.09,60.25,41.21,completed
CHG0000935,EV000131,ST002,2025-05-28T18:00:00Z,57.1,31.32,83.37,50.49,34.36,completed
CHG0000936,EV000327,ST002,2025-05-28T21:00:00Z,35.4,44.07,90.8,38.61,40.67,completed
CHG0000937,EV000314,ST002,2025-05-29T00:00:00Z,90.5,23.77,92.69,53.96,42.45,completed
CHG0000938,EV000310,ST002,2025-05-29T03:00:00Z,48.7,21.41,87.5,61.29,37.17,completed
CHG0000939,EV000415,ST003,2025-05-29T06:00:00Z,51.5,40.59,94.84,47.56,36.95,completed
CHG0000940,EV000131,ST002,2025-05-29T09:00:00Z,61.2,43.93,81.13,58.61,43.76,completed
CHG0000941,EV000093,ST002,2025-05-29T12:00:00Z,53.6,12.84,83.67,67.84,40.28,completed
CHG0000942,EV000427,ST001,2025-05-29T15:00:00Z,56.1,41.77,84.55,54.95,40.56,completed
CHG0000943,EV000468,ST003,2025-05-29T18:00:00Z,44.7,39.54,74.97,52.78,48.87,completed
CHG0000944,EV000486,ST002,2025-05-29T21:00:00Z,49.7,19.36,73.54,57.19,39.0,completed
CHG0000945,EV000332,ST003,2025-05-30T00:00:00Z,99.7,38.31,89.26,48.38,39.89,completed
CHG0000946,EV000267,ST002,2025-05-30T03:00:00Z,51.9,11.6,74.32,43.01,27.79,completed
CHG0000947,EV000307,ST003,2025-05-30T06:00:00Z,43.8,39.39,85.46,44.25,41.22,completed
CHG0000948,EV000367,ST002,2025-05-30T09:00:00Z,80.2,19.42,78.53,66.52,40.69,completed
CHG0000949,EV000176,ST003,2025-05-30T12:00:00Z,45.9,30.32,77.92,40.61,32.29,completed
CHG0000950,EV000347,ST001,2025-05-30T15:00:00Z,51.9,13.17,76.04,68.91,32.29,completed
CHG0000951,EV000093,ST004,2025-05-30T18:00:00Z,37.7,43.52,93.4,53.33,44.13,completed
CHG0000952,EV000455,ST004,2025-05-30T21:00:00Z,51.5,43.73,82.07,52.95,40.07,completed
CHG0000953,EV000362,ST003,2025-05-31T00:00:00Z,32.0,40.75,88.76,55.37,44.93,completed
CHG0000954,EV000417,ST004,2025-05-31T03:00:00Z,51.7,19.87,72.3,57.18,33.1,completed
CHG0000955,EV000340,ST003,2025-05-31T06:00:00Z,36.6,19.61,93.17,63.42,39.17,completed
CHG0000956,EV000141,ST003,2025-05-31T09:00:00Z,70.6,24.78,80.07,47.13,49.93,completed
CHG0000957,EV000485,ST002,2025-05-31T12:00:00Z,47.5,39.38,88.04,54.09,35.75,completed
CHG0000958,EV000155,ST002,2025-05-31T15:00:00Z,64.0,23.47,82.6,53.78,52.66,completed
CHG0000959,EV000088,ST004,2025-05-31T18:00:00Z,48.2,30.52,97.94,62.89,53.44,completed
CHG0000960,EV000234,ST004,2025-05-31T21:00:00Z,48.2,18.46,80.84,75.96,40.07,completed
CHG0000961,EV000239,ST002,2025-06-01T00:00:00Z,49.7,20.3,93.28,60.49,38.16,completed
CHG0000962,EV000172,ST004,2025-06-01T03:00:00Z,36.2,40.29,96.79,44.51,33.67,completed
CHG0000963,EV000095,ST002,2025-06-01T06:00:00Z,42.4,35.22,83.64,54.05,54.01,completed
CHG0000964,EV000042,ST002,2025-06-01T09:00:00Z,46.2,11.25,75.45,54.59,42.16,completed
CHG0000965,EV000325,ST004,2025-06-01T12:00:00Z,44.5,17.54,70.94,49.73,35.87,completed
CHG0000966,EV000172,ST003,2025-06-01T15:00:00Z,65.1,20.2,83.61,49.29,40.98,completed
CHG0000967,EV000152,ST001,2025-06-01T18:00:00Z,36.5,19.98,74.69,67.56,38.89,completed
CHG0000968,EV000123,ST004,2025-06-01T21:00:00Z,40.6,13.6,76.89,57.44,38.21,completed
CHG0000969,EV000180,ST003,2025-06-02T00:00:00Z,40.7,23.26,90.26,53.77,39.53,completed
CHG0000970,EV000152,ST003,2025-06-02T03:00:00Z,48.5,13.08,74.86,53.75,37.63,completed
CHG0000971,EV000396,ST004,2025-06-02T06:00:00Z,51.7,10.83,79.16,52.1,53.38,completed
CHG0000972,EV000141,ST002,2025-06-02T09:00:00Z,52.0,16.13,78.93,56.07,48.56,completed
CHG0000973,EV000142,ST001,2025-06-02T12:00:00Z,43.4,14.9,70.24,60.09,36.85,completed
CHG0000974,EV000186,ST001,2025-06-02T15:00:00Z,36.1,25.96,97.42,66.47,46.18,completed
CHG0000975,EV000126,ST003,2025-06-02T18:00:00Z,52.4,40.06,83.0,61.43,30.83,completed
CHG0000976,EV000407,ST002,2025-06-02T21:00:00Z,38.5,31.76,94.23,57.62,40.03,completed
CHG0000977,EV000320,ST001,2025-06-03T00:00:00Z,52.7,30.03,89.44,57.54,37.19,completed
CHG0000978,EV000118,ST004,2025-06-03T03:00:00Z,47.3,28.53,71.66,54.06,42.93,completed
CHG0000979,EV000408,ST001,2025-06-03T06:00:00Z,51.5,21.42,94.86,51.65,37.32,completed
CHG0000980,EV000477,ST003,2025-06-03T09:00:00Z,94.9,29.3,94.94,39.03,28.01,completed
CHG0000981,EV000047,ST002,2025-06-03T12:00:00Z,53.1,21.8,80.95,54.65,39.63,completed
CHG0000982,EV000354,ST002,2025-06-03T15:00:00Z,58.7,13.93,74.26,63.77,36.45,completed
CHG0000983,EV000445,ST003,2025-06-03T18:00:00Z,44.2,13.7,95.18,69.45,43.21,completed
CHG0000984,EV000009,ST001,2025-06-03T21:00:00Z,42.7,38.1,91.3,47.23,54.0,completed
CHG0000985,EV000101,ST001,2025-06-04T00:00:00Z,49.4,43.91,80.32,42.35,40.81,completed
CHG0000986,EV000138,ST001,2025-06-04T03:00:00Z,89.9,13.27,88.27,50.01,42.77,completed
CHG0000987,EV000250,ST002,2025-06-04T06:00:00Z,57.3,23.07,79.21,62.06,33.74,completed
CHG0000988,EV000123,ST002,2025-06-04T09:00:00Z,45.0,28.11,74.5,56.02,33.78,completed
CHG0000989,EV000088,ST002,2025-06-04T12:00:00Z,43.8,15.88,86.56,54.3,53.11,completed
CHG0000990,EV000453,ST002,2025-06-04T15:00:00Z,35.4,16.02,91.69,61.11,44.02,completed
CHG0000991,EV000217,ST003,2025-06-04T18:00:00Z,57.2,18.49,71.09,53.64,37.15,completed
CHG0000992,EV000461,ST003,2025-06-04T21:00:00Z,76.6,31.49,96.07,52.54,36.38,completed
CHG0000993,EV000390,ST004,2025-06-05T00:00:00Z,39.5,42.58,71.35,43.84,39.39,completed
CHG0000994,EV000199,ST004,2025-06-05T03:00:00Z,61.3,24.39,97.04,57.36,33.78,completed
CHG0000995,EV000107,ST004,2025-06-05T06:00:00Z,43.4,17.01,91.71,52.12,44.31,completed
CHG0000996,EV000384,ST003,2025-06-05T09:00:00Z,49.8,17.61,93.93,68.35,38.22,completed
CHG0000997,EV000059,ST002,2025-06-05T12:00:00Z,50.9,16.64,91.11,57.67,39.55,completed
CHG0000998,EV000215,ST001,2025-06-05T15:00:00Z,39.4,17.63,82.03,64.96,38.99,completed
CHG0000999,EV000079,ST002,2025-06-05T18:00:00Z,35.9,13.66,85.39,46.69,42.57,completed
CHG0001000,EV000024,ST004,2025-06-05T21:00:00Z,41.3,16.81,84.59,61.89,45.04,completed
CHG0001001,EV000245,ST004,2025-06-06T00:00:00Z,50.5,20.14,76.91,54.42,40.27,completed
CHG0001002,EV000435,ST002,2025-06-06T03:00:00Z,48.7,32.55,97.49,52.37,35.07,completed
CHG0001003,EV000130,ST003,2025-06-06T06:00:00Z,55.8,12.7,88.3,53.04,41.44,completed
CHG0001004,EV000051,ST002,2025-06-06T09:00:00Z,40.2,17.77,79.05,59.47,52.12,completed
CHG0001005,EV000008,ST004,2025-06-06T12:00:00Z,41.4,26.57,95.48,53.15,34.89,completed
CHG0001006,EV000017,ST004,2025-06-06T15:00:00Z,57.8,18.97,77.22,64.02,37.99,completed
CHG0001007,EV000377,ST003,2025-06-06T18:00:00Z,86.5,44.95,76.35,55.19,34.69,completed
CHG0001008,EV000275,ST002,2025-06-06T21:00:00Z,41.8,25.31,77.42,49.03,39.15,completed
CHG0001009,EV000279,ST001,2025-06-07T00:00:00Z,34.7,34.07,87.66,54.75,34.27,completed
CHG0001010,EV000369,ST002,2025-06-07T03:00:00Z,36.5,18.66,78.24,51.15,37.12,completed
CHG0001011,EV000391,ST004,2025-06-07T06:00:00Z,52.3,34.41,89.13,78.96,37.41,completed
CHG0001012,EV000245,ST004,2025-06-07T09:00:00Z,50.8,35.33,83.75,55.74,46.38,completed
CHG0001013,EV000137,ST001,2025-06-07T12:00:00Z,58.9,34.78,94.93,52.3,48.46,completed
CHG0001014,EV000068,ST001,2025-06-07T15:00:00Z,49.6,12.67,81.91,54.03,40.37,completed
CHG0001015,EV000177,ST003,2025-06-07T18:00:00Z,125.9,24.67,96.83,67.41,38.72,completed
CHG0001016,EV000185,ST003,2025-06-07T21:00:00Z,37.0,22.4,79.06,50.7,33.86,completed
CHG0001017,EV000126,ST004,2025-06-08T00:00:00Z,48.9,37.25,92.94,60.73,46.18,completed
CHG0001018,EV000085,ST003,2025-06-08T03:00:00Z,53.2,34.83,84.96,31.92,39.21,completed
CHG0001019,EV000409,ST003,2025-06-08T06:00:00Z,52.6,39.39,70.83,72.84,38.45,completed
CHG0001020,EV000438,ST004,2025-06-08T09:00:00Z,43.9,14.86,77.73,56.6,33.17,completed
CHG0001021,EV000008,ST002,2025-06-08T12:00:00Z,46.7,12.45,87.65,58.86,35.54,completed
CHG0001022,EV000147,ST003,2025-06-08T15:00:00Z,42.2,28.53,90.01,67.21,36.76,completed
CHG0001023,EV000467,ST004,2025-06-08T18:00:00Z,53.3,31.68,82.31,53.16,42.66,completed
CHG0001024,EV000398,ST001,2025-06-08T21:00:00Z,102.0,40.71,89.65,58.83,38.43,completed
CHG0001025,EV000481,ST001,2025-06-09T00:00:00Z,43.3,24.17,83.04,57.14,39.2,completed
CHG0001026,EV000004,ST002,2025-06-09T03:00:00Z,40.8,24.13,96.63,60.48,35.17,completed
CHG0001027,EV000429,ST004,2025-06-09T06:00:00Z,46.0,10.42,84.83,43.3,44.15,completed
CHG0001028,EV000499,ST001,2025-06-09T09:00:00Z,43.1,31.2,74.88,62.35,39.42,completed
CHG0001029,EV000435,ST001,2025-06-09T12:00:00Z,52.9,25.77,75.79,61.19,47.06,completed
CHG0001030,EV000238,ST002,2025-06-09T15:00:00Z,34.6,39.75,92.25,51.53,58.73,completed
CHG0001031,EV000283,ST003,2025-06-09T18:00:00Z,35.4,35.79,70.78,57.18,37.54,completed
CHG0001032,EV000140,ST003,2025-06-09T21:00:00Z,36.7,15.19,77.85,53.66,48.54,completed
CHG0001033,EV000078,ST004,2025-06-10T00:00:00Z,42.3,30.8,88.25,51.36,46.71,completed
CHG0001034,EV000150,ST002,2025-06-10T03:00:00Z,49.0,42.72,91.05,57.23,39.43,completed
CHG0001035,EV000133,ST004,2025-06-10T06:00:00Z,64.9,25.82,75.22,44.73,34.75,completed
CHG0001036,EV000424,ST004,2025-06-10T09:00:00Z,52.0,11.22,91.42,55.86,38.93,completed
CHG0001037,EV000188,ST004,2025-06-10T12:00:00Z,41.6,31.62,97.46,64.56,34.43,completed
CHG0001038,EV000433,ST003,2025-06-10T15:00:00Z,56.7,33.18,78.09,31.36,37.7,completed
CHG0001039,EV000298,ST002,2025-06-10T18:00:00Z,54.7,21.56,83.44,41.43,42.38,completed
CHG0001040,EV000444,ST001,2025-06-10T21:00:00Z,56.3,14.84,97.03,40.23,39.03,completed
CHG0001041,EV000223,ST002,2025-06-11T00:00:00Z,51.5,30.57,93.46,59.25,49.45,completed
CHG0001042,EV000064,ST001,2025-06-11T03:00:00Z,59.4,31.87,70.26,53.24,36.5,completed
CHG0001043,EV000482,ST004,2025-06-11T06:00:00Z,55.9,28.43,70.6,46.45,35.97,completed
CHG0001044,EV000397,ST003,2025-06-11T09:00:00Z,43.8,17.13,83.18,76.97,31.07,completed
CHG0001045,EV000135,ST002,2025-06-11T12:00:00Z,53.1,41.62,83.09,54.72,37.03,completed
CHG0001046,EV000264,ST002,2025-06-11T15:00:00Z,53.2,34.6,91.85,42.93,41.91,completed
CHG0001047,EV000097,ST003,2025-06-11T18:00:00Z,47.0,10.05,82.22,67.27,33.06,completed
CHG0001048,EV000452,ST004,2025-06-11T21:00:00Z,56.5,18.07,71.87,51.81,43.94,completed
CHG0001049,EV000176,ST002,2025-06-12T00:00:00Z,62.6,11.73,97.73,47.91,47.09,completed
CHG0001050,EV000468,ST003,2025-06-12T03:00:00Z,47.4,38.35,74.81,68.98,50.13,completed
CHG0001051,EV000089,ST003,2025-06-12T06:00:00Z,39.9,20.29,86.86,46.42,35.0,completed
CHG0001052,EV000130,ST002,2025-06-12T09:00:00Z,41.0,11.83,80.57,66.76,40.78,completed
CHG0001053,EV000422,ST003,2025-06-12T12:00:00Z,54.5,42.64,73.16,59.47,36.06,completed
CHG0001054,EV000250,ST001,2025-06-12T15:00:00Z,48.1,36.45,86.9,49.1,32.74,completed
CHG0001055,EV000176,ST001,2025-06-12T18:00:00Z,49.7,10.29,90.96,55.1,40.98,completed
CHG0001056,EV000287,ST001,2025-06-12T21:00:00Z,30.7,19.02,94.82,47.31,32.67,completed
CHG0001057,EV000393,ST004,2025-06-13T00:00:00Z,41.6,17.14,88.59,50.32,37.42,completed
CHG0001058,EV000326,ST004,2025-06-13T03:00:00Z,36.7,25.62,75.67,61.18,42.17,completed
CHG0001059,EV000335,ST004,2025-06-13T06:00:00Z,41.5,13.43,88.12,64.89,52.11,completed
CHG0001060,EV000246,ST002,2025-06-13T09:00:00Z,46.3,43.92,77.52,54.37,39.86,completed
CHG0001061,EV000048,ST004,2025-06-13T12:00:00Z,49.5,20.4,75.69,67.41,39.26,completed
CHG0001062,EV000340,ST002,2025-06-13T15:00:00Z,46.2,43.16,81.35,55.26,31.64,completed
CHG0001063,EV000306,ST004,2025-06-13T18:00:00Z,51.6,10.04,76.24,54.02,44.43,completed
CHG0001064,EV000229,ST001,2025-06-13T21:00:00Z,36.7,31.45,90.61,40.88,34.79,completed
CHG0001065,EV000351,ST001,2025-06-14T00:00:00Z,34.2,24.38,95.66,55.64,32.96,completed
CHG0001066,EV000016,ST001,2025-06-14T03:00:00Z,87.9,13.38,91.82,55.59,36.96,completed
CHG0001067,EV000135,ST003,2025-06-14T06:00:00Z,47.7,19.32,80.64,66.29,34.27,completed
CHG0001068,EV000424,ST001,2025-06-14T09:00:00Z,56.4,12.05,95.49,62.86,36.1,completed
CHG0001069,EV000186,ST003,2025-06-14T12:00:00Z,51.8,18.27,88.58,58.55,48.03,completed
CHG0001070,EV000272,ST001,2025-06-14T15:00:00Z,50.2,31.76,73.97,53.88,39.83,completed
CHG0001071,EV000377,ST004,2025-06-14T18:00:00Z,118.2,26.0,96.11,63.08,36.86,completed
CHG0001072,EV000092,ST004,2025-06-14T21:00:00Z,44.4,38.17,91.31,55.33,32.33,completed
CHG0001073,EV000141,ST002,2025-06-15T00:00:00Z,43.7,15.85,79.81,47.88,50.64,completed
CHG0001074,EV000330,ST002,2025-06-15T03:00:00Z,49.1,13.51,93.45,74.95,38.61,completed
CHG0001075,EV000447,ST004,2025-06-15T06:00:00Z,57.9,32.27,72.39,45.22,39.05,completed
CHG0001076,EV000019,ST001,2025-06-15T09:00:00Z,49.9,36.11,90.55,56.16,42.6,completed
CHG0001077,EV000291,ST003,2025-06-15T12:00:00Z,38.9,25.25,90.27,43.94,39.76,completed
CHG0001078,EV000478,ST003,2025-06-15T15:00:00Z,84.9,29.48,87.28,62.37,34.61,completed
CHG0001079,EV000116,ST002,2025-06-15T18:00:00Z,58.2,27.88,74.67,66.43,40.42,completed
CHG0001080,EV000064,ST002,2025-06-15T21:00:00Z,41.3,12.96,79.0,55.1,28.96,completed
CHG0001081,EV000077,ST003,2025-06-16T00:00:00Z,40.5,31.09,75.82,57.47,38.54,completed
CHG0001082,EV000327,ST003,2025-06-16T03:00:00Z,53.2,19.26,96.24,65.6,38.98,completed
CHG0001083,EV000079,ST002,2025-06-16T06:00:00Z,39.7,15.08,70.32,48.81,33.08,completed
CHG0001084,EV000447,ST004,2025-06-16T09:00:00Z,55.8,17.6,76.74,41.96,41.3,completed
CHG0001085,EV000485,ST003,2025-06-16T12:00:00Z,54.9,33.33,73.8,52.64,35.57,completed
CHG0001086,EV000483,ST004,2025-06-16T15:00:00Z,63.5,18.91,83.86,43.95,39.83,completed
CHG0001087,EV000121,ST002,2025-06-16T18:00:00Z,37.9,17.69,79.02,60.29,48.43,completed
CHG0001088,EV000326,ST001,2025-06-16T21:00:00Z,58.3,26.96,75.61,57.75,37.96,completed
CHG0001089,EV000322,ST004,2025-06-17T00:00:00Z,84.7,29.93,72.3,62.45,34.71,completed
CHG0001090,EV000436,ST001,2025-06-17T03:00:00Z,36.9,14.36,81.42,50.97,44.31,completed
CHG0001091,EV000115,ST004,2025-06-17T06:00:00Z,46.0,42.15,70.03,70.05,27.43,completed
CHG0001092,EV000048,ST004,2025-06-17T09:00:00Z,51.3,24.36,97.28,44.98,31.31,completed
CHG0001093,EV000282,ST002,2025-06-17T12:00:00Z,51.4,29.08,75.4,59.23,36.4,completed
CHG0001094,EV000142,ST004,2025-06-17T15:00:00Z,52.5,10.04,83.04,58.9,34.97,completed
CHG0001095,EV000103,ST001,2025-06-17T18:00:00Z,53.0,34.69,86.61,50.81,55.91,completed
CHG0001096,EV000273,ST003,2025-06-17T21:00:00Z,61.2,27.59,71.06,59.85,33.23,completed
CHG0001097,EV000090,ST003,2025-06-18T00:00:00Z,84.6,36.17,88.36,64.4,42.13,completed
CHG0001098,EV000046,ST003,2025-06-18T03:00:00Z,48.0,20.83,90.15,51.75,41.45,completed
CHG0001099,EV000002,ST001,2025-06-18T06:00:00Z,59.2,25.96,97.09,56.65,45.97,completed
CHG0001100,EV000440,ST002,2025-06-18T09:00:00Z,56.2,15.25,79.76,46.68,32.27,completed
CHG0001101,EV000338,ST004,2025-06-18T12:00:00Z,46.4,37.15,88.19,43.76,38.65,completed
CHG0001102,EV000082,ST001,2025-06-18T15:00:00Z,54.4,21.67,88.22,40.68,49.56,completed
CHG0001103,EV000419,ST002,2025-06-18T18:00:00Z,42.9,26.26,85.02,61.15,38.29,completed
CHG0001104,EV000220,ST002,2025-06-18T21:00:00Z,42.8,16.94,76.27,47.96,31.38,completed
CHG0001105,EV000307,ST002,2025-06-19T00:00:00Z,31.2,44.56,86.42,55.44,35.73,completed
CHG0001106,EV000164,ST003,2025-06-19T03:00:00Z,49.4,21.0,76.38,48.57,33.02,completed
CHG0001107,EV000254,ST002,2025-06-19T06:00:00Z,87.1,23.27,84.29,56.98,40.28,completed
CHG0001108,EV000458,ST002,2025-06-19T09:00:00Z,48.0,20.91,97.85,69.26,39.16,completed
CHG0001109,EV000131,ST002,2025-06-19T12:00:00Z,58.8,22.15,78.89,72.81,38.22,completed
CHG0001110,EV000455,ST001,2025-06-19T15:00:00Z,40.4,18.62,75.1,48.89,30.9,completed
CHG0001111,EV000136,ST004,2025-06-19T18:00:00Z,45.3,42.3,92.1,59.37,53.36,completed
CHG0001112,EV000345,ST001,2025-06-19T21:00:00Z,55.4,13.94,89.44,55.95,47.0,completed
CHG0001113,EV000292,ST003,2025-06-20T00:00:00Z,59.6,39.91,89.69,50.21,38.54,completed
CHG0001114,EV000134,ST001,2025-06-20T03:00:00Z,86.3,14.03,81.41,69.63,28.35,completed
CHG0001115,EV000033,ST001,2025-06-20T06:00:00Z,43.2,20.67,75.53,64.49,43.12,completed
CHG0001116,EV000253,ST002,2025-06-20T09:00:00Z,52.6,21.06,71.96,61.24,41.45,completed
CHG0001117,EV000221,ST001,2025-06-20T12:00:00Z,58.7,19.56,93.6,56.07,42.66,completed
CHG0001118,EV000377,ST002,2025-06-20T15:00:00Z,89.2,32.22,86.01,39.46,37.26,completed
CHG0001119,EV000139,ST003,2025-06-20T18:00:00Z,53.4,22.69,70.64,58.7,39.95,completed
CHG0001120,EV000180,ST004,2025-06-20T21:00:00Z,52.8,14.9,82.3,65.55,37.23,completed
CHG0001121,EV000271,ST002,2025-06-21T00:00:00Z,46.0,38.46,90.65,59.8,42.58,completed
CHG0001122,EV000216,ST003,2025-06-21T03:00:00Z,49.4,26.52,75.45,58.71,38.66,completed
CHG0001123,EV000320,ST003,2025-06-21T06:00:00Z,36.8,15.45,94.43,47.25,31.73,completed
CHG0001124,EV000095,ST003,2025-06-21T09:00:00Z,46.4,16.77,82.19,50.98,49.93,completed
CHG0001125,EV000137,ST004,2025-06-21T12:00:00Z,55.1,29.54,74.56,48.18,49.28,completed
CHG0001126,EV000419,ST001,2025-06-21T15:00:00Z,48.1,30.14,93.67,63.0,38.48,completed
CHG0001127,EV000128,ST003,2025-06-21T18:00:00Z,49.2,15.82,86.63,40.04,37.8,completed
CHG0001128,EV000417,ST004,2025-06-21T21:00:00Z,59.7,23.11,86.93,50.53,38.94,completed
CHG0001129,EV000448,ST004,2025-06-22T00:00:00Z,35.6,23.47,89.89,63.71,40.28,completed
CHG0001130,EV000043,ST004,2025-06-22T03:00:00Z,57.1,20.86,74.26,67.34,37.35,completed
CHG0001131,EV000440,ST003,2025-06-22T06:00:00Z,55.0,21.76,71.42,56.1,38.86,completed
CHG0001132,EV000329,ST002,2025-06-22T09:00:00Z,89.8,42.02,80.8,49.02,47.36,completed
CHG0001133,EV000458,ST003,2025-06-22T12:00:00Z,42.4,42.05,70.24,61.15,35.76,completed
CHG0001134,EV000459,ST003,2025-06-22T15:00:00Z,44.0,22.38,93.43,66.47,40.22,completed
CHG0001135,EV000198,ST003,2025-06-22T18:00:00Z,43.7,34.31,80.71,48.04,38.89,completed
CHG0001136,EV000062,ST004,2025-06-22T21:00:00Z,37.8,28.59,74.56,48.6,39.35,completed
CHG0001137,EV000004,ST002,2025-06-23T00:00:00Z,45.2,35.58,73.29,54.73,42.76,completed
CHG0001138,EV000418,ST001,2025-06-23T03:00:00Z,60.1,12.71,95.1,66.83,38.88,completed
CHG0001139,EV000097,ST002,2025-06-23T06:00:00Z,42.2,28.88,94.92,61.0,31.16,completed
CHG0001140,EV000115,ST002,2025-06-23T09:00:00Z,53.2,27.92,86.49,57.48,42.6,completed
CHG0001141,EV000443,ST001,2025-06-23T12:00:00Z,55.6,43.49,79.94,56.6,34.71,completed
CHG0001142,EV000127,ST002,2025-06-23T15:00:00Z,52.0,32.49,86.83,66.35,52.23,completed
CHG0001143,EV000088,ST002,2025-06-23T18:00:00Z,41.2,31.82,80.4,54.73,49.3,completed
CHG0001144,EV000411,ST003,2025-06-23T21:00:00Z,45.1,41.38,81.59,57.99,34.94,completed
CHG0001145,EV000137,ST001,2025-06-24T00:00:00Z,49.1,38.71,83.69,72.18,42.58,completed
CHG0001146,EV000038,ST001,2025-06-24T03:00:00Z,50.9,14.61,76.22,52.77,40.1,completed
CHG0001147,EV000397,ST003,2025-06-24T06:00:00Z,48.0,30.86,88.63,55.49,35.93,completed
CHG0001148,EV000168,ST001,2025-06-24T09:00:00Z,56.7,26.09,97.62,63.27,36.72,completed
CHG0001149,EV000227,ST003,2025-06-24T12:00:00Z,54.7,35.22,73.87,57.23,38.85,completed
CHG0001150,EV000224,ST002,2025-06-24T15:00:00Z,35.1,40.38,88.58,55.6,38.21,completed
CHG0001151,EV000468,ST002,2025-06-24T18:00:00Z,47.1,11.37,73.5,42.44,46.74,completed
CHG0001152,EV000381,ST003,2025-06-24T21:00:00Z,41.8,24.38,73.12,54.98,43.59,completed
CHG0001153,EV000436,ST003,2025-06-25T00:00:00Z,44.2,29.11,87.49,46.84,33.72,completed
CHG0001154,EV000389,ST002,2025-06-25T03:00:00Z,21.4,25.67,72.77,53.98,28.87,completed
CHG0001155,EV000254,ST002,2025-06-25T06:00:00Z,126.1,24.74,84.31,60.47,43.44,completed
CHG0001156,EV000346,ST003,2025-06-25T09:00:00Z,62.6,16.55,77.4,52.65,39.17,completed
CHG0001157,EV000353,ST004,2025-06-25T12:00:00Z,46.1,41.61,82.99,52.96,34.89,completed
CHG0001158,EV000007,ST001,2025-06-25T15:00:00Z,89.9,11.51,83.73,56.32,44.3,completed
CHG0001159,EV000347,ST003,2025-06-25T18:00:00Z,54.0,29.17,77.98,45.91,32.91,completed
CHG0001160,EV000456,ST003,2025-06-25T21:00:00Z,37.7,16.73,92.77,54.54,43.12,completed
CHG0001161,EV000484,ST002,2025-06-26T00:00:00Z,46.1,43.86,75.61,52.06,36.63,completed
CHG0001162,EV000103,ST004,2025-06-26T03:00:00Z,54.2,19.39,79.05,39.26,51.0,completed
CHG0001163,EV000131,ST004,2025-06-26T06:00:00Z,52.4,24.17,70.18,54.1,35.23,completed
CHG0001164,EV000057,ST001,2025-06-26T09:00:00Z,45.5,40.52,90.01,61.67,34.42,completed
CHG0001165,EV000306,ST004,2025-06-26T12:00:00Z,50.2,34.57,70.12,61.91,35.94,completed
CHG0001166,EV000380,ST002,2025-06-26T15:00:00Z,37.8,38.95,84.69,43.41,51.15,completed
CHG0001167,EV000075,ST004,2025-06-26T18:00:00Z,112.3,38.75,94.28,55.15,31.06,completed
CHG0001168,EV000104,ST002,2025-06-26T21:00:00Z,49.9,29.36,82.09,63.83,35.33,completed
CHG0001169,EV000293,ST001,2025-06-27T00:00:00Z,89.4,39.64,76.94,69.46,42.35,completed
CHG0001170,EV000209,ST004,2025-06-27T03:00:00Z,98.6,31.37,89.74,51.81,43.91,completed
CHG0001171,EV000420,ST004,2025-06-27T06:00:00Z,63.1,28.49,95.28,68.22,45.1,completed
CHG0001172,EV000290,ST003,2025-06-27T09:00:00Z,53.9,24.38,94.06,71.48,35.28,completed
CHG0001173,EV000018,ST001,2025-06-27T12:00:00Z,37.0,33.3,73.46,59.95,44.56,completed
CHG0001174,EV000055,ST001,2025-06-27T15:00:00Z,44.9,36.09,79.62,70.0,34.82,completed
CHG0001175,EV000287,ST004,2025-06-27T18:00:00Z,59.4,14.5,93.23,52.65,41.42,completed
CHG0001176,EV000296,ST002,2025-06-27T21:00:00Z,52.7,29.69,81.01,55.14,43.44,completed
CHG0001177,EV000262,ST003,2025-06-28T00:00:00Z,45.4,30.68,71.93,62.39,31.76,completed
CHG0001178,EV000492,ST002,2025-06-28T03:00:00Z,42.8,12.15,89.01,44.34,37.52,completed
CHG0001179,EV000298,ST001,2025-06-28T06:00:00Z,55.1,15.63,72.33,51.05,40.96,completed
CHG0001180,EV000334,ST001,2025-06-28T09:00:00Z,45.1,17.35,70.54,59.81,53.14,completed
CHG0001181,EV000088,ST002,2025-06-28T12:00:00Z,45.3,43.44,81.92,54.03,49.12,completed
CHG0001182,EV000212,ST004,2025-06-28T15:00:00Z,36.9,14.92,71.95,61.38,40.75,completed
CHG0001183,EV000275,ST003,2025-06-28T18:00:00Z,55.7,31.24,76.91,58.29,37.34,completed
CHG0001184,EV000301,ST001,2025-06-28T21:00:00Z,48.7,27.91,82.56,45.56,35.38,completed
CHG0001185,EV000440,ST004,2025-06-29T00:00:00Z,52.9,15.93,95.94,40.38,35.31,completed
CHG0001186,EV000126,ST002,2025-06-29T03:00:00Z,42.3,37.45,97.4,54.11,28.34,completed
CHG0001187,EV000003,ST003,2025-06-29T06:00:00Z,45.2,17.43,86.25,59.28,35.88,completed
CHG0001188,EV000388,ST002,2025-06-29T09:00:00Z,49.4,18.0,85.84,60.05,41.65,completed
CHG0001189,EV000167,ST002,2025-06-29T12:00:00Z,54.1,31.09,92.34,60.53,36.01,completed
CHG0001190,EV000094,ST002,2025-06-29T15:00:00Z,51.4,40.1,77.44,73.13,37.71,completed
CHG0001191,EV000433,ST001,2025-06-29T18:00:00Z,47.6,10.39,85.55,61.15,46.11,completed
CHG0001192,EV000214,ST002,2025-06-29T21:00:00Z,51.4,12.85,91.07,45.97,34.92,completed
CHG0001193,EV000104,ST003,2025-06-30T00:00:00Z,42.7,20.33,86.44,54.01,40.47,completed
CHG0001194,EV000417,ST004,2025-06-30T03:00:00Z,42.9,28.66,78.55,48.95,35.34,completed
CHG0001195,EV000479,ST002,2025-06-30T06:00:00Z,39.8,10.82,95.44,64.03,38.61,completed
CHG0001196,EV000005,ST001,2025-06-30T09:00:00Z,51.4,33.52,85.69,42.31,44.38,completed
CHG0001197,EV000115,ST003,2025-06-30T12:00:00Z,49.5,43.05,75.52,43.65,32.31,completed
CHG0001198,EV000372,ST002,2025-06-30T15:00:00Z,49.9,20.28,70.46,73.02,42.27,completed
CHG0001199,EV000372,ST003,2025-06-30T18:00:00Z,41.4,43.07,90.27,68.9,44.15,completed
CHG0001200,EV000423,ST002,2025-06-30T21:00:00Z,47.6,20.24,83.48,40.78,56.49,completed
CHG0001201,EV000239,ST002,2025-07-01T00:00:00Z,46.0,10.95,71.0,57.86,40.57,completed
CHG0001202,EV000220,ST004,2025-07-01T03:00:00Z,41.2,12.37,71.01,55.23,35.51,completed
CHG0001203,EV000046,ST003,2025-07-01T06:00:00Z,50.4,33.68,73.06,74.47,44.21,completed
CHG0001204,EV000330,ST001,2025-07-01T09:00:00Z,44.3,27.69,88.34,53.21,36.17,completed
CHG0001205,EV000161,ST003,2025-07-01T12:00:00Z,62.6,26.38,83.31,56.04,41.02,completed
CHG0001206,EV000415,ST001,2025-07-01T15:00:00Z,50.7,22.43,75.81,55.06,36.09,completed
CHG0001207,EV000115,ST004,2025-07-01T18:00:00Z,45.8,40.67,87.91,51.81,34.57,completed
CHG0001208,EV000122,ST002,2025-07-01T21:00:00Z,124.1,29.59,81.8,70.18,39.79,completed
CHG0001209,EV000261,ST004,2025-07-02T00:00:00Z,49.7,26.3,89.17,59.33,34.95,completed
CHG0001210,EV000084,ST004,2025-07-02T03:00:00Z,56.1,36.57,80.53,49.0,38.12,completed
CHG0001211,EV000457,ST002,2025-07-02T06:00:00Z,94.4,13.16,91.45,47.68,31.37,completed
CHG0001212,EV000488,ST002,2025-07-02T09:00:00Z,45.9,18.41,77.84,52.54,44.56,completed
CHG0001213,EV000043,ST003,2025-07-02T12:00:00Z,45.8,22.01,81.05,54.09,31.42,completed
CHG0001214,EV000319,ST002,2025-07-02T15:00:00Z,42.9,11.64,83.35,64.98,33.31,completed
CHG0001215,EV000278,ST001,2025-07-02T18:00:00Z,25.3,22.35,95.61,46.14,39.58,completed
CHG0001216,EV000131,ST001,2025-07-02T21:00:00Z,44.6,42.34,81.75,44.58,36.16,completed
CHG0001217,EV000344,ST004,2025-07-03T00:00:00Z,50.8,17.92,85.2,50.42,51.29,completed
CHG0001218,EV000157,ST002,2025-07-03T03:00:00Z,40.6,27.94,72.88,52.7,36.32,completed
CHG0001219,EV000158,ST004,2025-07-03T06:00:00Z,48.9,34.71,92.59,51.97,43.4,completed
CHG0001220,EV000158,ST001,2025-07-03T09:00:00Z,54.7,34.37,72.19,56.84,32.95,completed
CHG0001221,EV000446,ST004,2025-07-03T12:00:00Z,51.2,16.98,76.34,67.66,37.3,completed
CHG0001222,EV000046,ST001,2025-07-03T15:00:00Z,40.2,19.72,87.29,61.23,44.38,completed
CHG0001223,EV000200,ST001,2025-07-03T18:00:00Z,39.1,10.38,97.62,63.76,36.06,completed
CHG0001224,EV000374,ST001,2025-07-03T21:00:00Z,51.2,22.99,77.79,42.87,39.91,completed
CHG0001225,EV000251,ST003,2025-07-04T00:00:00Z,26.6,25.48,71.15,62.75,39.04,completed
CHG0001226,EV000389,ST002,2025-07-04T03:00:00Z,49.3,26.77,90.33,60.2,39.15,completed
CHG0001227,EV000245,ST002,2025-07-04T06:00:00Z,46.3,32.15,79.19,55.09,33.66,completed
CHG0001228,EV000275,ST004,2025-07-04T09:00:00Z,44.6,23.81,89.55,49.92,39.79,completed
CHG0001229,EV000456,ST001,2025-07-04T12:00:00Z,48.9,26.35,81.57,68.24,38.66,completed
CHG0001230,EV000168,ST004,2025-07-04T15:00:00Z,37.8,38.9,81.19,39.19,43.31,completed
CHG0001231,EV000478,ST003,2025-07-04T18:00:00Z,106.5,32.23,74.95,61.52,44.33,completed
CHG0001232,EV000180,ST001,2025-07-04T21:00:00Z,57.9,24.61,73.5,50.03,34.58,completed
CHG0001233,EV000158,ST002,2025-07-05T00:00:00Z,65.9,44.25,84.91,60.95,36.12,completed
CHG0001234,EV000043,ST003,2025-07-05T03:00:00Z,47.8,24.69,90.19,49.88,30.04,completed
CHG0001235,EV000486,ST002,2025-07-05T06:00:00Z,55.6,21.22,79.54,62.01,36.99,completed
CHG0001236,EV000484,ST003,2025-07-05T09:00:00Z,51.4,41.12,76.42,65.88,35.51,completed
CHG0001237,EV000475,ST003,2025-07-05T12:00:00Z,35.2,44.8,74.2,54.99,32.95,completed
CHG0001238,EV000417,ST004,2025-07-05T15:00:00Z,56.4,16.18,92.81,63.76,35.31,completed
CHG0001239,EV000215,ST001,2025-07-05T18:00:00Z,41.9,38.03,92.18,56.62,40.12,completed
CHG0001240,EV000160,ST001,2025-07-05T21:00:00Z,48.4,22.24,88.76,39.83,44.01,completed
CHG0001241,EV000037,ST003,2025-07-06T00:00:00Z,44.1,28.74,84.65,47.53,38.47,completed
CHG0001242,EV000211,ST004,2025-07-06T03:00:00Z,55.9,29.31,92.86,44.71,34.37,completed
CHG0001243,EV000266,ST004,2025-07-06T06:00:00Z,47.9,39.47,96.9,59.18,37.6,completed
CHG0001244,EV000478,ST001,2025-07-06T09:00:00Z,98.2,44.51,83.49,62.19,34.03,completed
CHG0001245,EV000271,ST001,2025-07-06T12:00:00Z,50.1,10.87,74.88,60.56,37.97,completed
CHG0001246,EV000305,ST001,2025-07-06T15:00:00Z,41.3,24.11,85.83,42.43,36.07,completed
CHG0001247,EV000082,ST003,2025-07-06T18:00:00Z,40.8,43.19,75.38,57.91,55.44,completed
CHG0001248,EV000129,ST002,2025-07-06T21:00:00Z,43.1,37.1,85.6,54.65,42.61,completed
CHG0001249,EV000079,ST004,2025-07-07T00:00:00Z,41.8,42.6,70.72,44.34,31.2,completed
CHG0001250,EV000238,ST002,2025-07-07T03:00:00Z,58.1,11.62,75.48,57.4,53.04,completed
CHG0001251,EV000261,ST001,2025-07-07T06:00:00Z,59.2,17.53,96.5,48.2,39.43,completed
CHG0001252,EV000425,ST001,2025-07-07T09:00:00Z,61.6,20.29,84.58,52.7,38.55,completed
CHG0001253,EV000481,ST004,2025-07-07T12:00:00Z,45.4,27.13,92.57,59.46,38.92,completed
CHG0001254,EV000029,ST002,2025-07-07T15:00:00Z,61.6,43.13,89.63,31.74,39.12,completed
CHG0001255,EV000189,ST004,2025-07-07T18:00:00Z,47.0,41.79,72.42,46.06,50.15,completed
CHG0001256,EV000051,ST004,2025-07-07T21:00:00Z,57.6,43.12,87.33,46.06,49.21,completed
CHG0001257,EV000240,ST004,2025-07-08T00:00:00Z,50.4,27.97,82.74,77.49,40.71,completed
CHG0001258,EV000039,ST002,2025-07-08T03:00:00Z,91.4,44.87,89.73,58.49,37.78,completed
CHG0001259,EV000332,ST003,2025-07-08T06:00:00Z,82.2,10.48,95.1,54.5,40.05,completed
CHG0001260,EV000298,ST003,2025-07-08T09:00:00Z,55.7,28.08,96.22,64.77,31.96,completed
CHG0001261,EV000419,ST003,2025-07-08T12:00:00Z,42.6,19.38,83.86,54.77,35.7,completed
CHG0001262,EV000287,ST001,2025-07-08T15:00:00Z,57.8,30.81,91.81,37.79,37.52,completed
CHG0001263,EV000297,ST002,2025-07-08T18:00:00Z,39.9,10.86,83.11,56.81,43.43,completed
CHG0001264,EV000171,ST002,2025-07-08T21:00:00Z,50.2,38.81,71.75,56.24,37.54,completed
CHG0001265,EV000042,ST004,2025-07-09T00:00:00Z,53.5,12.39,70.26,60.19,38.35,completed
CHG0001266,EV000019,ST001,2025-07-09T03:00:00Z,57.3,15.74,76.16,48.22,36.82,completed
CHG0001267,EV000074,ST004,2025-07-09T06:00:00Z,45.2,25.89,97.05,50.67,43.03,completed
CHG0001268,EV000437,ST004,2025-07-09T09:00:00Z,50.6,21.82,70.29,41.45,37.75,completed
CHG0001269,EV000158,ST004,2025-07-09T12:00:00Z,39.2,25.45,90.93,45.92,41.82,completed
CHG0001270,EV000055,ST001,2025-07-09T15:00:00Z,46.0,39.56,71.88,48.82,38.52,completed
CHG0001271,EV000442,ST003,2025-07-09T18:00:00Z,57.6,22.64,83.26,66.4,37.25,completed
CHG0001272,EV000162,ST004,2025-07-09T21:00:00Z,50.1,14.46,97.47,66.32,33.59,completed
CHG0001273,EV000365,ST002,2025-07-10T00:00:00Z,47.6,34.63,82.21,57.72,34.78,completed
CHG0001274,EV000357,ST002,2025-07-10T03:00:00Z,42.8,16.76,96.29,45.16,38.23,completed
CHG0001275,EV000424,ST003,2025-07-10T06:00:00Z,46.1,23.45,92.97,49.0,39.43,completed
CHG0001276,EV000218,ST003,2025-07-10T09:00:00Z,94.5,18.03,94.29,60.58,34.24,completed
CHG0001277,EV000188,ST003,2025-07-10T12:00:00Z,48.3,36.45,76.63,60.75,50.04,completed
CHG0001278,EV000158,ST004,2025-07-10T15:00:00Z,47.8,32.69,71.55,64.96,33.74,completed
CHG0001279,EV000326,ST001,2025-07-10T18:00:00Z,39.0,18.52,71.71,61.98,35.12,completed
CHG0001280,EV000056,ST003,2025-07-10T21:00:00Z,52.9,38.23,79.53,62.68,52.28,completed
CHG0001281,EV000056,ST002,2025-07-11T00:00:00Z,43.0,10.61,93.75,55.94,49.36,completed
CHG0001282,EV000227,ST002,2025-07-11T03:00:00Z,67.0,33.61,92.09,53.52,36.03,completed
CHG0001283,EV000280,ST001,2025-07-11T06:00:00Z,57.2,30.0,81.07,54.88,40.68,completed
CHG0001284,EV000152,ST004,2025-07-11T09:00:00Z,51.0,39.8,88.74,45.06,38.04,completed
CHG0001285,EV000492,ST003,2025-07-11T12:00:00Z,40.7,13.82,81.44,60.64,36.38,completed
CHG0001286,EV000351,ST004,2025-07-11T15:00:00Z,51.8,14.96,92.95,56.79,44.78,completed
CHG0001287,EV000481,ST004,2025-07-11T18:00:00Z,39.8,35.34,81.75,52.24,41.25,completed
CHG0001288,EV000128,ST003,2025-07-11T21:00:00Z,59.9,18.11,92.92,58.24,41.64,completed
CHG0001289,EV000050,ST003,2025-07-12T00:00:00Z,43.6,35.99,75.83,61.86,40.63,completed
CHG0001290,EV000373,ST001,2025-07-12T03:00:00Z,94.0,26.09,87.82,60.35,30.42,completed
CHG0001291,EV000280,ST001,2025-07-12T06:00:00Z,62.1,23.15,73.78,72.87,37.53,completed
CHG0001292,EV000363,ST004,2025-07-12T09:00:00Z,41.5,20.7,81.73,45.41,32.81,completed
CHG0001293,EV000380,ST003,2025-07-12T12:00:00Z,50.0,27.44,82.56,72.7,53.42,completed
CHG0001294,EV000481,ST003,2025-07-12T15:00:00Z,46.1,10.97,93.43,56.5,41.78,completed
CHG0001295,EV000312,ST004,2025-07-12T18:00:00Z,109.1,27.15,88.66,67.68,49.77,completed
CHG0001296,EV000152,ST003,2025-07-12T21:00:00Z,38.5,43.95,76.28,61.34,36.34,completed
CHG0001297,EV000044,ST003,2025-07-13T00:00:00Z,50.7,10.04,78.23,41.58,47.75,completed
CHG0001298,EV000415,ST002,2025-07-13T03:00:00Z,48.4,15.88,86.55,63.17,39.17,completed
CHG0001299,EV000480,ST002,2025-07-13T06:00:00Z,98.7,23.75,76.78,47.22,27.65,completed
CHG0001300,EV000380,ST004,2025-07-13T09:00:00Z,55.0,24.89,86.83,54.11,46.04,completed
CHG0001301,EV000279,ST003,2025-07-13T12:00:00Z,66.2,30.42,89.97,40.4,32.98,completed
CHG0001302,EV000340,ST002,2025-07-13T15:00:00Z,58.2,11.06,88.09,54.4,41.4,completed
CHG0001303,EV000432,ST004,2025-07-13T18:00:00Z,54.0,10.45,80.06,56.46,31.35,completed
CHG0001304,EV000369,ST003,2025-07-13T21:00:00Z,45.1,30.94,72.3,51.4,41.61,completed
CHG0001305,EV000027,ST002,2025-07-14T00:00:00Z,60.3,23.95,85.99,55.58,35.34,completed
CHG0001306,EV000190,ST003,2025-07-14T03:00:00Z,62.9,37.27,70.49,64.19,45.26,completed
CHG0001307,EV000454,ST001,2025-07-14T06:00:00Z,59.3,14.05,70.67,43.77,49.57,completed
CHG0001308,EV000154,ST004,2025-07-14T09:00:00Z,64.7,17.56,73.33,49.51,41.58,completed
CHG0001309,EV000281,ST004,2025-07-14T12:00:00Z,46.0,17.63,78.27,59.92,38.51,completed
CHG0001310,EV000218,ST002,2025-07-14T15:00:00Z,78.4,35.26,88.4,50.56,44.14,completed
CHG0001311,EV000278,ST003,2025-07-14T18:00:00Z,46.5,20.71,87.37,48.05,40.68,completed
CHG0001312,EV000127,ST002,2025-07-14T21:00:00Z,52.2,35.1,70.08,60.99,52.51,completed
CHG0001313,EV000318,ST004,2025-07-15T00:00:00Z,59.3,37.38,70.95,42.77,38.67,completed
CHG0001314,EV000266,ST004,2025-07-15T03:00:00Z,57.8,21.89,80.67,43.49,39.02,completed
CHG0001315,EV000299,ST002,2025-07-15T06:00:00Z,46.8,11.76,72.76,49.62,39.54,completed
CHG0001316,EV000033,ST004,2025-07-15T09:00:00Z,49.2,16.37,91.27,58.33,39.8,completed
CHG0001317,EV000088,ST002,2025-07-15T12:00:00Z,63.2,41.47,92.66,49.31,51.1,completed
CHG0001318,EV000411,ST002,2025-07-15T15:00:00Z,56.6,16.69,79.24,63.78,33.06,completed
CHG0001319,EV000271,ST001,2025-07-15T18:00:00Z,50.1,28.46,94.5,60.06,39.29,completed
CHG0001320,EV000126,ST002,2025-07-15T21:00:00Z,46.7,17.76,86.63,70.62,37.77,completed
CHG0001321,EV000395,ST001,2025-07-16T00:00:00Z,51.0,11.16,86.2,54.07,54.41,completed
CHG0001322,EV000031,ST004,2025-07-16T03:00:00Z,61.5,35.6,86.03,47.86,41.08,completed
CHG0001323,EV000244,ST004,2025-07-16T06:00:00Z,47.1,27.42,79.79,69.64,40.14,completed
CHG0001324,EV000113,ST002,2025-07-16T09:00:00Z,50.6,37.08,73.79,64.49,49.19,completed
CHG0001325,EV000183,ST001,2025-07-16T12:00:00Z,78.4,31.78,93.56,47.19,40.45,completed
CHG0001326,EV000393,ST004,2025-07-16T15:00:00Z,67.1,10.53,86.28,64.44,36.7,completed
CHG0001327,EV000218,ST002,2025-07-16T18:00:00Z,109.1,13.42,77.67,68.51,33.21,completed
CHG0001328,EV000117,ST004,2025-07-16T21:00:00Z,52.6,30.85,96.74,37.57,37.65,completed
CHG0001329,EV000260,ST001,2025-07-17T00:00:00Z,48.3,10.3,81.85,58.02,32.52,completed
CHG0001330,EV000336,ST004,2025-07-17T03:00:00Z,52.3,41.88,94.08,54.19,27.92,completed
CHG0001331,EV000369,ST003,2025-07-17T06:00:00Z,44.4,23.48,79.21,52.8,36.87,completed
CHG0001332,EV000306,ST003,2025-07-17T09:00:00Z,44.8,18.49,88.13,58.96,36.2,completed
CHG0001333,EV000430,ST001,2025-07-17T12:00:00Z,88.1,10.72,79.35,62.25,38.15,completed
CHG0001334,EV000115,ST004,2025-07-17T15:00:00Z,49.1,42.87,77.29,50.79,31.2,completed
CHG0001335,EV000047,ST003,2025-07-17T18:00:00Z,41.2,43.82,93.07,44.82,38.95,completed
CHG0001336,EV000452,ST002,2025-07-17T21:00:00Z,52.0,32.45,79.48,50.66,48.21,completed
CHG0001337,EV000205,ST004,2025-07-18T00:00:00Z,46.9,15.82,80.34,56.03,33.73,completed
CHG0001338,EV000346,ST004,2025-07-18T03:00:00Z,54.2,27.85,83.83,74.78,33.5,completed
CHG0001339,EV000070,ST001,2025-07-18T06:00:00Z,42.5,37.81,75.75,52.11,37.62,completed
CHG0001340,EV000291,ST003,2025-07-18T09:00:00Z,54.3,19.28,84.88,55.84,33.64,completed
CHG0001341,EV000271,ST001,2025-07-18T12:00:00Z,39.6,38.54,88.76,57.76,41.99,completed
CHG0001342,EV000392,ST004,2025-07-18T15:00:00Z,48.2,28.02,90.56,46.78,33.77,completed
CHG0001343,EV000063,ST001,2025-07-18T18:00:00Z,46.3,28.34,91.53,41.88,27.52,completed
CHG0001344,EV000068,ST002,2025-07-18T21:00:00Z,46.1,33.42,85.42,58.46,43.17,completed
CHG0001345,EV000488,ST002,2025-07-19T00:00:00Z,49.2,16.38,82.24,41.03,43.52,completed
CHG0001346,EV000284,ST003,2025-07-19T03:00:00Z,38.7,40.39,87.25,38.23,54.79,completed
CHG0001347,EV000188,ST002,2025-07-19T06:00:00Z,55.4,33.7,96.66,57.32,37.53,completed
CHG0001348,EV000199,ST001,2025-07-19T09:00:00Z,49.9,11.93,89.4,36.15,42.22,completed
CHG0001349,EV000473,ST002,2025-07-19T12:00:00Z,45.1,33.94,84.28,51.27,41.05,completed
CHG0001350,EV000420,ST002,2025-07-19T15:00:00Z,47.5,23.11,76.74,53.92,30.0,completed
CHG0001351,EV000416,ST002,2025-07-19T18:00:00Z,38.6,11.6,72.76,32.31,34.56,completed
CHG0001352,EV000223,ST001,2025-07-19T21:00:00Z,37.8,15.38,83.88,48.27,56.36,completed
CHG0001353,EV000103,ST003,2025-07-20T00:00:00Z,43.4,21.14,92.78,59.53,59.19,completed
CHG0001354,EV000046,ST002,2025-07-20T03:00:00Z,41.0,35.88,80.96,63.71,43.88,completed
CHG0001355,EV000038,ST003,2025-07-20T06:00:00Z,39.3,43.88,71.11,52.06,48.05,completed
CHG0001356,EV000447,ST001,2025-07-20T09:00:00Z,56.9,14.71,82.18,53.33,38.7,completed
CHG0001357,EV000221,ST003,2025-07-20T12:00:00Z,54.7,28.07,80.26,43.05,34.43,completed
CHG0001358,EV000206,ST002,2025-07-20T15:00:00Z,42.6,31.66,73.29,68.93,35.59,completed
CHG0001359,EV000194,ST002,2025-07-20T18:00:00Z,39.9,36.41,77.74,53.1,34.57,completed
CHG0001360,EV000099,ST001,2025-07-20T21:00:00Z,34.7,13.2,71.24,52.09,35.17,completed
CHG0001361,EV000025,ST002,2025-07-21T00:00:00Z,24.9,27.29,88.07,47.22,33.62,completed
CHG0001362,EV000447,ST004,2025-07-21T03:00:00Z,49.1,10.19,76.18,40.65,37.08,completed
CHG0001363,EV000141,ST004,2025-07-21T06:00:00Z,60.3,35.44,75.15,71.25,53.89,completed
CHG0001364,EV000234,ST004,2025-07-21T09:00:00Z,45.5,32.18,82.13,37.59,31.07,completed
CHG0001365,EV000277,ST004,2025-07-21T12:00:00Z,45.0,13.76,70.32,61.72,41.1,completed
CHG0001366,EV000404,ST003,2025-07-21T15:00:00Z,53.8,36.03,92.85,64.75,37.17,completed
CHG0001367,EV000207,ST002,2025-07-21T18:00:00Z,57.8,33.05,80.07,45.56,43.0,completed
CHG0001368,EV000020,ST004,2025-07-21T21:00:00Z,62.2,21.79,95.12,46.42,39.64,completed
CHG0001369,EV000146,ST004,2025-07-22T00:00:00Z,52.6,43.91,85.01,40.11,34.06,completed
CHG0001370,EV000086,ST004,2025-07-22T03:00:00Z,27.0,10.47,89.39,58.88,48.53,completed
CHG0001371,EV000234,ST004,2025-07-22T06:00:00Z,49.7,20.08,73.39,52.09,43.74,completed
CHG0001372,EV000392,ST001,2025-07-22T09:00:00Z,52.8,42.62,73.65,72.79,42.03,completed
CHG0001373,EV000159,ST003,2025-07-22T12:00:00Z,54.2,28.94,74.53,46.73,38.76,completed
CHG0001374,EV000177,ST002,2025-07-22T15:00:00Z,89.8,12.14,74.12,52.52,43.75,completed
CHG0001375,EV000400,ST002,2025-07-22T18:00:00Z,62.6,23.57,93.86,52.86,52.05,completed
CHG0001376,EV000154,ST001,2025-07-22T21:00:00Z,47.8,20.85,83.04,48.98,37.32,completed
CHG0001377,EV000218,ST002,2025-07-23T00:00:00Z,88.2,17.38,86.26,53.39,41.77,completed
CHG0001378,EV000169,ST002,2025-07-23T03:00:00Z,57.5,16.1,75.62,52.82,34.76,completed
CHG0001379,EV000023,ST003,2025-07-23T06:00:00Z,34.8,40.33,72.44,59.31,50.91,completed
CHG0001380,EV000368,ST001,2025-07-23T09:00:00Z,45.5,12.67,95.06,58.67,34.41,completed
CHG0001381,EV000066,ST004,2025-07-23T12:00:00Z,54.3,11.88,78.43,43.89,42.74,completed
CHG0001382,EV000218,ST002,2025-07-23T15:00:00Z,109.6,13.1,93.39,52.76,38.18,completed
CHG0001383,EV000169,ST003,2025-07-23T18:00:00Z,40.6,35.97,72.96,37.87,43.01,completed
CHG0001384,EV000342,ST003,2025-07-23T21:00:00Z,81.1,25.03,71.75,52.18,38.24,completed
CHG0001385,EV000021,ST001,2025-07-24T00:00:00Z,45.7,17.0,79.26,57.62,36.79,completed
CHG0001386,EV000456,ST003,2025-07-24T03:00:00Z,49.8,30.06,86.64,51.74,37.2,completed
CHG0001387,EV000129,ST001,2025-07-24T06:00:00Z,39.2,43.0,94.87,52.5,40.99,completed
CHG0001388,EV000216,ST004,2025-07-24T09:00:00Z,56.4,31.37,88.49,55.75,34.4,completed
CHG0001389,EV000113,ST004,2025-07-24T12:00:00Z,52.7,28.96,80.3,61.85,52.79,completed
CHG0001390,EV000067,ST003,2025-07-24T15:00:00Z,47.9,36.59,82.58,48.55,36.34,completed
CHG0001391,EV000221,ST002,2025-07-24T18:00:00Z,61.2,14.87,88.86,53.03,41.51,completed
CHG0001392,EV000236,ST004,2025-07-24T21:00:00Z,49.5,43.38,70.5,40.95,35.83,completed
CHG0001393,EV000482,ST004,2025-07-25T00:00:00Z,58.7,10.67,88.47,61.2,37.8,completed
CHG0001394,EV000158,ST003,2025-07-25T03:00:00Z,39.5,40.65,94.1,54.21,34.09,completed
CHG0001395,EV000135,ST004,2025-07-25T06:00:00Z,46.0,34.08,85.43,52.76,34.63,completed
CHG0001396,EV000159,ST002,2025-07-25T09:00:00Z,49.4,13.09,97.22,58.13,43.11,completed
CHG0001397,EV000456,ST004,2025-07-25T12:00:00Z,46.4,28.79,70.41,54.99,38.45,completed
CHG0001398,EV000086,ST004,2025-07-25T15:00:00Z,38.2,30.42,76.94,58.51,52.54,completed
CHG0001399,EV000239,ST003,2025-07-25T18:00:00Z,46.4,18.21,92.22,41.55,33.51,completed
CHG0001400,EV000110,ST002,2025-07-25T21:00:00Z,45.6,15.59,93.35,49.31,40.84,completed
CHG0001401,EV000088,ST003,2025-07-26T00:00:00Z,37.7,13.1,80.2,58.15,51.43,completed
CHG0001402,EV000085,ST004,2025-07-26T03:00:00Z,43.7,34.51,74.45,67.34,38.68,completed
CHG0001403,EV000486,ST003,2025-07-26T06:00:00Z,45.4,27.36,85.63,41.52,38.1,completed
CHG0001404,EV000083,ST002,2025-07-26T09:00:00Z,42.8,38.12,80.11,53.98,44.19,completed
CHG0001405,EV000479,ST004,2025-07-26T12:00:00Z,40.6,44.02,78.96,59.91,46.09,completed
CHG0001406,EV000486,ST001,2025-07-26T15:00:00Z,58.1,32.19,82.92,39.94,35.99,completed
CHG0001407,EV000401,ST001,2025-07-26T18:00:00Z,50.6,24.89,75.7,56.79,46.76,completed
CHG0001408,EV000265,ST004,2025-07-26T21:00:00Z,53.2,30.76,82.93,62.46,51.08,completed
CHG0001409,EV000073,ST004,2025-07-27T00:00:00Z,56.4,32.47,82.84,49.51,39.2,completed
CHG0001410,EV000442,ST003,2025-07-27T03:00:00Z,65.5,39.33,86.4,54.57,42.34,completed
CHG0001411,EV000351,ST003,2025-07-27T06:00:00Z,54.1,12.53,96.35,70.32,42.58,completed
CHG0001412,EV000217,ST001,2025-07-27T09:00:00Z,44.4,30.32,88.43,77.7,37.55,completed
CHG0001413,EV000291,ST004,2025-07-27T12:00:00Z,53.8,36.6,74.09,65.84,30.25,completed
CHG0001414,EV000266,ST002,2025-07-27T15:00:00Z,55.6,21.79,93.78,49.92,42.19,completed
CHG0001415,EV000358,ST002,2025-07-27T18:00:00Z,49.7,29.67,74.35,71.81,34.81,completed
CHG0001416,EV000246,ST001,2025-07-27T21:00:00Z,45.1,31.72,73.02,67.66,50.44,completed
CHG0001417,EV000465,ST004,2025-07-28T00:00:00Z,52.8,14.55,92.62,53.13,36.17,completed
CHG0001418,EV000413,ST001,2025-07-28T03:00:00Z,97.6,39.63,74.02,51.01,41.13,completed
CHG0001419,EV000047,ST002,2025-07-28T06:00:00Z,53.1,13.53,70.35,63.23,41.6,completed
CHG0001420,EV000475,ST003,2025-07-28T09:00:00Z,53.6,43.15,97.06,69.41,38.27,completed
CHG0001421,EV000259,ST002,2025-07-28T12:00:00Z,37.2,29.5,82.73,72.66,34.8,completed
CHG0001422,EV000201,ST001,2025-07-28T15:00:00Z,33.1,36.52,76.96,67.89,42.38,completed
CHG0001423,EV000154,ST003,2025-07-28T18:00:00Z,45.5,21.23,71.2,52.75,36.81,completed
CHG0001424,EV000494,ST002,2025-07-28T21:00:00Z,52.2,29.19,86.59,45.73,53.95,completed
CHG0001425,EV000031,ST001,2025-07-29T00:00:00Z,36.7,36.36,93.91,54.16,37.54,completed
CHG0001426,EV000313,ST001,2025-07-29T03:00:00Z,45.8,37.7,79.45,61.41,36.14,completed
CHG0001427,EV000242,ST002,2025-07-29T06:00:00Z,54.1,31.81,97.9,49.94,38.84,completed
CHG0001428,EV000465,ST004,2025-07-29T09:00:00Z,41.0,28.09,78.07,46.92,39.62,completed
CHG0001429,EV000234,ST004,2025-07-29T12:00:00Z,53.2,15.13,78.21,51.5,36.77,completed
CHG0001430,EV000221,ST004,2025-07-29T15:00:00Z,50.8,44.77,90.18,85.37,45.65,completed
CHG0001431,EV000410,ST001,2025-07-29T18:00:00Z,40.2,23.91,82.63,49.37,29.44,completed
CHG0001432,EV000188,ST001,2025-07-29T21:00:00Z,47.2,39.16,71.57,54.32,46.62,completed
CHG0001433,EV000058,ST001,2025-07-30T00:00:00Z,52.5,23.33,86.24,63.55,36.24,completed
CHG0001434,EV000080,ST001,2025-07-30T03:00:00Z,45.1,34.5,71.0,61.97,35.21,completed
CHG0001435,EV000458,ST003,2025-07-30T06:00:00Z,45.8,27.78,92.85,68.09,36.41,completed
CHG0001436,EV000135,ST004,2025-07-30T09:00:00Z,44.4,25.1,70.45,51.24,44.32,completed
CHG0001437,EV000442,ST002,2025-07-30T12:00:00Z,59.4,19.27,83.81,61.92,35.88,completed
CHG0001438,EV000408,ST004,2025-07-30T15:00:00Z,51.6,14.01,87.73,52.63,39.6,completed
CHG0001439,EV000383,ST002,2025-07-30T18:00:00Z,46.0,18.23,91.96,66.03,39.4,completed
CHG0001440,EV000328,ST002,2025-07-30T21:00:00Z,60.6,22.82,77.67,51.2,34.32,completed
CHG0001441,EV000171,ST004,2025-07-31T00:00:00Z,38.0,31.64,85.11,53.9,34.9,completed
CHG0001442,EV000112,ST001,2025-07-31T03:00:00Z,40.0,40.5,71.33,67.61,35.78,completed
CHG0001443,EV000366,ST002,2025-07-31T06:00:00Z,63.6,44.81,79.46,59.97,40.94,completed
CHG0001444,EV000380,ST004,2025-07-31T09:00:00Z,41.6,13.75,72.8,57.92,48.87,completed
CHG0001445,EV000352,ST001,2025-07-31T12:00:00Z,48.4,24.04,84.97,55.26,40.48,completed
CHG0001446,EV000489,ST003,2025-07-31T15:00:00Z,92.7,21.5,80.17,49.73,36.31,completed
CHG0001447,EV000305,ST001,2025-07-31T18:00:00Z,51.8,24.13,87.87,60.7,43.34,completed
CHG0001448,EV000051,ST002,2025-07-31T21:00:00Z,56.8,21.37,89.18,51.7,48.7,completed
CHG0001449,EV000385,ST001,2025-08-01T00:00:00Z,51.6,22.76,74.5,65.75,38.13,completed
CHG0001450,EV000144,ST001,2025-08-01T03:00:00Z,53.0,12.53,76.14,60.44,34.67,completed
CHG0001451,EV000040,ST004,2025-08-01T06:00:00Z,51.9,40.75,92.73,58.5,37.89,completed
CHG0001452,EV000087,ST003,2025-08-01T09:00:00Z,55.1,34.66,70.23,54.26,44.95,completed
CHG0001453,EV000417,ST003,2025-08-01T12:00:00Z,68.8,38.42,83.47,65.58,36.36,completed
CHG0001454,EV000430,ST003,2025-08-01T15:00:00Z,85.5,19.24,83.8,51.53,41.69,completed
CHG0001455,EV000302,ST002,2025-08-01T18:00:00Z,45.1,42.7,85.19,47.24,35.15,completed
CHG0001456,EV000381,ST003,2025-08-01T21:00:00Z,39.7,21.91,87.11,61.44,41.51,completed
CHG0001457,EV000411,ST004,2025-08-02T00:00:00Z,48.3,27.19,75.2,65.73,32.43,completed
CHG0001458,EV000088,ST004,2025-08-02T03:00:00Z,41.5,15.49,70.11,43.53,51.83,completed
CHG0001459,EV000485,ST002,2025-08-02T06:00:00Z,29.4,42.37,81.34,56.53,44.1,completed
CHG0001460,EV000447,ST004,2025-08-02T09:00:00Z,43.8,13.95,85.73,59.84,41.6,completed
CHG0001461,EV000183,ST003,2025-08-02T12:00:00Z,85.0,25.25,77.94,57.27,30.22,completed
CHG0001462,EV000204,ST002,2025-08-02T15:00:00Z,54.3,35.1,70.14,62.16,40.97,completed
CHG0001463,EV000462,ST001,2025-08-02T18:00:00Z,48.4,27.95,84.92,65.37,43.28,completed
CHG0001464,EV000301,ST004,2025-08-02T21:00:00Z,42.8,16.57,80.37,58.37,35.36,completed
CHG0001465,EV000155,ST003,2025-08-03T00:00:00Z,54.0,28.24,88.73,54.52,54.76,completed
CHG0001466,EV000043,ST001,2025-08-03T03:00:00Z,52.8,39.27,71.86,53.86,37.12,completed
CHG0001467,EV000377,ST004,2025-08-03T06:00:00Z,78.4,35.41,80.98,60.73,41.38,completed
CHG0001468,EV000431,ST001,2025-08-03T09:00:00Z,56.2,41.03,80.49,58.76,54.47,completed
CHG0001469,EV000360,ST003,2025-08-03T12:00:00Z,55.5,21.15,90.89,53.31,40.12,completed
CHG0001470,EV000016,ST002,2025-08-03T15:00:00Z,80.3,39.07,76.24,51.73,41.52,completed
CHG0001471,EV000392,ST002,2025-08-03T18:00:00Z,53.0,21.69,73.28,56.28,38.39,completed
CHG0001472,EV000042,ST001,2025-08-03T21:00:00Z,48.2,10.5,87.33,59.79,38.22,completed
CHG0001473,EV000483,ST004,2025-08-04T00:00:00Z,53.9,23.35,75.87,68.17,36.02,completed
CHG0001474,EV000211,ST002,2025-08-04T03:00:00Z,44.2,15.88,75.5,54.8,42.52,completed
CHG0001475,EV000326,ST001,2025-08-04T06:00:00Z,63.6,27.19,94.58,37.28,40.95,completed
CHG0001476,EV000145,ST001,2025-08-04T09:00:00Z,35.9,24.51,88.85,58.77,41.24,completed
CHG0001477,EV000308,ST001,2025-08-04T12:00:00Z,59.1,40.22,87.15,54.46,30.75,completed
CHG0001478,EV000256,ST002,2025-08-04T15:00:00Z,41.4,23.95,75.3,59.3,35.06,completed
CHG0001479,EV000387,ST004,2025-08-04T18:00:00Z,59.7,13.08,90.04,38.43,48.86,completed
CHG0001480,EV000119,ST001,2025-08-04T21:00:00Z,46.6,31.36,91.94,39.07,42.64,completed
CHG0001481,EV000058,ST001,2025-08-05T00:00:00Z,48.9,37.52,91.26,52.51,37.43,completed
CHG0001482,EV000257,ST001,2025-08-05T03:00:00Z,47.4,39.04,80.46,61.8,33.04,completed
CHG0001483,EV000090,ST002,2025-08-05T06:00:00Z,91.4,16.53,73.52,64.91,36.73,completed
CHG0001484,EV000439,ST004,2025-08-05T09:00:00Z,50.7,38.04,93.96,61.58,38.36,completed
CHG0001485,EV000449,ST002,2025-08-05T12:00:00Z,61.3,36.59,88.63,60.11,52.85,completed
CHG0001486,EV000328,ST004,2025-08-05T15:00:00Z,43.3,35.18,81.94,55.82,40.49,completed
CHG0001487,EV000384,ST001,2025-08-05T18:00:00Z,39.5,29.22,76.25,66.72,40.74,completed
CHG0001488,EV000024,ST003,2025-08-05T21:00:00Z,42.3,34.21,82.21,50.38,42.91,completed
CHG0001489,EV000131,ST003,2025-08-06T00:00:00Z,56.3,40.64,76.46,49.59,36.5,completed
CHG0001490,EV000033,ST003,2025-08-06T03:00:00Z,42.2,27.2,82.07,62.07,35.67,completed
CHG0001491,EV000040,ST004,2025-08-06T06:00:00Z,43.8,43.36,70.87,45.0,39.92,completed
CHG0001492,EV000477,ST002,2025-08-06T09:00:00Z,74.0,13.91,81.09,45.77,36.3,completed
CHG0001493,EV000219,ST001,2025-08-06T12:00:00Z,68.5,25.5,78.38,41.56,42.42,completed
CHG0001494,EV000024,ST004,2025-08-06T15:00:00Z,50.8,42.88,71.71,51.68,38.55,completed
CHG0001495,EV000439,ST002,2025-08-06T18:00:00Z,29.0,11.61,91.58,61.88,32.18,completed
CHG0001496,EV000458,ST002,2025-08-06T21:00:00Z,55.6,42.4,92.61,66.24,35.03,completed
CHG0001497,EV000024,ST004,2025-08-07T00:00:00Z,48.1,19.84,96.27,45.44,36.7,completed
CHG0001498,EV000388,ST002,2025-08-07T03:00:00Z,61.5,23.43,81.61,75.53,38.14,completed
CHG0001499,EV000443,ST003,2025-08-07T06:00:00Z,41.1,36.08,94.44,40.6,34.68,completed
CHG0001500,EV000384,ST002,2025-08-07T09:00:00Z,48.9,19.2,91.73,59.16,32.61,completed
CHG0001501,EV000275,ST003,2025-08-07T12:00:00Z,41.6,15.39,73.37,54.36,37.65,completed
CHG0001502,EV000002,ST003,2025-08-07T15:00:00Z,39.9,30.09,93.6,59.03,53.74,completed
CHG0001503,EV000228,ST002,2025-08-07T18:00:00Z,42.9,27.79,70.22,49.84,33.6,completed
CHG0001504,EV000472,ST002,2025-08-07T21:00:00Z,52.1,14.84,70.81,60.4,51.65,completed
CHG0001505,EV000480,ST002,2025-08-08T00:00:00Z,102.7,22.26,79.26,51.94,35.29,completed
CHG0001506,EV000034,ST004,2025-08-08T03:00:00Z,34.4,42.68,79.33,63.15,53.92,completed
CHG0001507,EV000262,ST001,2025-08-08T06:00:00Z,47.3,37.25,97.97,61.4,45.9,completed
CHG0001508,EV000222,ST004,2025-08-08T09:00:00Z,55.7,23.61,87.0,54.45,33.29,completed
CHG0001509,EV000210,ST003,2025-08-08T12:00:00Z,68.5,33.63,91.79,47.74,38.71,completed
CHG0001510,EV000369,ST001,2025-08-08T15:00:00Z,45.0,27.33,95.03,49.84,40.39,completed
CHG0001511,EV000248,ST001,2025-08-08T18:00:00Z,37.1,22.99,82.06,63.4,40.93,completed
CHG0001512,EV000194,ST002,2025-08-08T21:00:00Z,48.0,21.13,95.02,53.9,40.92,completed
CHG0001513,EV000246,ST001,2025-08-09T00:00:00Z,59.9,19.9,94.55,55.2,44.09,completed
CHG0001514,EV000259,ST001,2025-08-09T03:00:00Z,58.7,33.78,92.6,49.17,37.5,completed
CHG0001515,EV000099,ST001,2025-08-09T06:00:00Z,41.8,12.46,82.32,63.15,29.77,completed
CHG0001516,EV000063,ST002,2025-08-09T09:00:00Z,34.0,23.09,81.31,44.67,41.13,completed
CHG0001517,EV000340,ST004,2025-08-09T12:00:00Z,41.4,14.3,88.01,63.6,35.02,completed
CHG0001518,EV000176,ST003,2025-08-09T15:00:00Z,50.1,39.93,82.02,51.37,31.54,completed
CHG0001519,EV000097,ST004,2025-08-09T18:00:00Z,45.3,37.71,96.98,58.7,36.55,completed
CHG0001520,EV000028,ST002,2025-08-09T21:00:00Z,70.2,24.88,93.02,40.41,32.54,completed
CHG0001521,EV000347,ST001,2025-08-10T00:00:00Z,51.0,18.54,94.19,47.98,33.96,completed
CHG0001522,EV000086,ST004,2025-08-10T03:00:00Z,60.3,11.32,77.39,56.32,50.15,completed
CHG0001523,EV000360,ST002,2025-08-10T06:00:00Z,46.8,33.42,81.55,58.18,40.79,completed
CHG0001524,EV000304,ST003,2025-08-10T09:00:00Z,52.1,36.49,91.77,57.59,37.65,completed
CHG0001525,EV000455,ST003,2025-08-10T12:00:00Z,46.2,40.65,92.04,45.71,36.91,completed
CHG0001526,EV000441,ST004,2025-08-10T15:00:00Z,42.1,12.07,90.34,59.01,50.93,completed
CHG0001527,EV000292,ST002,2025-08-10T18:00:00Z,40.0,10.04,88.36,69.81,43.7,completed
CHG0001528,EV000190,ST003,2025-08-10T21:00:00Z,36.2,27.78,71.26,55.5,36.96,completed
CHG0001529,EV000086,ST001,2025-08-11T00:00:00Z,49.5,27.48,94.01,47.85,51.67,completed
CHG0001530,EV000320,ST003,2025-08-11T03:00:00Z,58.5,15.83,72.76,57.57,47.09,completed
CHG0001531,EV000149,ST001,2025-08-11T06:00:00Z,50.4,10.72,82.8,51.18,36.78,completed
CHG0001532,EV000459,ST002,2025-08-11T09:00:00Z,49.8,29.17,93.91,53.48,35.51,completed
CHG0001533,EV000256,ST004,2025-08-11T12:00:00Z,37.8,35.82,80.37,57.35,42.02,completed
CHG0001534,EV000035,ST001,2025-08-11T15:00:00Z,56.7,10.87,97.05,41.54,44.85,completed
CHG0001535,EV000479,ST002,2025-08-11T18:00:00Z,45.7,23.53,84.44,72.29,41.84,completed
CHG0001536,EV000485,ST003,2025-08-11T21:00:00Z,53.7,36.93,85.67,77.65,39.53,completed
CHG0001537,EV000442,ST002,2025-08-12T00:00:00Z,51.5,44.37,71.71,70.66,36.67,completed
CHG0001538,EV000109,ST003,2025-08-12T03:00:00Z,49.0,33.77,81.41,53.73,53.16,completed
CHG0001539,EV000315,ST004,2025-08-12T06:00:00Z,99.9,34.15,86.13,38.35,37.83,completed
CHG0001540,EV000232,ST003,2025-08-12T09:00:00Z,51.9,27.5,71.66,48.18,36.34,completed
CHG0001541,EV000205,ST001,2025-08-12T12:00:00Z,39.4,28.25,97.2,62.92,35.59,completed
CHG0001542,EV000147,ST002,2025-08-12T15:00:00Z,61.3,27.23,86.82,52.86,39.71,completed
CHG0001543,EV000332,ST001,2025-08-12T18:00:00Z,80.3,42.52,71.56,55.88,43.07,completed
CHG0001544,EV000101,ST001,2025-08-12T21:00:00Z,49.0,23.14,82.62,61.17,36.29,completed
CHG0001545,EV000443,ST004,2025-08-13T00:00:00Z,46.7,39.92,97.58,60.75,42.4,completed
CHG0001546,EV000239,ST004,2025-08-13T03:00:00Z,61.0,29.77,88.98,55.36,44.07,completed
CHG0001547,EV000034,ST002,2025-08-13T06:00:00Z,57.7,16.13,85.61,60.43,48.91,completed
CHG0001548,EV000351,ST001,2025-08-13T09:00:00Z,44.0,18.81,73.25,34.4,30.86,completed
CHG0001549,EV000423,ST004,2025-08-13T12:00:00Z,46.9,20.32,74.67,43.43,50.16,completed
CHG0001550,EV000083,ST002,2025-08-13T15:00:00Z,39.8,11.72,71.88,53.61,38.52,completed
CHG0001551,EV000302,ST003,2025-08-13T18:00:00Z,44.2,40.95,76.51,51.06,38.7,completed
CHG0001552,EV000250,ST004,2025-08-13T21:00:00Z,48.2,24.79,95.22,51.64,34.12,completed
CHG0001553,EV000249,ST003,2025-08-14T00:00:00Z,59.1,33.35,96.03,56.42,38.57,completed
CHG0001554,EV000404,ST001,2025-08-14T03:00:00Z,60.7,38.44,85.14,57.7,38.73,completed
CHG0001555,EV000307,ST001,2025-08-14T06:00:00Z,58.9,43.8,84.81,54.51,45.21,completed
CHG0001556,EV000255,ST004,2025-08-14T09:00:00Z,48.8,40.16,83.64,63.07,53.64,completed
CHG0001557,EV000283,ST003,2025-08-14T12:00:00Z,54.8,15.46,76.42,56.52,37.53,completed
CHG0001558,EV000267,ST002,2025-08-14T15:00:00Z,40.1,31.82,90.44,65.9,31.03,completed
CHG0001559,EV000143,ST002,2025-08-14T18:00:00Z,44.4,40.81,72.65,49.16,34.8,completed
CHG0001560,EV000432,ST001,2025-08-14T21:00:00Z,58.6,44.96,89.97,46.03,36.73,completed
CHG0001561,EV000032,ST001,2025-08-15T00:00:00Z,87.1,35.52,95.58,50.62,38.87,completed
CHG0001562,EV000173,ST002,2025-08-15T03:00:00Z,50.8,13.96,95.17,66.81,36.28,completed
CHG0001563,EV000233,ST001,2025-08-15T06:00:00Z,94.8,17.32,91.44,51.69,31.39,completed
CHG0001564,EV000234,ST004,2025-08-15T09:00:00Z,46.8,41.52,89.68,66.45,40.18,completed
CHG0001565,EV000482,ST001,2025-08-15T12:00:00Z,46.1,17.42,83.24,56.05,33.36,completed
CHG0001566,EV000416,ST001,2025-08-15T15:00:00Z,47.5,13.32,80.96,50.99,35.73,completed
CHG0001567,EV000315,ST004,2025-08-15T18:00:00Z,86.9,13.39,91.13,55.22,35.48,completed
CHG0001568,EV000138,ST001,2025-08-15T21:00:00Z,82.9,12.27,81.37,38.96,45.0,completed
CHG0001569,EV000251,ST004,2025-08-16T00:00:00Z,41.3,23.42,72.59,59.17,33.29,completed
CHG0001570,EV000259,ST002,2025-08-16T03:00:00Z,47.1,19.62,97.16,54.53,28.38,completed
CHG0001571,EV000429,ST001,2025-08-16T06:00:00Z,53.1,15.92,75.02,57.82,31.01,completed
CHG0001572,EV000298,ST004,2025-08-16T09:00:00Z,54.3,32.49,83.01,63.4,35.05,completed
CHG0001573,EV000168,ST002,2025-08-16T12:00:00Z,35.3,23.48,97.43,60.03,38.02,completed
CHG0001574,EV000282,ST002,2025-08-16T15:00:00Z,45.0,37.75,96.71,61.9,39.66,completed
CHG0001575,EV000319,ST004,2025-08-16T18:00:00Z,36.3,17.17,94.61,44.8,33.13,completed
CHG0001576,EV000152,ST001,2025-08-16T21:00:00Z,45.1,37.69,76.99,70.24,44.24,completed
CHG0001577,EV000099,ST003,2025-08-17T00:00:00Z,47.7,29.88,86.28,62.97,40.9,completed
CHG0001578,EV000413,ST001,2025-08-17T03:00:00Z,102.9,20.49,83.08,66.95,42.44,completed
CHG0001579,EV000147,ST004,2025-08-17T06:00:00Z,34.3,14.09,72.79,56.58,37.95,completed
CHG0001580,EV000462,ST004,2025-08-17T09:00:00Z,50.8,22.23,96.09,58.48,31.83,completed
CHG0001581,EV000256,ST002,2025-08-17T12:00:00Z,56.2,11.75,75.88,66.89,29.68,completed
CHG0001582,EV000148,ST001,2025-08-17T15:00:00Z,38.5,41.06,77.35,53.43,34.49,completed
CHG0001583,EV000190,ST003,2025-08-17T18:00:00Z,53.0,36.72,85.91,46.26,39.14,completed
CHG0001584,EV000483,ST002,2025-08-17T21:00:00Z,49.3,35.03,90.72,55.44,34.87,completed
CHG0001585,EV000424,ST001,2025-08-18T00:00:00Z,51.0,21.92,78.33,43.94,37.33,completed
CHG0001586,EV000419,ST003,2025-08-18T03:00:00Z,37.3,38.34,93.56,53.82,43.57,completed
CHG0001587,EV000127,ST002,2025-08-18T06:00:00Z,38.8,27.79,93.0,48.35,53.29,completed
CHG0001588,EV000160,ST004,2025-08-18T09:00:00Z,52.6,42.71,90.3,53.74,37.92,completed
CHG0001589,EV000331,ST003,2025-08-18T12:00:00Z,47.6,25.01,76.69,54.86,37.87,completed
CHG0001590,EV000335,ST002,2025-08-18T15:00:00Z,62.1,23.38,70.96,56.87,52.3,completed
CHG0001591,EV000494,ST002,2025-08-18T18:00:00Z,48.1,13.09,77.79,59.35,53.24,completed
CHG0001592,EV000087,ST002,2025-08-18T21:00:00Z,37.5,27.62,95.3,68.38,36.52,completed
CHG0001593,EV000418,ST004,2025-08-19T00:00:00Z,45.3,26.84,80.48,52.93,32.53,completed
CHG0001594,EV000353,ST003,2025-08-19T03:00:00Z,38.8,41.81,97.55,59.44,41.92,completed
CHG0001595,EV000120,ST002,2025-08-19T06:00:00Z,48.5,15.76,92.71,51.37,33.85,completed
CHG0001596,EV000120,ST001,2025-08-19T09:00:00Z,50.0,14.64,95.62,50.93,36.96,completed
CHG0001597,EV000193,ST003,2025-08-19T12:00:00Z,59.1,30.79,88.67,50.9,43.41,completed
CHG0001598,EV000481,ST003,2025-08-19T15:00:00Z,56.0,28.41,71.16,56.54,44.91,completed
CHG0001599,EV000479,ST001,2025-08-19T18:00:00Z,40.2,12.33,88.19,41.5,35.06,completed
CHG0001600,EV000282,ST004,2025-08-19T21:00:00Z,41.3,26.41,94.37,72.51,45.6,completed
CHG0001601,EV000275,ST003,2025-08-20T00:00:00Z,32.2,29.43,90.35,65.0,35.94,completed
CHG0001602,EV000094,ST004,2025-08-20T03:00:00Z,47.9,21.3,81.04,69.12,45.85,completed
CHG0001603,EV000248,ST003,2025-08-20T06:00:00Z,64.9,30.43,72.49,49.37,39.43,completed
CHG0001604,EV000433,ST002,2025-08-20T09:00:00Z,58.1,19.29,72.82,50.85,38.54,completed
CHG0001605,EV000245,ST002,2025-08-20T12:00:00Z,46.9,14.4,77.42,59.49,41.83,completed
CHG0001606,EV000108,ST002,2025-08-20T15:00:00Z,99.7,18.01,96.59,55.51,44.06,completed
CHG0001607,EV000207,ST004,2025-08-20T18:00:00Z,50.1,26.93,82.34,56.98,38.69,completed
CHG0001608,EV000016,ST001,2025-08-20T21:00:00Z,97.2,22.99,81.11,52.86,38.32,completed
CHG0001609,EV000170,ST003,2025-08-21T00:00:00Z,60.4,38.62,70.68,45.79,42.9,completed
CHG0001610,EV000310,ST002,2025-08-21T03:00:00Z,51.3,34.75,80.97,43.56,39.97,completed
CHG0001611,EV000420,ST003,2025-08-21T06:00:00Z,40.7,41.62,94.0,56.08,37.75,completed
CHG0001612,EV000139,ST002,2025-08-21T09:00:00Z,51.3,43.44,85.62,58.9,50.9,completed
CHG0001613,EV000084,ST003,2025-08-21T12:00:00Z,41.6,38.63,87.51,57.49,34.28,completed
CHG0001614,EV000067,ST002,2025-08-21T15:00:00Z,41.2,37.3,78.68,53.28,35.64,completed
CHG0001615,EV000393,ST004,2025-08-21T18:00:00Z,43.2,15.9,94.9,47.66,36.57,completed
CHG0001616,EV000413,ST003,2025-08-21T21:00:00Z,103.4,29.91,92.79,39.9,31.67,completed
CHG0001617,EV000397,ST002,2025-08-22T00:00:00Z,62.6,25.25,76.12,70.99,43.62,completed
CHG0001618,EV000371,ST002,2025-08-22T03:00:00Z,46.4,41.81,92.48,53.72,44.94,completed
CHG0001619,EV000159,ST004,2025-08-22T06:00:00Z,50.5,44.87,76.35,57.96,37.97,completed
CHG0001620,EV000332,ST004,2025-08-22T09:00:00Z,91.1,23.27,90.84,78.59,34.16,completed
CHG0001621,EV000499,ST001,2025-08-22T12:00:00Z,40.9,36.81,80.57,68.62,38.92,completed
CHG0001622,EV000222,ST004,2025-08-22T15:00:00Z,48.1,15.18,73.6,37.47,38.07,completed
CHG0001623,EV000467,ST002,2025-08-22T18:00:00Z,46.8,22.71,74.64,62.35,36.59,completed
CHG0001624,EV000204,ST002,2025-08-22T21:00:00Z,34.0,28.66,86.68,69.0,36.62,completed
CHG0001625,EV000404,ST002,2025-08-23T00:00:00Z,41.9,25.8,85.28,63.44,38.4,completed
CHG0001626,EV000210,ST001,2025-08-23T03:00:00Z,84.4,32.18,72.57,64.24,34.56,completed
CHG0001627,EV000132,ST003,2025-08-23T06:00:00Z,53.9,42.71,89.61,74.92,54.01,completed
CHG0001628,EV000307,ST002,2025-08-23T09:00:00Z,45.9,26.09,72.58,48.51,34.32,completed
CHG0001629,EV000374,ST002,2025-08-23T12:00:00Z,35.6,14.08,73.68,53.25,38.79,completed
CHG0001630,EV000326,ST003,2025-08-23T15:00:00Z,43.9,35.11,70.73,47.38,37.93,completed
CHG0001631,EV000415,ST002,2025-08-23T18:00:00Z,45.1,36.53,73.52,58.93,32.05,completed
CHG0001632,EV000417,ST002,2025-08-23T21:00:00Z,49.9,30.6,92.49,65.19,46.09,completed
CHG0001633,EV000338,ST001,2025-08-24T00:00:00Z,61.3,13.3,79.52,62.22,31.91,completed
CHG0001634,EV000344,ST003,2025-08-24T03:00:00Z,51.8,32.69,82.54,44.92,48.8,completed
CHG0001635,EV000334,ST003,2025-08-24T06:00:00Z,67.8,39.48,83.03,54.4,53.0,completed
CHG0001636,EV000016,ST001,2025-08-24T09:00:00Z,88.9,31.6,79.86,51.09,41.72,completed
CHG0001637,EV000422,ST001,2025-08-24T12:00:00Z,50.0,23.78,93.65,62.56,33.75,completed
CHG0001638,EV000195,ST004,2025-08-24T15:00:00Z,51.8,12.9,97.36,60.76,50.92,completed
CHG0001639,EV000028,ST001,2025-08-24T18:00:00Z,51.3,43.0,85.94,54.79,36.78,completed
CHG0001640,EV000048,ST003,2025-08-24T21:00:00Z,29.7,38.66,70.13,61.51,42.82,completed
CHG0001641,EV000028,ST002,2025-08-25T00:00:00Z,52.6,28.11,75.96,58.75,35.84,completed
CHG0001642,EV000465,ST004,2025-08-25T03:00:00Z,48.8,42.56,78.67,31.28,36.56,completed
CHG0001643,EV000086,ST004,2025-08-25T06:00:00Z,49.4,25.24,71.08,67.58,51.18,completed
CHG0001644,EV000289,ST004,2025-08-25T09:00:00Z,44.0,40.51,71.82,57.3,32.24,completed
CHG0001645,EV000059,ST004,2025-08-25T12:00:00Z,51.5,38.38,85.88,58.38,44.9,completed
CHG0001646,EV000464,ST004,2025-08-25T15:00:00Z,36.6,18.33,84.34,50.3,37.46,completed
CHG0001647,EV000161,ST003,2025-08-25T18:00:00Z,38.1,41.7,73.52,55.49,38.75,completed
CHG0001648,EV000052,ST004,2025-08-25T21:00:00Z,48.7,40.19,76.19,54.79,39.35,completed
CHG0001649,EV000007,ST004,2025-08-26T00:00:00Z,83.2,33.94,96.39,51.5,39.19,completed
CHG0001650,EV000278,ST002,2025-08-26T03:00:00Z,42.1,10.25,96.91,54.99,37.22,completed
CHG0001651,EV000165,ST004,2025-08-26T06:00:00Z,35.2,15.08,93.16,54.24,37.32,completed
CHG0001652,EV000481,ST003,2025-08-26T09:00:00Z,50.0,40.26,75.83,48.64,32.72,completed
CHG0001653,EV000121,ST003,2025-08-26T12:00:00Z,56.2,33.92,77.68,53.41,50.79,completed
CHG0001654,EV000369,ST001,2025-08-26T15:00:00Z,47.2,26.16,92.09,55.74,37.7,completed
CHG0001655,EV000324,ST003,2025-08-26T18:00:00Z,40.5,43.28,81.36,52.93,52.11,completed
CHG0001656,EV000166,ST004,2025-08-26T21:00:00Z,53.5,43.27,80.03,47.33,41.38,completed
CHG0001657,EV000039,ST003,2025-08-27T00:00:00Z,108.6,38.66,73.34,38.23,34.04,completed
CHG0001658,EV000395,ST001,2025-08-27T03:00:00Z,54.0,44.84,93.58,49.13,53.93,completed
CHG0001659,EV000261,ST002,2025-08-27T06:00:00Z,54.7,33.08,95.16,44.64,35.89,completed
CHG0001660,EV000215,ST004,2025-08-27T09:00:00Z,51.1,12.89,85.12,46.4,37.38,completed
CHG0001661,EV000248,ST004,2025-08-27T12:00:00Z,51.6,11.26,95.05,41.31,35.77,completed
CHG0001662,EV000327,ST004,2025-08-27T15:00:00Z,41.6,41.88,87.43,42.76,45.01,completed
CHG0001663,EV000175,ST001,2025-08-27T18:00:00Z,49.9,36.05,88.58,62.51,39.94,completed
CHG0001664,EV000416,ST003,2025-08-27T21:00:00Z,58.4,41.9,71.34,52.19,41.39,completed
CHG0001665,EV000077,ST003,2025-08-28T00:00:00Z,53.4,14.63,89.1,50.66,37.18,completed
CHG0001666,EV000300,ST001,2025-08-28T03:00:00Z,58.8,28.72,86.95,40.34,45.65,completed
CHG0001667,EV000497,ST004,2025-08-28T06:00:00Z,60.8,28.73,84.31,44.86,39.03,completed
CHG0001668,EV000453,ST001,2025-08-28T09:00:00Z,63.5,42.29,70.65,52.51,34.43,completed
CHG0001669,EV000301,ST003,2025-08-28T12:00:00Z,32.5,24.48,97.21,52.91,29.88,completed
CHG0001670,EV000386,ST002,2025-08-28T15:00:00Z,39.2,25.02,87.72,59.54,39.33,completed
CHG0001671,EV000404,ST002,2025-08-28T18:00:00Z,60.6,19.45,96.86,48.15,37.92,completed
CHG0001672,EV000070,ST001,2025-08-28T21:00:00Z,53.9,42.03,93.56,46.92,38.62,completed
CHG0001673,EV000004,ST003,2025-08-29T00:00:00Z,52.4,28.26,74.37,48.31,41.53,completed
CHG0001674,EV000149,ST003,2025-08-29T03:00:00Z,43.2,20.93,80.66,47.96,32.63,completed
CHG0001675,EV000471,ST001,2025-08-29T06:00:00Z,40.3,43.11,94.79,69.63,40.04,completed
CHG0001676,EV000024,ST004,2025-08-29T09:00:00Z,48.6,15.69,79.97,31.25,36.84,completed
CHG0001677,EV000214,ST004,2025-08-29T12:00:00Z,42.3,12.78,92.73,47.05,35.09,completed
CHG0001678,EV000468,ST001,2025-08-29T15:00:00Z,58.5,15.73,89.33,54.06,51.75,completed
CHG0001679,EV000032,ST001,2025-08-29T18:00:00Z,104.4,19.76,75.77,61.11,39.63,completed
CHG0001680,EV000464,ST003,2025-08-29T21:00:00Z,51.6,11.55,96.1,56.57,36.25,completed
CHG0001681,EV000334,ST003,2025-08-30T00:00:00Z,46.9,38.67,70.57,67.28,57.18,completed
CHG0001682,EV000038,ST003,2025-08-30T03:00:00Z,50.3,33.98,97.44,54.22,41.88,completed
CHG0001683,EV000076,ST002,2025-08-30T06:00:00Z,52.1,20.22,83.35,60.31,52.43,completed
CHG0001684,EV000008,ST001,2025-08-30T09:00:00Z,48.3,24.37,88.73,51.92,45.05,completed
CHG0001685,EV000038,ST002,2025-08-30T12:00:00Z,51.1,33.29,73.63,45.86,39.9,completed
CHG0001686,EV000445,ST001,2025-08-30T15:00:00Z,45.7,30.71,81.48,38.63,37.33,completed
CHG0001687,EV000235,ST004,2025-08-30T18:00:00Z,46.6,12.41,94.15,61.09,37.11,completed
CHG0001688,EV000198,ST004,2025-08-30T21:00:00Z,49.1,34.06,85.48,57.02,32.05,completed
CHG0001689,EV000244,ST003,2025-08-31T00:00:00Z,62.4,29.39,76.34,51.01,36.07,completed
CHG0001690,EV000218,ST001,2025-08-31T03:00:00Z,107.7,12.3,87.22,56.97,35.47,completed
CHG0001691,EV000275,ST003,2025-08-31T06:00:00Z,43.2,14.23,81.66,51.64,44.91,completed
CHG0001692,EV000266,ST001,2025-08-31T09:00:00Z,35.9,21.59,73.76,53.17,38.6,completed
CHG0001693,EV000159,ST003,2025-08-31T12:00:00Z,60.0,17.82,92.36,63.85,41.0,completed
CHG0001694,EV000115,ST004,2025-08-31T15:00:00Z,56.0,15.34,75.56,70.18,40.75,completed
CHG0001695,EV000382,ST003,2025-08-31T18:00:00Z,35.9,33.1,97.21,61.66,39.83,completed
CHG0001696,EV000021,ST003,2025-08-31T21:00:00Z,53.1,43.67,74.97,56.48,36.62,completed
CHG0001697,EV000288,ST001,2025-09-01T00:00:00Z,55.2,22.46,95.33,62.75,39.16,completed
CHG0001698,EV000123,ST002,2025-09-01T03:00:00Z,40.7,32.51,88.44,47.03,38.04,completed
CHG0001699,EV000216,ST004,2025-09-01T06:00:00Z,69.1,12.2,84.03,48.95,29.03,completed
CHG0001700,EV000404,ST001,2025-09-01T09:00:00Z,50.2,16.93,72.96,59.3,42.83,completed
CHG0001701,EV000341,ST001,2025-09-01T12:00:00Z,91.7,24.21,79.31,66.77,26.99,completed
CHG0001702,EV000468,ST001,2025-09-01T15:00:00Z,45.0,24.36,90.52,60.59,53.28,completed
CHG0001703,EV000496,ST004,2025-09-01T18:00:00Z,52.8,14.06,89.2,49.62,43.74,completed
CHG0001704,EV000395,ST003,2025-09-01T21:00:00Z,62.3,32.16,79.95,64.5,48.81,completed
CHG0001705,EV000372,ST004,2025-09-02T00:00:00Z,35.6,17.32,79.44,42.84,41.57,completed
CHG0001706,EV000368,ST004,2025-09-02T03:00:00Z,49.9,23.9,76.23,49.63,33.23,completed
CHG0001707,EV000397,ST001,2025-09-02T06:00:00Z,56.5,42.25,95.12,53.04,40.35,completed
CHG0001708,EV000299,ST001,2025-09-02T09:00:00Z,59.5,15.14,85.21,48.28,34.24,completed
CHG0001709,EV000186,ST001,2025-09-02T12:00:00Z,43.4,26.44,79.79,61.56,50.02,completed
CHG0001710,EV000317,ST002,2025-09-02T15:00:00Z,35.6,41.32,91.93,51.15,37.81,completed
CHG0001711,EV000166,ST001,2025-09-02T18:00:00Z,63.1,43.73,76.76,50.58,36.9,completed
CHG0001712,EV000072,ST002,2025-09-02T21:00:00Z,59.6,16.95,84.4,53.69,36.86,completed
CHG0001713,EV000333,ST001,2025-09-03T00:00:00Z,31.9,22.3,72.58,49.39,41.48,completed
CHG0001714,EV000143,ST003,2025-09-03T03:00:00Z,46.2,43.09,96.25,58.59,37.08,completed
CHG0001715,EV000209,ST001,2025-09-03T06:00:00Z,98.2,26.56,91.2,65.27,36.02,completed
CHG0001716,EV000022,ST004,2025-09-03T09:00:00Z,55.5,11.01,95.54,56.03,42.35,completed
CHG0001717,EV000032,ST003,2025-09-03T12:00:00Z,109.0,31.06,79.49,61.46,46.09,completed
CHG0001718,EV000274,ST004,2025-09-03T15:00:00Z,51.2,30.16,75.3,70.93,34.76,completed
CHG0001719,EV000061,ST002,2025-09-03T18:00:00Z,53.4,31.66,75.39,51.54,29.62,completed
CHG0001720,EV000378,ST004,2025-09-03T21:00:00Z,43.3,20.69,76.07,59.51,41.45,completed
CHG0001721,EV000110,ST004,2025-09-04T00:00:00Z,46.1,34.37,85.29,58.37,39.67,completed
CHG0001722,EV000042,ST003,2025-09-04T03:00:00Z,53.9,10.27,78.35,38.71,33.09,completed
CHG0001723,EV000010,ST004,2025-09-04T06:00:00Z,40.6,15.3,88.02,54.65,34.42,completed
CHG0001724,EV000132,ST002,2025-09-04T09:00:00Z,44.3,30.19,79.62,56.78,52.15,completed
CHG0001725,EV000031,ST002,2025-09-04T12:00:00Z,54.1,42.93,80.68,64.42,37.59,completed
CHG0001726,EV000182,ST002,2025-09-04T15:00:00Z,50.8,43.92,85.67,62.07,46.34,completed
CHG0001727,EV000044,ST001,2025-09-04T18:00:00Z,61.0,31.25,79.39,60.32,49.1,completed
CHG0001728,EV000356,ST003,2025-09-04T21:00:00Z,50.5,41.28,93.82,55.93,53.48,completed
CHG0001729,EV000078,ST004,2025-09-05T00:00:00Z,56.8,18.06,81.11,62.54,31.62,completed
CHG0001730,EV000118,ST004,2025-09-05T03:00:00Z,57.6,35.81,74.25,69.93,31.0,completed
CHG0001731,EV000111,ST003,2025-09-05T06:00:00Z,57.1,12.29,75.26,52.03,47.77,completed
CHG0001732,EV000442,ST004,2025-09-05T09:00:00Z,49.3,30.28,82.25,66.09,36.37,completed
CHG0001733,EV000448,ST001,2025-09-05T12:00:00Z,50.6,27.01,80.42,67.05,27.87,completed
CHG0001734,EV000286,ST003,2025-09-05T15:00:00Z,96.1,38.56,81.11,48.51,32.64,completed
CHG0001735,EV000341,ST004,2025-09-05T18:00:00Z,78.6,19.88,77.54,71.0,41.88,completed
CHG0001736,EV000264,ST004,2025-09-05T21:00:00Z,45.5,30.05,72.16,57.83,36.48,completed
CHG0001737,EV000045,ST001,2025-09-06T00:00:00Z,60.4,28.37,79.41,63.11,38.0,completed
CHG0001738,EV000346,ST001,2025-09-06T03:00:00Z,51.0,42.11,83.97,60.81,27.01,completed
CHG0001739,EV000148,ST002,2025-09-06T06:00:00Z,32.9,26.6,91.2,52.37,40.45,completed
CHG0001740,EV000458,ST004,2025-09-06T09:00:00Z,48.8,40.87,70.22,66.96,36.06,completed
CHG0001741,EV000273,ST003,2025-09-06T12:00:00Z,42.3,42.73,70.43,50.31,37.95,completed
CHG0001742,EV000360,ST004,2025-09-06T15:00:00Z,57.3,35.0,70.68,69.57,33.75,completed
CHG0001743,EV000326,ST003,2025-09-06T18:00:00Z,51.6,14.7,74.39,59.59,40.06,completed
CHG0001744,EV000236,ST004,2025-09-06T21:00:00Z,52.0,40.64,76.6,49.18,39.38,completed
CHG0001745,EV000229,ST004,2025-09-07T00:00:00Z,61.7,43.86,80.14,46.39,44.46,completed
CHG0001746,EV000420,ST001,2025-09-07T03:00:00Z,45.7,31.83,79.23,52.38,36.86,completed
CHG0001747,EV000297,ST002,2025-09-07T06:00:00Z,56.0,37.65,81.3,60.47,36.67,completed
CHG0001748,EV000371,ST002,2025-09-07T09:00:00Z,47.9,34.14,96.94,57.51,40.64,completed
CHG0001749,EV000253,ST002,2025-09-07T12:00:00Z,42.2,21.27,80.91,59.81,36.26,completed
CHG0001750,EV000479,ST002,2025-09-07T15:00:00Z,49.9,22.26,94.59,61.24,35.4,completed
CHG0001751,EV000499,ST003,2025-09-07T18:00:00Z,51.5,36.23,80.8,68.57,33.5,completed
CHG0001752,EV000086,ST004,2025-09-07T21:00:00Z,47.2,39.78,72.88,50.86,50.73,completed
CHG0001753,EV000214,ST004,2025-09-08T00:00:00Z,46.2,25.39,89.89,46.87,40.65,completed
CHG0001754,EV000189,ST004,2025-09-08T03:00:00Z,52.7,10.6,79.71,52.15,50.87,completed
CHG0001755,EV000465,ST002,2025-09-08T06:00:00Z,45.1,16.8,89.92,51.63,38.15,completed
CHG0001756,EV000129,ST002,2025-09-08T09:00:00Z,41.3,27.64,74.19,57.38,34.55,completed
CHG0001757,EV000272,ST004,2025-09-08T12:00:00Z,52.4,15.3,79.24,62.99,34.75,completed
CHG0001758,EV000284,ST003,2025-09-08T15:00:00Z,42.5,33.59,90.37,51.87,51.23,completed
CHG0001759,EV000296,ST004,2025-09-08T18:00:00Z,37.4,19.87,77.92,33.09,35.58,completed
CHG0001760,EV000393,ST002,2025-09-08T21:00:00Z,41.8,40.71,86.83,47.94,35.19,completed
CHG0001761,EV000468,ST001,2025-09-09T00:00:00Z,49.8,13.16,76.57,44.82,53.17,completed
CHG0001762,EV000165,ST003,2025-09-09T03:00:00Z,64.4,21.9,97.63,59.22,36.07,completed
CHG0001763,EV000332,ST004,2025-09-09T06:00:00Z,104.6,40.64,93.16,55.74,39.48,completed
CHG0001764,EV000021,ST003,2025-09-09T09:00:00Z,49.4,37.39,97.03,60.02,37.84,completed
CHG0001765,EV000275,ST002,2025-09-09T12:00:00Z,45.2,43.1,85.29,56.16,38.11,completed
CHG0001766,EV000337,ST002,2025-09-09T15:00:00Z,105.7,18.55,96.06,59.4,33.89,completed
CHG0001767,EV000235,ST003,2025-09-09T18:00:00Z,56.3,15.1,87.45,72.64,35.08,completed
CHG0001768,EV000316,ST001,2025-09-09T21:00:00Z,55.0,11.67,74.87,46.58,36.06,completed
CHG0001769,EV000490,ST002,2025-09-10T00:00:00Z,61.4,44.55,89.7,63.03,45.33,completed
CHG0001770,EV000014,ST003,2025-09-10T03:00:00Z,59.2,35.42,92.79,65.44,47.83,completed
CHG0001771,EV000268,ST002,2025-09-10T06:00:00Z,33.8,44.74,84.79,55.74,32.27,completed
CHG0001772,EV000195,ST004,2025-09-10T09:00:00Z,49.2,31.09,83.19,53.18,52.91,completed
CHG0001773,EV000216,ST002,2025-09-10T12:00:00Z,45.0,36.45,79.19,67.8,31.71,completed
CHG0001774,EV000014,ST002,2025-09-10T15:00:00Z,58.4,25.56,73.37,39.43,36.97,completed
CHG0001775,EV000218,ST002,2025-09-10T18:00:00Z,102.4,18.07,75.09,66.6,33.29,completed
CHG0001776,EV000011,ST002,2025-09-10T21:00:00Z,38.0,21.41,76.98,69.14,35.89,completed
CHG0001777,EV000210,ST002,2025-09-11T00:00:00Z,92.3,36.72,93.06,65.41,41.68,completed
CHG0001778,EV000011,ST001,2025-09-11T03:00:00Z,41.4,16.72,78.23,54.7,34.67,completed
CHG0001779,EV000072,ST003,2025-09-11T06:00:00Z,52.7,19.13,81.4,48.84,35.61,completed
CHG0001780,EV000312,ST002,2025-09-11T09:00:00Z,101.2,38.48,79.85,45.35,40.09,completed
CHG0001781,EV000494,ST001,2025-09-11T12:00:00Z,47.2,26.15,94.28,57.47,51.18,completed
CHG0001782,EV000004,ST003,2025-09-11T15:00:00Z,42.1,40.56,88.28,64.72,38.88,completed
CHG0001783,EV000462,ST003,2025-09-11T18:00:00Z,42.2,13.23,92.09,81.62,42.38,completed
CHG0001784,EV000436,ST003,2025-09-11T21:00:00Z,39.9,22.92,80.72,50.78,28.98,completed
CHG0001785,EV000499,ST002,2025-09-12T00:00:00Z,45.5,13.41,79.4,65.58,43.28,completed
CHG0001786,EV000149,ST003,2025-09-12T03:00:00Z,27.1,42.99,95.16,69.41,44.04,completed
CHG0001787,EV000456,ST004,2025-09-12T06:00:00Z,53.7,27.36,82.84,51.36,40.05,completed
CHG0001788,EV000048,ST001,2025-09-12T09:00:00Z,43.9,21.07,80.11,59.63,39.05,completed
CHG0001789,EV000397,ST003,2025-09-12T12:00:00Z,45.1,23.9,72.91,51.01,42.58,completed
CHG0001790,EV000305,ST004,2025-09-12T15:00:00Z,49.5,20.53,82.72,48.93,35.54,completed
CHG0001791,EV000071,ST002,2025-09-12T18:00:00Z,68.0,40.6,90.59,47.0,39.95,completed
CHG0001792,EV000075,ST001,2025-09-12T21:00:00Z,101.5,24.35,97.83,59.06,35.35,completed
CHG0001793,EV000319,ST002,2025-09-13T00:00:00Z,28.5,31.27,81.76,53.44,36.33,completed
CHG0001794,EV000171,ST003,2025-09-13T03:00:00Z,37.0,37.01,92.12,58.82,34.72,completed
CHG0001795,EV000293,ST001,2025-09-13T06:00:00Z,89.4,41.33,70.41,49.99,34.79,completed
CHG0001796,EV000093,ST002,2025-09-13T09:00:00Z,50.0,29.28,83.77,49.9,36.01,completed
CHG0001797,EV000489,ST004,2025-09-13T12:00:00Z,90.1,34.28,88.82,55.72,47.25,completed
CHG0001798,EV000367,ST002,2025-09-13T15:00:00Z,100.9,17.36,72.52,62.47,34.62,completed
CHG0001799,EV000443,ST004,2025-09-13T18:00:00Z,49.3,27.01,73.12,57.05,41.82,completed
CHG0001800,EV000421,ST002,2025-09-13T21:00:00Z,32.5,11.85,78.81,52.59,34.06,completed
CHG0001801,EV000016,ST001,2025-09-14T00:00:00Z,106.8,13.48,92.66,51.21,36.69,completed
CHG0001802,EV000485,ST003,2025-09-14T03:00:00Z,30.4,37.69,80.87,59.03,38.96,completed
CHG0001803,EV000306,ST001,2025-09-14T06:00:00Z,55.9,17.3,88.64,73.36,40.81,completed
CHG0001804,EV000223,ST003,2025-09-14T09:00:00Z,37.6,25.11,92.74,79.6,48.52,completed
CHG0001805,EV000080,ST003,2025-09-14T12:00:00Z,44.4,20.12,89.76,57.45,36.91,completed
CHG0001806,EV000203,ST004,2025-09-14T15:00:00Z,53.3,11.08,93.24,52.21,42.49,completed
CHG0001807,EV000154,ST004,2025-09-14T18:00:00Z,32.8,25.18,88.28,66.04,29.24,completed
CHG0001808,EV000333,ST003,2025-09-14T21:00:00Z,44.0,44.39,84.4,53.63,31.37,completed
CHG0001809,EV000388,ST003,2025-09-15T00:00:00Z,60.8,23.94,83.63,34.46,33.01,completed
CHG0001810,EV000073,ST004,2025-09-15T03:00:00Z,34.0,44.76,72.0,52.24,39.38,completed
CHG0001811,EV000005,ST001,2025-09-15T06:00:00Z,39.9,27.79,78.92,61.31,41.01,completed
CHG0001812,EV000078,ST004,2025-09-15T09:00:00Z,26.0,24.11,96.85,52.21,44.58,completed
CHG0001813,EV000424,ST003,2025-09-15T12:00:00Z,61.0,26.76,75.69,65.42,35.42,completed
CHG0001814,EV000366,ST002,2025-09-15T15:00:00Z,42.9,38.4,77.34,54.74,44.6,completed
CHG0001815,EV000181,ST002,2025-09-15T18:00:00Z,42.2,31.48,94.87,54.61,56.33,completed
CHG0001816,EV000419,ST003,2025-09-15T21:00:00Z,50.3,20.86,87.21,61.76,30.85,completed
CHG0001817,EV000328,ST003,2025-09-16T00:00:00Z,48.5,15.09,97.85,42.65,35.34,completed
CHG0001818,EV000241,ST002,2025-09-16T03:00:00Z,40.3,41.94,72.85,48.05,31.82,completed
CHG0001819,EV000174,ST003,2025-09-16T06:00:00Z,41.0,10.54,79.29,67.56,45.75,completed
CHG0001820,EV000292,ST003,2025-09-16T09:00:00Z,45.2,34.81,89.79,47.79,38.19,completed
CHG0001821,EV000465,ST001,2025-09-16T12:00:00Z,45.4,41.73,90.8,63.28,37.16,completed
CHG0001822,EV000063,ST002,2025-09-16T15:00:00Z,57.8,16.82,79.11,49.09,39.21,completed
CHG0001823,EV000077,ST002,2025-09-16T18:00:00Z,57.2,10.7,81.22,53.61,35.91,completed
CHG0001824,EV000345,ST002,2025-09-16T21:00:00Z,37.8,15.55,78.08,36.09,42.16,completed
CHG0001825,EV000007,ST001,2025-09-17T00:00:00Z,109.2,31.02,89.81,63.74,38.59,completed
CHG0001826,EV000381,ST004,2025-09-17T03:00:00Z,50.1,38.03,70.45,51.5,42.37,completed
CHG0001827,EV000333,ST004,2025-09-17T06:00:00Z,49.2,42.94,94.78,49.99,39.92,completed
CHG0001828,EV000288,ST001,2025-09-17T09:00:00Z,49.5,41.22,91.3,45.04,37.35,completed
CHG0001829,EV000299,ST001,2025-09-17T12:00:00Z,50.3,15.5,77.63,47.97,32.06,completed
CHG0001830,EV000387,ST001,2025-09-17T15:00:00Z,29.6,33.22,88.33,48.63,35.09,completed
CHG0001831,EV000311,ST002,2025-09-17T18:00:00Z,53.9,33.78,94.47,63.48,43.16,completed
CHG0001832,EV000294,ST003,2025-09-17T21:00:00Z,52.8,36.83,79.17,55.63,37.61,completed
CHG0001833,EV000170,ST003,2025-09-18T00:00:00Z,54.4,14.4,81.12,56.8,39.17,completed
CHG0001834,EV000410,ST001,2025-09-18T03:00:00Z,50.8,23.74,92.53,70.28,38.4,completed
CHG0001835,EV000403,ST001,2025-09-18T06:00:00Z,45.2,23.84,79.79,50.4,47.8,completed
CHG0001836,EV000174,ST004,2025-09-18T09:00:00Z,69.2,25.43,75.1,61.83,34.32,completed
CHG0001837,EV000430,ST004,2025-09-18T12:00:00Z,101.4,26.86,94.3,61.17,36.23,completed
CHG0001838,EV000297,ST002,2025-09-18T15:00:00Z,49.3,38.53,96.44,55.88,46.16,completed
CHG0001839,EV000243,ST001,2025-09-18T18:00:00Z,43.5,44.78,88.61,53.31,40.45,completed
CHG0001840,EV000237,ST004,2025-09-18T21:00:00Z,54.7,44.01,81.76,73.57,40.93,completed
CHG0001841,EV000004,ST003,2025-09-19T00:00:00Z,48.7,31.82,79.01,49.48,33.49,completed
CHG0001842,EV000023,ST004,2025-09-19T03:00:00Z,52.8,26.31,76.54,51.91,53.24,completed
CHG0001843,EV000133,ST003,2025-09-19T06:00:00Z,51.5,30.25,83.1,57.63,37.84,completed
CHG0001844,EV000177,ST003,2025-09-19T09:00:00Z,94.0,10.07,85.81,46.86,37.56,completed
CHG0001845,EV000310,ST003,2025-09-19T12:00:00Z,59.0,10.3,95.16,55.81,35.33,completed
CHG0001846,EV000415,ST003,2025-09-19T15:00:00Z,46.3,10.44,70.52,64.15,37.23,completed
CHG0001847,EV000311,ST002,2025-09-19T18:00:00Z,38.6,10.63,82.89,54.98,38.32,completed
CHG0001848,EV000212,ST003,2025-09-19T21:00:00Z,32.3,33.78,97.77,38.84,38.07,completed
CHG0001849,EV000064,ST001,2025-09-20T00:00:00Z,59.5,31.01,91.62,66.44,30.61,completed
CHG0001850,EV000287,ST002,2025-09-20T03:00:00Z,53.5,30.39,95.91,53.28,39.8,completed
CHG0001851,EV000428,ST002,2025-09-20T06:00:00Z,53.8,41.12,77.07,51.51,36.37,completed
CHG0001852,EV000248,ST002,2025-09-20T09:00:00Z,44.4,41.26,80.79,60.19,33.2,completed
CHG0001853,EV000170,ST004,2025-09-20T12:00:00Z,54.5,26.59,95.24,49.97,39.89,completed
CHG0001854,EV000438,ST001,2025-09-20T15:00:00Z,50.7,44.02,89.62,63.87,36.99,completed
CHG0001855,EV000119,ST003,2025-09-20T18:00:00Z,37.2,32.17,77.78,54.07,39.05,completed
CHG0001856,EV000130,ST004,2025-09-20T21:00:00Z,57.0,10.04,88.8,49.96,41.32,completed
CHG0001857,EV000165,ST002,2025-09-21T00:00:00Z,43.1,39.28,92.07,54.11,34.53,completed
CHG0001858,EV000207,ST002,2025-09-21T03:00:00Z,42.5,17.6,82.58,42.81,30.37,completed
CHG0001859,EV000353,ST002,2025-09-21T06:00:00Z,56.3,21.36,72.44,40.8,37.86,completed
CHG0001860,EV000321,ST004,2025-09-21T09:00:00Z,101.3,40.9,85.71,63.65,41.98,completed
CHG0001861,EV000107,ST001,2025-09-21T12:00:00Z,32.1,20.49,82.68,61.11,47.66,completed
CHG0001862,EV000074,ST004,2025-09-21T15:00:00Z,48.7,18.2,95.13,36.39,36.25,completed
CHG0001863,EV000161,ST004,2025-09-21T18:00:00Z,41.9,36.62,96.6,58.81,36.22,completed
CHG0001864,EV000266,ST002,2025-09-21T21:00:00Z,50.6,17.76,79.7,57.78,39.86,completed
CHG0001865,EV000365,ST001,2025-09-22T00:00:00Z,53.2,30.41,81.63,54.33,42.56,completed
CHG0001866,EV000044,ST003,2025-09-22T03:00:00Z,53.3,30.83,96.53,53.84,52.9,completed
CHG0001867,EV000011,ST003,2025-09-22T06:00:00Z,50.4,11.96,84.65,42.31,40.86,completed
CHG0001868,EV000048,ST002,2025-09-22T09:00:00Z,56.6,11.64,82.84,59.57,36.89,completed
CHG0001869,EV000152,ST004,2025-09-22T12:00:00Z,51.9,43.8,76.12,63.84,36.73,completed
CHG0001870,EV000091,ST001,2025-09-22T15:00:00Z,90.2,29.16,86.67,50.08,38.59,completed
CHG0001871,EV000138,ST002,2025-09-22T18:00:00Z,79.1,26.0,79.75,50.73,38.97,completed
CHG0001872,EV000228,ST001,2025-09-22T21:00:00Z,46.4,41.07,85.63,58.91,39.33,completed
CHG0001873,EV000011,ST002,2025-09-23T00:00:00Z,52.8,26.59,77.51,42.85,39.41,completed
CHG0001874,EV000352,ST002,2025-09-23T03:00:00Z,33.6,13.95,87.37,52.27,35.56,completed
CHG0001875,EV000280,ST004,2025-09-23T06:00:00Z,56.0,39.95,91.92,47.74,36.57,completed
CHG0001876,EV000040,ST004,2025-09-23T09:00:00Z,45.6,19.82,79.63,72.87,31.44,completed
CHG0001877,EV000388,ST002,2025-09-23T12:00:00Z,45.9,38.64,75.85,48.21,38.15,completed
CHG0001878,EV000021,ST002,2025-09-23T15:00:00Z,59.0,38.23,86.75,62.82,33.5,completed
CHG0001879,EV000157,ST003,2025-09-23T18:00:00Z,52.3,15.64,75.59,37.17,46.74,completed
CHG0001880,EV000498,ST004,2025-09-23T21:00:00Z,62.0,13.38,71.95,53.37,37.54,completed
CHG0001881,EV000110,ST001,2025-09-24T00:00:00Z,43.6,14.98,92.14,58.18,36.75,completed
CHG0001882,EV000088,ST003,2025-09-24T03:00:00Z,55.9,10.35,89.65,65.98,51.23,completed
CHG0001883,EV000339,ST004,2025-09-24T06:00:00Z,42.0,41.25,71.5,44.45,28.84,completed
CHG0001884,EV000239,ST003,2025-09-24T09:00:00Z,35.7,28.5,79.49,53.75,39.8,completed
CHG0001885,EV000384,ST002,2025-09-24T12:00:00Z,43.1,19.51,79.1,35.69,35.61,completed
CHG0001886,EV000315,ST003,2025-09-24T15:00:00Z,91.9,15.55,95.45,55.32,40.33,completed
CHG0001887,EV000039,ST004,2025-09-24T18:00:00Z,91.1,28.08,87.37,45.56,32.1,completed
CHG0001888,EV000166,ST002,2025-09-24T21:00:00Z,34.0,14.34,95.61,26.83,34.92,completed
CHG0001889,EV000283,ST001,2025-09-25T00:00:00Z,31.1,23.29,77.06,53.38,36.34,completed
CHG0001890,EV000261,ST004,2025-09-25T03:00:00Z,41.7,13.18,93.27,60.53,40.1,completed
CHG0001891,EV000075,ST002,2025-09-25T06:00:00Z,99.8,22.26,94.28,55.0,39.52,completed
CHG0001892,EV000241,ST001,2025-09-25T09:00:00Z,54.9,33.96,86.97,47.59,33.51,completed
CHG0001893,EV000308,ST004,2025-09-25T12:00:00Z,42.5,13.32,86.17,67.18,31.72,completed
CHG0001894,EV000233,ST001,2025-09-25T15:00:00Z,98.2,42.07,73.89,51.17,33.02,completed
CHG0001895,EV000034,ST002,2025-09-25T18:00:00Z,58.1,34.63,80.6,55.18,51.67,completed
CHG0001896,EV000273,ST002,2025-09-25T21:00:00Z,51.5,33.97,80.76,59.64,37.78,completed
CHG0001897,EV000245,ST004,2025-09-26T00:00:00Z,57.1,29.18,77.57,54.73,38.69,completed
CHG0001898,EV000115,ST003,2025-09-26T03:00:00Z,51.5,15.71,94.24,56.32,37.94,completed
CHG0001899,EV000242,ST002,2025-09-26T06:00:00Z,46.4,27.41,94.81,35.94,32.02,completed
CHG0001900,EV000470,ST004,2025-09-26T09:00:00Z,39.6,33.06,72.43,68.19,42.25,completed
CHG0001901,EV000365,ST002,2025-09-26T12:00:00Z,34.5,30.18,77.12,58.58,31.01,completed
CHG0001902,EV000390,ST001,2025-09-26T15:00:00Z,42.7,38.7,93.72,53.04,36.86,completed
CHG0001903,EV000148,ST004,2025-09-26T18:00:00Z,33.3,40.1,95.42,44.19,44.31,completed
CHG0001904,EV000308,ST001,2025-09-26T21:00:00Z,62.4,16.19,91.66,30.37,36.09,completed
CHG0001905,EV000073,ST001,2025-09-27T00:00:00Z,53.9,19.07,77.61,55.96,43.92,completed
CHG0001906,EV000012,ST004,2025-09-27T03:00:00Z,92.5,44.24,76.21,51.43,38.18,completed
CHG0001907,EV000386,ST002,2025-09-27T06:00:00Z,53.0,30.34,97.1,62.73,34.26,completed
CHG0001908,EV000246,ST003,2025-09-27T09:00:00Z,60.7,21.56,78.46,65.17,40.04,completed
CHG0001909,EV000060,ST003,2025-09-27T12:00:00Z,55.4,21.28,92.9,58.93,36.49,completed
CHG0001910,EV000126,ST003,2025-09-27T15:00:00Z,45.4,16.2,96.39,45.86,31.04,completed
CHG0001911,EV000043,ST004,2025-09-27T18:00:00Z,40.9,28.32,91.57,65.49,37.68,completed
CHG0001912,EV000021,ST001,2025-09-27T21:00:00Z,42.1,33.58,72.4,56.16,43.68,completed
CHG0001913,EV000081,ST003,2025-09-28T00:00:00Z,64.3,36.24,92.09,49.56,47.75,completed
CHG0001914,EV000153,ST004,2025-09-28T03:00:00Z,47.1,26.14,88.68,51.13,32.78,completed
CHG0001915,EV000065,ST001,2025-09-28T06:00:00Z,76.1,30.74,71.66,45.58,32.16,completed
CHG0001916,EV000463,ST002,2025-09-28T09:00:00Z,44.1,20.62,72.13,48.61,39.1,completed
CHG0001917,EV000499,ST002,2025-09-28T12:00:00Z,38.2,34.62,81.4,53.79,39.68,completed
CHG0001918,EV000057,ST003,2025-09-28T15:00:00Z,55.2,36.59,84.16,39.84,39.02,completed
CHG0001919,EV000341,ST003,2025-09-28T18:00:00Z,89.1,34.68,95.77,61.67,37.05,completed
CHG0001920,EV000152,ST001,2025-09-28T21:00:00Z,50.1,31.41,81.12,64.32,45.81,completed
CHG0001921,EV000380,ST004,2025-09-29T00:00:00Z,55.8,10.71,92.95,39.75,45.2,completed
CHG0001922,EV000310,ST003,2025-09-29T03:00:00Z,50.1,31.8,71.92,56.73,32.32,completed
CHG0001923,EV000063,ST004,2025-09-29T06:00:00Z,41.1,12.84,87.43,43.69,40.24,completed
CHG0001924,EV000183,ST003,2025-09-29T09:00:00Z,113.0,16.82,81.04,42.83,34.22,completed
CHG0001925,EV000251,ST001,2025-09-29T12:00:00Z,48.1,40.96,90.71,70.7,39.79,completed
CHG0001926,EV000226,ST002,2025-09-29T15:00:00Z,43.1,10.74,95.79,61.35,36.71,completed
CHG0001927,EV000101,ST002,2025-09-29T18:00:00Z,46.7,32.08,89.46,59.7,38.26,completed
CHG0001928,EV000103,ST002,2025-09-29T21:00:00Z,43.6,16.13,75.82,51.98,52.82,completed
CHG0001929,EV000147,ST003,2025-09-30T00:00:00Z,42.5,17.03,91.84,49.99,32.49,completed
CHG0001930,EV000293,ST001,2025-09-30T03:00:00Z,115.0,22.75,97.95,43.01,41.99,completed
CHG0001931,EV000274,ST002,2025-09-30T06:00:00Z,47.1,18.98,97.65,73.06,41.94,completed
CHG0001932,EV000140,ST001,2025-09-30T09:00:00Z,46.3,35.73,72.78,56.69,60.15,completed
CHG0001933,EV000247,ST004,2025-09-30T12:00:00Z,37.7,11.08,70.35,66.06,41.9,completed
CHG0001934,EV000387,ST001,2025-09-30T15:00:00Z,39.6,31.08,93.81,57.1,34.63,completed
CHG0001935,EV000358,ST003,2025-09-30T18:00:00Z,58.9,28.87,80.03,46.96,37.68,completed
CHG0001936,EV000250,ST002,2025-09-30T21:00:00Z,50.1,17.6,79.64,62.83,39.99,completed
CHG0001937,EV000442,ST002,2025-10-01T00:00:00Z,30.9,17.7,88.64,51.94,35.2,completed
CHG0001938,EV000161,ST004,2025-10-01T03:00:00Z,52.3,43.86,75.71,45.86,40.55,completed
CHG0001939,EV000365,ST002,2025-10-01T06:00:00Z,53.6,11.03,90.66,69.19,35.7,completed
CHG0001940,EV000315,ST003,2025-10-01T09:00:00Z,82.5,42.71,87.73,53.88,37.83,completed
CHG0001941,EV000163,ST003,2025-10-01T12:00:00Z,53.9,21.02,74.97,54.47,41.78,completed
CHG0001942,EV000327,ST002,2025-10-01T15:00:00Z,48.3,11.18,75.12,49.57,37.76,completed
CHG0001943,EV000104,ST004,2025-10-01T18:00:00Z,47.3,36.84,76.0,54.76,36.58,completed
CHG0001944,EV000307,ST002,2025-10-01T21:00:00Z,44.5,30.97,77.98,73.4,42.65,completed
CHG0001945,EV000285,ST004,2025-10-02T00:00:00Z,99.1,23.23,75.41,50.87,35.01,completed
CHG0001946,EV000251,ST002,2025-10-02T03:00:00Z,47.4,15.51,95.75,60.29,40.68,completed
CHG0001947,EV000283,ST003,2025-10-02T06:00:00Z,45.0,12.44,90.88,60.8,38.74,completed
CHG0001948,EV000287,ST004,2025-10-02T09:00:00Z,44.6,39.62,87.59,62.67,41.16,completed
CHG0001949,EV000026,ST004,2025-10-02T12:00:00Z,42.6,14.2,71.65,63.92,38.43,completed
CHG0001950,EV000298,ST001,2025-10-02T15:00:00Z,52.8,25.83,87.89,56.12,38.56,completed
CHG0001951,EV000198,ST004,2025-10-02T18:00:00Z,52.4,39.98,83.16,67.26,32.81,completed
CHG0001952,EV000346,ST003,2025-10-02T21:00:00Z,38.4,36.04,88.7,42.0,38.84,completed
CHG0001953,EV000265,ST001,2025-10-03T00:00:00Z,55.3,30.8,78.34,60.14,47.54,completed
CHG0001954,EV000310,ST002,2025-10-03T03:00:00Z,37.3,14.77,76.57,71.14,42.55,completed
CHG0001955,EV000008,ST003,2025-10-03T06:00:00Z,44.1,39.5,88.65,58.93,38.77,completed
CHG0001956,EV000157,ST003,2025-10-03T09:00:00Z,50.1,38.93,80.42,65.12,34.89,completed
CHG0001957,EV000207,ST001,2025-10-03T12:00:00Z,30.9,19.4,80.31,65.04,33.38,completed
CHG0001958,EV000110,ST002,2025-10-03T15:00:00Z,49.4,41.0,81.64,51.75,33.94,completed
CHG0001959,EV000016,ST002,2025-10-03T18:00:00Z,99.4,42.01,71.42,74.76,32.55,completed
CHG0001960,EV000289,ST001,2025-10-03T21:00:00Z,50.9,42.29,79.62,53.09,41.2,completed
CHG0001961,EV000324,ST003,2025-10-04T00:00:00Z,32.2,42.35,87.54,50.47,51.47,completed
CHG0001962,EV000397,ST004,2025-10-04T03:00:00Z,47.9,28.76,76.05,58.17,38.88,completed
CHG0001963,EV000145,ST002,2025-10-04T06:00:00Z,46.7,27.51,82.74,47.13,42.12,completed
CHG0001964,EV000005,ST003,2025-10-04T09:00:00Z,33.2,33.95,79.14,41.33,36.4,completed
CHG0001965,EV000426,ST003,2025-10-04T12:00:00Z,53.5,25.32,78.49,47.2,38.73,completed
CHG0001966,EV000187,ST002,2025-10-04T15:00:00Z,53.5,16.06,96.01,69.83,38.52,completed
CHG0001967,EV000421,ST001,2025-10-04T18:00:00Z,48.7,39.18,80.51,43.66,40.89,completed
CHG0001968,EV000041,ST004,2025-10-04T21:00:00Z,46.5,27.99,80.9,52.52,49.11,completed
CHG0001969,EV000029,ST003,2025-10-05T00:00:00Z,57.2,20.25,80.49,61.6,36.76,completed
CHG0001970,EV000369,ST004,2025-10-05T03:00:00Z,45.5,43.17,80.19,54.86,36.09,completed
CHG0001971,EV000363,ST002,2025-10-05T06:00:00Z,36.1,44.59,97.06,55.29,40.85,completed
CHG0001972,EV000493,ST004,2025-10-05T09:00:00Z,45.9,20.64,84.18,72.42,46.53,completed
CHG0001973,EV000257,ST003,2025-10-05T12:00:00Z,32.5,35.87,78.29,57.71,43.79,completed
CHG0001974,EV000034,ST003,2025-10-05T15:00:00Z,44.6,42.74,84.01,61.34,51.31,completed
CHG0001975,EV000193,ST001,2025-10-05T18:00:00Z,69.7,11.72,83.23,60.91,40.56,completed
CHG0001976,EV000490,ST004,2025-10-05T21:00:00Z,61.9,27.71,81.9,63.65,36.91,completed
CHG0001977,EV000467,ST003,2025-10-06T00:00:00Z,59.3,16.1,89.26,59.83,37.13,completed
CHG0001978,EV000385,ST001,2025-10-06T03:00:00Z,44.9,26.27,74.53,52.41,36.65,completed
CHG0001979,EV000381,ST004,2025-10-06T06:00:00Z,59.7,10.09,78.12,48.14,30.72,completed
CHG0001980,EV000205,ST004,2025-10-06T09:00:00Z,51.5,41.07,94.71,75.95,36.95,completed
CHG0001981,EV000295,ST001,2025-10-06T12:00:00Z,57.6,44.55,82.2,65.65,35.79,completed
CHG0001982,EV000103,ST001,2025-10-06T15:00:00Z,48.0,24.41,80.54,35.84,50.28,completed
CHG0001983,EV000232,ST003,2025-10-06T18:00:00Z,48.1,20.79,91.96,52.6,37.36,completed
CHG0001984,EV000156,ST003,2025-10-06T21:00:00Z,51.5,26.53,76.22,51.76,36.51,completed
CHG0001985,EV000444,ST004,2025-10-07T00:00:00Z,48.6,11.41,72.47,44.95,37.6,completed
CHG0001986,EV000297,ST003,2025-10-07T03:00:00Z,47.5,36.75,84.18,43.39,38.0,completed
CHG0001987,EV000084,ST004,2025-10-07T06:00:00Z,52.2,12.74,94.47,60.19,43.19,completed
CHG0001988,EV000233,ST002,2025-10-07T09:00:00Z,88.5,33.6,84.61,40.2,40.58,completed
CHG0001989,EV000059,ST002,2025-10-07T12:00:00Z,39.3,18.31,72.63,59.45,35.16,completed
CHG0001990,EV000172,ST001,2025-10-07T15:00:00Z,45.0,29.51,94.89,55.63,38.85,completed
CHG0001991,EV000121,ST003,2025-10-07T18:00:00Z,49.6,18.71,85.01,61.03,47.86,completed
CHG0001992,EV000476,ST004,2025-10-07T21:00:00Z,84.1,19.56,87.31,54.78,32.06,completed
CHG0001993,EV000263,ST001,2025-10-08T00:00:00Z,52.6,18.74,73.78,69.19,38.1,completed
CHG0001994,EV000403,ST002,2025-10-08T03:00:00Z,25.4,25.75,74.85,57.79,37.29,completed
CHG0001995,EV000311,ST004,2025-10-08T06:00:00Z,63.2,32.86,73.74,50.78,38.06,completed
CHG0001996,EV000261,ST002,2025-10-08T09:00:00Z,31.5,18.31,92.26,61.26,38.86,completed
CHG0001997,EV000219,ST003,2025-10-08T12:00:00Z,47.1,23.64,88.61,57.66,33.78,completed
CHG0001998,EV000166,ST004,2025-10-08T15:00:00Z,51.1,15.52,85.38,74.44,38.64,completed
CHG0001999,EV000405,ST002,2025-10-08T18:00:00Z,61.7,12.54,83.38,58.13,43.56,completed
CHG0002000,EV000335,ST003,2025-10-08T21:00:00Z,46.7,22.29,91.7,58.75,50.07,completed
CHG0002001,EV000166,ST001,2025-10-09T00:00:00Z,39.6,40.0,88.11,52.56,41.23,completed
CHG0002002,EV000115,ST002,2025-10-09T03:00:00Z,41.5,34.53,86.82,64.09,34.11,completed
CHG0002003,EV000101,ST002,2025-10-09T06:00:00Z,50.0,36.12,76.76,57.29,42.11,completed
CHG0002004,EV000363,ST003,2025-10-09T09:00:00Z,48.0,40.86,72.49,50.95,38.81,completed
CHG0002005,EV000023,ST003,2025-10-09T12:00:00Z,42.1,13.29,95.92,82.8,49.74,completed
CHG0002006,EV000356,ST003,2025-10-09T15:00:00Z,37.6,33.52,76.98,48.31,57.78,completed
CHG0002007,EV000106,ST003,2025-10-09T18:00:00Z,40.8,43.6,90.28,35.03,37.76,completed
CHG0002008,EV000091,ST003,2025-10-09T21:00:00Z,101.1,16.37,89.6,44.61,30.36,completed
CHG0002009,EV000275,ST004,2025-10-10T00:00:00Z,41.0,13.76,74.06,60.16,34.87,completed
CHG0002010,EV000179,ST004,2025-10-10T03:00:00Z,44.5,19.76,86.64,63.82,36.55,completed
CHG0002011,EV000489,ST001,2025-10-10T06:00:00Z,92.0,16.01,77.67,51.75,36.32,completed
CHG0002012,EV000322,ST004,2025-10-10T09:00:00Z,92.4,19.91,84.68,50.44,40.8,completed
CHG0002013,EV000480,ST004,2025-10-10T12:00:00Z,107.0,15.19,81.64,67.88,38.65,completed
CHG0002014,EV000383,ST003,2025-10-10T15:00:00Z,66.8,18.82,91.05,55.04,35.12,completed
CHG0002015,EV000145,ST001,2025-10-10T18:00:00Z,42.6,30.47,77.11,64.84,37.56,completed
CHG0002016,EV000045,ST001,2025-10-10T21:00:00Z,46.3,24.53,84.95,49.0,34.94,completed
CHG0002017,EV000090,ST002,2025-10-11T00:00:00Z,82.7,31.12,79.76,73.83,35.3,completed
CHG0002018,EV000026,ST003,2025-10-11T03:00:00Z,44.6,16.69,82.85,46.29,33.92,completed
CHG0002019,EV000032,ST001,2025-10-11T06:00:00Z,103.4,19.98,95.96,58.68,33.77,completed
CHG0002020,EV000245,ST001,2025-10-11T09:00:00Z,48.7,42.96,77.48,49.92,30.02,completed
CHG0002021,EV000442,ST002,2025-10-11T12:00:00Z,61.6,23.05,70.47,53.94,41.94,completed
CHG0002022,EV000344,ST004,2025-10-11T15:00:00Z,52.0,24.93,89.44,59.59,49.2,completed
CHG0002023,EV000097,ST003,2025-10-11T18:00:00Z,59.5,15.84,89.1,69.0,36.02,completed
CHG0002024,EV000232,ST003,2025-10-11T21:00:00Z,42.8,10.24,89.67,60.64,32.85,completed
CHG0002025,EV000126,ST001,2025-10-12T00:00:00Z,41.9,16.15,71.35,47.27,39.08,completed
CHG0002026,EV000251,ST004,2025-10-12T03:00:00Z,38.3,35.5,92.4,57.16,42.54,completed
CHG0002027,EV000272,ST004,2025-10-12T06:00:00Z,50.7,34.47,78.29,24.89,41.38,completed
CHG0002028,EV000250,ST004,2025-10-12T09:00:00Z,51.8,27.62,70.27,55.06,45.24,completed
CHG0002029,EV000118,ST003,2025-10-12T12:00:00Z,41.0,27.57,76.09,60.17,35.6,completed
CHG0002030,EV000171,ST003,2025-10-12T15:00:00Z,46.2,29.77,96.66,63.28,39.38,completed
CHG0002031,EV000113,ST003,2025-10-12T18:00:00Z,55.7,11.79,90.08,67.8,51.65,completed
CHG0002032,EV000097,ST002,2025-10-12T21:00:00Z,44.2,12.44,86.64,45.16,32.46,completed
CHG0002033,EV000105,ST002,2025-10-13T00:00:00Z,62.7,31.28,73.2,59.24,40.62,completed
CHG0002034,EV000395,ST003,2025-10-13T03:00:00Z,39.5,28.77,79.97,43.53,48.36,completed
CHG0002035,EV000359,ST004,2025-10-13T06:00:00Z,53.5,37.47,86.06,35.21,40.4,completed
CHG0002036,EV000278,ST001,2025-10-13T09:00:00Z,45.7,29.44,75.93,61.19,37.58,completed
CHG0002037,EV000080,ST004,2025-10-13T12:00:00Z,46.8,20.93,93.2,44.16,36.78,completed
CHG0002038,EV000466,ST003,2025-10-13T15:00:00Z,62.8,27.49,88.45,57.59,36.95,completed
CHG0002039,EV000382,ST004,2025-10-13T18:00:00Z,56.8,18.81,76.89,57.6,41.25,completed
CHG0002040,EV000393,ST004,2025-10-13T21:00:00Z,54.5,41.25,87.48,47.16,41.76,completed
CHG0002041,EV000325,ST003,2025-10-14T00:00:00Z,45.7,15.57,80.85,54.63,44.19,completed
CHG0002042,EV000366,ST004,2025-10-14T03:00:00Z,50.2,13.73,89.7,59.28,41.28,completed
CHG0002043,EV000378,ST003,2025-10-14T06:00:00Z,68.4,41.06,89.03,54.68,40.93,completed
CHG0002044,EV000165,ST001,2025-10-14T09:00:00Z,43.0,43.95,91.58,34.95,35.19,completed
CHG0002045,EV000165,ST001,2025-10-14T12:00:00Z,62.5,27.7,73.81,48.26,38.29,completed
CHG0002046,EV000292,ST004,2025-10-14T15:00:00Z,50.7,43.34,88.0,73.19,32.97,completed
CHG0002047,EV000217,ST004,2025-10-14T18:00:00Z,59.3,34.13,85.8,58.53,34.93,completed
CHG0002048,EV000421,ST001,2025-10-14T21:00:00Z,46.2,43.11,90.18,61.66,40.32,completed
CHG0002049,EV000091,ST004,2025-10-15T00:00:00Z,85.4,29.14,71.15,54.33,23.39,completed
CHG0002050,EV000399,ST001,2025-10-15T03:00:00Z,40.2,17.37,87.47,79.18,56.65,completed
CHG0002051,EV000457,ST003,2025-10-15T06:00:00Z,86.2,32.92,73.52,64.13,40.21,completed
CHG0002052,EV000397,ST001,2025-10-15T09:00:00Z,42.9,36.29,76.22,54.2,30.67,completed
CHG0002053,EV000392,ST003,2025-10-15T12:00:00Z,54.9,11.49,82.42,45.83,43.4,completed
CHG0002054,EV000255,ST001,2025-10-15T15:00:00Z,51.4,34.58,75.72,64.13,47.0,completed
CHG0002055,EV000405,ST003,2025-10-15T18:00:00Z,52.6,35.02,94.85,42.34,32.05,completed
CHG0002056,EV000406,ST004,2025-10-15T21:00:00Z,46.5,39.05,94.27,47.2,52.21,completed
CHG0002057,EV000208,ST002,2025-10-16T00:00:00Z,48.6,10.64,84.77,71.51,38.38,completed
CHG0002058,EV000107,ST001,2025-10-16T03:00:00Z,55.9,43.21,81.64,50.86,52.43,completed
CHG0002059,EV000111,ST003,2025-10-16T06:00:00Z,53.5,28.56,93.65,54.06,58.89,completed
CHG0002060,EV000491,ST001,2025-10-16T09:00:00Z,51.2,20.2,70.1,66.57,41.6,completed
CHG0002061,EV000159,ST001,2025-10-16T12:00:00Z,60.6,13.09,71.97,61.43,38.92,completed
CHG0002062,EV000246,ST002,2025-10-16T15:00:00Z,59.3,16.11,75.03,43.35,41.52,completed
CHG0002063,EV000035,ST001,2025-10-16T18:00:00Z,40.1,24.63,97.43,52.09,36.22,completed
CHG0002064,EV000059,ST004,2025-10-16T21:00:00Z,33.2,36.57,74.17,60.75,34.49,completed
CHG0002065,EV000017,ST001,2025-10-17T00:00:00Z,39.2,33.16,71.25,57.69,38.8,completed
CHG0002066,EV000195,ST003,2025-10-17T03:00:00Z,53.5,14.71,85.85,50.87,50.05,completed
CHG0002067,EV000284,ST001,2025-10-17T06:00:00Z,49.2,27.53,71.4,56.48,49.42,completed
CHG0002068,EV000139,ST004,2025-10-17T09:00:00Z,47.0,35.69,80.71,62.17,41.15,completed
CHG0002069,EV000357,ST003,2025-10-17T12:00:00Z,55.5,24.75,92.3,59.9,40.51,completed
CHG0002070,EV000153,ST001,2025-10-17T15:00:00Z,47.0,33.7,77.47,49.93,36.93,completed
CHG0002071,EV000119,ST001,2025-10-17T18:00:00Z,53.4,15.85,71.49,58.13,42.71,completed
CHG0002072,EV000062,ST003,2025-10-17T21:00:00Z,40.5,34.55,78.54,59.13,41.94,completed
CHG0002073,EV000058,ST003,2025-10-18T00:00:00Z,64.8,19.93,87.77,63.25,42.79,completed
CHG0002074,EV000150,ST003,2025-10-18T03:00:00Z,52.9,18.97,81.92,57.88,47.71,completed
CHG0002075,EV000166,ST001,2025-10-18T06:00:00Z,43.6,27.31,71.1,53.23,29.68,completed
CHG0002076,EV000478,ST003,2025-10-18T09:00:00Z,77.0,40.74,75.08,55.64,36.01,completed
CHG0002077,EV000113,ST003,2025-10-18T12:00:00Z,51.9,36.47,80.06,69.3,49.54,completed
CHG0002078,EV000114,ST001,2025-10-18T15:00:00Z,57.9,34.65,73.89,66.58,37.47,completed
CHG0002079,EV000375,ST004,2025-10-18T18:00:00Z,60.9,22.33,84.83,52.98,34.28,completed
CHG0002080,EV000037,ST004,2025-10-18T21:00:00Z,51.7,13.42,95.44,58.92,33.68,completed
CHG0002081,EV000497,ST001,2025-10-19T00:00:00Z,66.9,26.32,83.96,51.81,41.97,completed
CHG0002082,EV000196,ST002,2025-10-19T03:00:00Z,43.8,17.96,70.76,47.97,46.07,completed
CHG0002083,EV000047,ST003,2025-10-19T06:00:00Z,44.7,10.94,93.62,59.46,40.72,completed
CHG0002084,EV000416,ST001,2025-10-19T09:00:00Z,49.8,31.48,83.02,64.55,33.9,completed
CHG0002085,EV000083,ST001,2025-10-19T12:00:00Z,47.0,10.02,84.63,42.74,41.49,completed
CHG0002086,EV000042,ST001,2025-10-19T15:00:00Z,41.7,11.85,86.2,66.72,37.45,completed
CHG0002087,EV000242,ST004,2025-10-19T18:00:00Z,53.3,36.34,77.31,49.25,38.79,completed
CHG0002088,EV000348,ST003,2025-10-19T21:00:00Z,52.8,30.11,87.82,51.65,39.36,completed
CHG0002089,EV000207,ST002,2025-10-20T00:00:00Z,44.9,44.45,92.54,75.35,34.82,completed
CHG0002090,EV000256,ST004,2025-10-20T03:00:00Z,52.1,12.73,92.62,51.98,37.99,completed
CHG0002091,EV000316,ST003,2025-10-20T06:00:00Z,57.1,18.11,93.17,52.28,30.29,completed
CHG0002092,EV000305,ST003,2025-10-20T09:00:00Z,65.7,34.58,74.32,43.71,33.18,completed
CHG0002093,EV000229,ST001,2025-10-20T12:00:00Z,50.8,10.26,71.58,62.99,38.52,completed
CHG0002094,EV000275,ST003,2025-10-20T15:00:00Z,43.3,26.0,84.17,47.75,44.49,completed
CHG0002095,EV000296,ST001,2025-10-20T18:00:00Z,51.8,23.47,91.48,52.71,43.49,completed
CHG0002096,EV000385,ST003,2025-10-20T21:00:00Z,39.9,38.69,74.49,37.41,36.93,completed
CHG0002097,EV000273,ST001,2025-10-21T00:00:00Z,62.2,10.49,89.54,80.48,43.03,completed
CHG0002098,EV000243,ST001,2025-10-21T03:00:00Z,55.8,13.32,73.38,45.76,35.57,completed
CHG0002099,EV000385,ST003,2025-10-21T06:00:00Z,47.0,21.68,79.68,66.29,46.81,completed
CHG0002100,EV000420,ST003,2025-10-21T09:00:00Z,50.3,29.51,76.06,68.09,42.15,completed
CHG0002101,EV000462,ST004,2025-10-21T12:00:00Z,52.3,36.49,95.75,44.17,31.42,completed
CHG0002102,EV000406,ST002,2025-10-21T15:00:00Z,40.4,40.01,89.78,46.32,52.54,completed
CHG0002103,EV000309,ST001,2025-10-21T18:00:00Z,49.1,38.93,96.06,68.51,38.16,completed
CHG0002104,EV000029,ST003,2025-10-21T21:00:00Z,47.0,17.08,84.91,49.2,29.48,completed
CHG0002105,EV000160,ST003,2025-10-22T00:00:00Z,64.8,12.55,94.26,59.67,38.05,completed
CHG0002106,EV000420,ST002,2025-10-22T03:00:00Z,57.5,36.1,95.2,61.8,41.93,completed
CHG0002107,EV000235,ST002,2025-10-22T06:00:00Z,64.8,37.81,74.39,67.07,29.47,completed
CHG0002108,EV000308,ST003,2025-10-22T09:00:00Z,56.8,26.89,76.52,45.49,42.13,completed
CHG0002109,EV000213,ST004,2025-10-22T12:00:00Z,49.3,14.64,77.45,55.65,44.97,completed
CHG0002110,EV000108,ST002,2025-10-22T15:00:00Z,105.6,22.35,73.79,58.45,39.83,completed
CHG0002111,EV000266,ST001,2025-10-22T18:00:00Z,52.9,10.14,72.57,68.61,37.24,completed
CHG0002112,EV000319,ST002,2025-10-22T21:00:00Z,37.4,37.17,89.7,65.93,41.27,completed
CHG0002113,EV000263,ST001,2025-10-23T00:00:00Z,44.9,31.69,83.56,55.87,40.43,completed
CHG0002114,EV000463,ST002,2025-10-23T03:00:00Z,39.9,24.17,93.44,49.78,34.51,completed
CHG0002115,EV000260,ST002,2025-10-23T06:00:00Z,33.9,44.78,94.69,40.4,40.07,completed
CHG0002116,EV000064,ST003,2025-10-23T09:00:00Z,42.5,41.35,80.32,41.09,39.08,completed
CHG0002117,EV000500,ST003,2025-10-23T12:00:00Z,55.9,39.21,89.87,37.36,36.56,completed
CHG0002118,EV000388,ST001,2025-10-23T15:00:00Z,40.0,44.63,96.37,53.25,33.17,completed
CHG0002119,EV000468,ST004,2025-10-23T18:00:00Z,39.6,28.51,93.55,63.86,48.82,completed
CHG0002120,EV000239,ST001,2025-10-23T21:00:00Z,50.5,21.31,79.01,57.56,38.33,completed
CHG0002121,EV000149,ST003,2025-10-24T00:00:00Z,34.1,35.73,79.29,35.65,37.93,completed
CHG0002122,EV000222,ST004,2025-10-24T03:00:00Z,39.4,12.82,83.92,63.39,40.84,completed
CHG0002123,EV000289,ST003,2025-10-24T06:00:00Z,42.6,24.5,72.99,43.5,42.48,completed
CHG0002124,EV000431,ST003,2025-10-24T09:00:00Z,40.2,19.43,89.91,56.15,48.08,completed
CHG0002125,EV000341,ST002,2025-10-24T12:00:00Z,68.8,25.31,82.29,56.01,39.56,completed
CHG0002126,EV000321,ST004,2025-10-24T15:00:00Z,77.0,14.46,76.12,65.32,31.95,completed
CHG0002127,EV000036,ST002,2025-10-24T18:00:00Z,35.5,35.07,93.39,65.72,33.32,completed
CHG0002128,EV000024,ST002,2025-10-24T21:00:00Z,51.4,32.79,92.3,62.79,44.41,completed
CHG0002129,EV000286,ST003,2025-10-25T00:00:00Z,102.1,20.6,87.7,51.17,33.43,completed
CHG0002130,EV000107,ST004,2025-10-25T03:00:00Z,61.4,28.2,77.25,47.51,47.13,completed
CHG0002131,EV000229,ST002,2025-10-25T06:00:00Z,54.3,17.08,72.99,67.54,34.64,completed
CHG0002132,EV000334,ST002,2025-10-25T09:00:00Z,45.5,31.32,82.03,59.21,51.87,completed
CHG0002133,EV000380,ST003,2025-10-25T12:00:00Z,47.9,10.18,97.69,56.0,49.39,completed
CHG0002134,EV000418,ST002,2025-10-25T15:00:00Z,47.6,25.37,97.19,48.15,36.89,completed
CHG0002135,EV000268,ST002,2025-10-25T18:00:00Z,43.0,33.25,96.52,55.4,33.38,completed
CHG0002136,EV000070,ST003,2025-10-25T21:00:00Z,43.8,15.51,94.74,55.61,41.85,completed
CHG0002137,EV000094,ST004,2025-10-26T00:00:00Z,45.6,26.13,84.04,55.23,32.64,completed
CHG0002138,EV000261,ST003,2025-10-26T03:00:00Z,49.8,14.41,94.61,71.65,38.32,completed
CHG0002139,EV000132,ST001,2025-10-26T06:00:00Z,58.4,24.18,80.05,66.72,49.57,completed
CHG0002140,EV000259,ST001,2025-10-26T09:00:00Z,43.9,40.12,89.59,53.74,33.83,completed
CHG0002141,EV000435,ST001,2025-10-26T12:00:00Z,65.0,34.24,81.3,54.36,41.8,completed
CHG0002142,EV000184,ST003,2025-10-26T15:00:00Z,41.3,16.84,78.72,56.81,38.26,completed
CHG0002143,EV000241,ST001,2025-10-26T18:00:00Z,52.6,21.05,79.7,48.63,34.34,completed
CHG0002144,EV000366,ST003,2025-10-26T21:00:00Z,39.6,40.12,89.28,64.26,41.19,completed
CHG0002145,EV000164,ST004,2025-10-27T00:00:00Z,35.4,23.88,92.9,56.27,37.37,completed
CHG0002146,EV000251,ST002,2025-10-27T03:00:00Z,58.5,32.33,96.04,55.05,38.03,completed
CHG0002147,EV000095,ST001,2025-10-27T06:00:00Z,45.1,16.15,84.91,60.02,49.7,completed
CHG0002148,EV000450,ST003,2025-10-27T09:00:00Z,52.5,31.15,82.34,49.73,45.73,completed
CHG0002149,EV000148,ST002,2025-10-27T12:00:00Z,57.3,12.24,84.01,59.09,31.82,completed
CHG0002150,EV000238,ST004,2025-10-27T15:00:00Z,54.7,18.38,78.27,50.8,44.72,completed
CHG0002151,EV000160,ST004,2025-10-27T18:00:00Z,54.9,22.35,85.68,42.93,40.76,completed
CHG0002152,EV000082,ST003,2025-10-27T21:00:00Z,51.2,42.73,91.19,47.09,52.39,completed
CHG0002153,EV000314,ST004,2025-10-28T00:00:00Z,86.8,25.69,90.6,57.98,38.2,completed
CHG0002154,EV000273,ST002,2025-10-28T03:00:00Z,64.8,13.02,91.15,53.56,33.97,completed
CHG0002155,EV000159,ST001,2025-10-28T06:00:00Z,59.6,32.21,78.86,77.02,39.65,completed
CHG0002156,EV000324,ST003,2025-10-28T09:00:00Z,48.1,21.33,74.97,49.87,53.68,completed
CHG0002157,EV000076,ST001,2025-10-28T12:00:00Z,44.9,21.02,92.2,61.66,49.16,completed
CHG0002158,EV000216,ST002,2025-10-28T15:00:00Z,39.3,10.37,81.39,62.7,45.06,completed
CHG0002159,EV000130,ST004,2025-10-28T18:00:00Z,44.2,23.74,96.14,55.41,34.29,completed
CHG0002160,EV000311,ST002,2025-10-28T21:00:00Z,47.5,19.92,95.84,71.93,38.73,completed
CHG0002161,EV000425,ST003,2025-10-29T00:00:00Z,51.3,10.08,71.38,68.49,36.9,completed
CHG0002162,EV000104,ST002,2025-10-29T03:00:00Z,36.4,33.35,88.68,52.45,34.96,completed
CHG0002163,EV000255,ST001,2025-10-29T06:00:00Z,25.6,32.31,81.44,56.52,49.83,completed
CHG0002164,EV000404,ST002,2025-10-29T09:00:00Z,69.4,26.36,73.08,47.53,35.11,completed
CHG0002165,EV000397,ST002,2025-10-29T12:00:00Z,34.0,35.1,76.33,74.7,39.4,completed
CHG0002166,EV000185,ST001,2025-10-29T15:00:00Z,48.4,40.33,70.74,60.54,44.83,completed
CHG0002167,EV000439,ST001,2025-10-29T18:00:00Z,50.2,29.75,89.22,60.77,41.88,completed
CHG0002168,EV000237,ST001,2025-10-29T21:00:00Z,45.8,40.93,91.14,62.56,39.45,completed
CHG0002169,EV000312,ST004,2025-10-30T00:00:00Z,84.1,28.09,95.84,62.21,39.4,completed
CHG0002170,EV000417,ST004,2025-10-30T03:00:00Z,39.8,34.71,96.56,48.93,28.7,completed
CHG0002171,EV000496,ST003,2025-10-30T06:00:00Z,52.1,31.79,90.59,59.6,42.56,completed
CHG0002172,EV000266,ST004,2025-10-30T09:00:00Z,47.6,43.39,91.24,65.55,36.47,completed
CHG0002173,EV000096,ST002,2025-10-30T12:00:00Z,38.2,36.85,93.96,56.24,50.98,completed
CHG0002174,EV000403,ST001,2025-10-30T15:00:00Z,56.7,22.12,79.54,57.51,39.42,completed
CHG0002175,EV000414,ST004,2025-10-30T18:00:00Z,48.6,21.35,83.22,60.05,49.71,completed
CHG0002176,EV000455,ST002,2025-10-30T21:00:00Z,55.9,43.41,79.83,60.55,38.98,completed
CHG0002177,EV000297,ST002,2025-10-31T00:00:00Z,56.5,16.08,76.12,65.78,32.64,completed
CHG0002178,EV000036,ST002,2025-10-31T03:00:00Z,50.2,26.44,73.73,50.57,41.89,completed
CHG0002179,EV000446,ST002,2025-10-31T06:00:00Z,46.3,39.01,90.76,33.84,50.04,completed
CHG0002180,EV000428,ST004,2025-10-31T09:00:00Z,50.2,13.63,89.52,49.14,38.07,completed
CHG0002181,EV000440,ST004,2025-10-31T12:00:00Z,51.2,28.53,70.85,76.68,43.35,completed
CHG0002182,EV000060,ST003,2025-10-31T15:00:00Z,36.3,31.01,97.37,56.75,35.92,completed
CHG0002183,EV000208,ST004,2025-10-31T18:00:00Z,48.0,20.11,86.68,64.54,38.53,completed
CHG0002184,EV000159,ST004,2025-10-31T21:00:00Z,62.7,18.46,95.37,54.68,45.39,completed
CHG0002185,EV000306,ST002,2025-11-01T00:00:00Z,42.7,38.05,97.88,43.09,33.21,completed
CHG0002186,EV000429,ST004,2025-11-01T03:00:00Z,51.7,13.23,96.5,54.75,40.52,completed
CHG0002187,EV000449,ST003,2025-11-01T06:00:00Z,30.5,14.26,77.19,46.15,48.9,completed
CHG0002188,EV000126,ST004,2025-11-01T09:00:00Z,39.9,32.32,72.55,61.93,42.21,completed
CHG0002189,EV000024,ST002,2025-11-01T12:00:00Z,48.7,23.8,91.66,53.44,43.64,completed
CHG0002190,EV000058,ST003,2025-11-01T15:00:00Z,43.6,12.2,95.0,53.16,38.77,completed
CHG0002191,EV000004,ST004,2025-11-01T18:00:00Z,33.2,20.8,75.8,54.18,38.9,completed
CHG0002192,EV000252,ST003,2025-11-01T21:00:00Z,45.8,15.01,83.09,51.75,39.82,completed
CHG0002193,EV000021,ST003,2025-11-02T00:00:00Z,37.5,12.92,89.26,44.68,41.18,completed
CHG0002194,EV000437,ST001,2025-11-02T03:00:00Z,44.0,43.5,89.0,47.18,34.33,completed
CHG0002195,EV000029,ST003,2025-11-02T06:00:00Z,46.3,17.19,89.59,79.1,42.02,completed
CHG0002196,EV000435,ST001,2025-11-02T09:00:00Z,42.9,13.14,84.86,60.21,39.38,completed
CHG0002197,EV000049,ST001,2025-11-02T12:00:00Z,49.8,37.84,81.87,45.99,37.98,completed
CHG0002198,EV000214,ST001,2025-11-02T15:00:00Z,58.0,33.97,93.88,47.61,35.23,completed
CHG0002199,EV000352,ST004,2025-11-02T18:00:00Z,44.8,44.16,79.74,46.63,46.25,completed
CHG0002200,EV000234,ST003,2025-11-02T21:00:00Z,53.7,16.62,72.44,49.44,40.12,completed
CHG0002201,EV000265,ST002,2025-11-03T00:00:00Z,55.3,13.82,93.45,63.63,52.06,completed
CHG0002202,EV000438,ST001,2025-11-03T03:00:00Z,39.3,35.67,92.55,66.92,34.64,completed
CHG0002203,EV000139,ST002,2025-11-03T06:00:00Z,52.5,39.06,94.9,58.09,35.48,completed
CHG0002204,EV000282,ST002,2025-11-03T09:00:00Z,39.8,17.95,89.51,54.22,37.03,completed
CHG0002205,EV000025,ST004,2025-11-03T12:00:00Z,44.7,17.53,87.4,59.15,38.5,completed
CHG0002206,EV000145,ST002,2025-11-03T15:00:00Z,48.2,14.76,94.28,44.5,34.45,completed
CHG0002207,EV000252,ST001,2025-11-03T18:00:00Z,39.9,19.65,85.62,54.61,40.19,completed
CHG0002208,EV000127,ST003,2025-11-03T21:00:00Z,44.6,24.98,72.42,48.93,53.05,completed
CHG0002209,EV000333,ST001,2025-11-04T00:00:00Z,40.1,30.33,91.9,69.65,39.01,completed
CHG0002210,EV000435,ST002,2025-11-04T03:00:00Z,53.8,44.56,84.37,49.21,44.2,completed
CHG0002211,EV000116,ST003,2025-11-04T06:00:00Z,37.3,23.85,96.17,59.92,43.68,completed
CHG0002212,EV000271,ST004,2025-11-04T09:00:00Z,42.5,42.47,83.55,64.84,35.73,completed
CHG0002213,EV000232,ST004,2025-11-04T12:00:00Z,67.0,22.85,92.52,30.96,43.93,completed
CHG0002214,EV000176,ST001,2025-11-04T15:00:00Z,38.2,28.62,71.36,48.58,41.42,completed
CHG0002215,EV000463,ST003,2025-11-04T18:00:00Z,49.3,30.54,70.85,52.71,39.25,completed
CHG0002216,EV000336,ST004,2025-11-04T21:00:00Z,42.5,37.91,71.11,60.35,36.94,completed
CHG0002217,EV000035,ST001,2025-11-05T00:00:00Z,54.9,36.99,75.96,62.81,40.73,completed
CHG0002218,EV000253,ST003,2025-11-05T03:00:00Z,41.7,13.98,92.65,77.2,41.8,completed
CHG0002219,EV000299,ST004,2025-11-05T06:00:00Z,46.2,13.77,72.34,43.25,40.24,completed
CHG0002220,EV000496,ST002,2025-11-05T09:00:00Z,52.4,12.63,70.06,47.72,35.35,completed
CHG0002221,EV000205,ST004,2025-11-05T12:00:00Z,56.3,40.39,85.87,55.68,50.83,completed
CHG0002222,EV000481,ST001,2025-11-05T15:00:00Z,51.9,14.1,73.9,40.05,36.36,completed
CHG0002223,EV000193,ST001,2025-11-05T18:00:00Z,33.0,23.18,87.04,61.93,37.24,completed
CHG0002224,EV000222,ST002,2025-11-05T21:00:00Z,38.1,40.27,95.29,53.98,42.68,completed
CHG0002225,EV000196,ST004,2025-11-06T00:00:00Z,50.0,19.86,78.96,70.32,41.8,completed
CHG0002226,EV000205,ST003,2025-11-06T03:00:00Z,54.6,43.43,70.98,49.35,36.8,completed
CHG0002227,EV000100,ST001,2025-11-06T06:00:00Z,52.6,28.21,74.76,52.4,34.99,completed
CHG0002228,EV000463,ST002,2025-11-06T09:00:00Z,53.6,35.78,75.88,55.19,36.5,completed
CHG0002229,EV000075,ST002,2025-11-06T12:00:00Z,85.7,39.23,79.9,75.55,39.7,completed
CHG0002230,EV000469,ST004,2025-11-06T15:00:00Z,33.1,32.41,74.72,51.51,40.79,completed
CHG0002231,EV000299,ST002,2025-11-06T18:00:00Z,42.8,21.9,78.33,68.11,35.31,completed
CHG0002232,EV000499,ST002,2025-11-06T21:00:00Z,41.8,38.94,88.53,53.55,35.53,completed
CHG0002233,EV000349,ST002,2025-11-07T00:00:00Z,40.9,35.73,83.96,54.64,44.28,completed
CHG0002234,EV000418,ST002,2025-11-07T03:00:00Z,39.2,23.92,71.75,65.67,39.95,completed
CHG0002235,EV000333,ST002,2025-11-07T06:00:00Z,42.3,41.7,95.38,46.13,40.07,completed
CHG0002236,EV000233,ST003,2025-11-07T09:00:00Z,124.9,26.45,96.63,62.79,35.37,completed
CHG0002237,EV000166,ST001,2025-11-07T12:00:00Z,43.1,43.99,94.06,68.21,42.61,completed
CHG0002238,EV000387,ST003,2025-11-07T15:00:00Z,44.7,24.52,74.53,53.33,35.72,completed
CHG0002239,EV000003,ST001,2025-11-07T18:00:00Z,40.4,17.18,94.0,51.35,33.55,completed
CHG0002240,EV000287,ST001,2025-11-07T21:00:00Z,41.6,41.68,96.41,56.85,42.15,completed
CHG0002241,EV000296,ST001,2025-11-08T00:00:00Z,45.4,27.94,75.36,65.85,39.96,completed
CHG0002242,EV000357,ST003,2025-11-08T03:00:00Z,54.9,15.18,92.67,55.7,41.94,completed
CHG0002243,EV000291,ST003,2025-11-08T06:00:00Z,50.1,23.73,78.09,39.72,38.77,completed
CHG0002244,EV000222,ST004,2025-11-08T09:00:00Z,38.6,11.72,87.19,49.53,35.78,completed
CHG0002245,EV000088,ST003,2025-11-08T12:00:00Z,48.4,18.26,84.82,69.91,49.14,completed
CHG0002246,EV000148,ST003,2025-11-08T15:00:00Z,52.6,36.24,76.41,79.07,31.41,completed
CHG0002247,EV000157,ST002,2025-11-08T18:00:00Z,58.9,29.16,75.92,45.13,41.38,completed
CHG0002248,EV000283,ST004,2025-11-08T21:00:00Z,51.3,16.17,72.88,50.6,35.59,completed
CHG0002249,EV000289,ST001,2025-11-09T00:00:00Z,52.4,25.84,70.37,72.31,34.31,completed
CHG0002250,EV000375,ST001,2025-11-09T03:00:00Z,44.5,18.02,76.03,72.2,31.89,completed
CHG0002251,EV000160,ST004,2025-11-09T06:00:00Z,52.3,10.72,73.27,45.87,38.36,completed
CHG0002252,EV000074,ST003,2025-11-09T09:00:00Z,37.4,28.37,85.12,54.36,36.9,completed
CHG0002253,EV000484,ST002,2025-11-09T12:00:00Z,45.8,10.15,82.61,58.85,39.35,completed
CHG0002254,EV000371,ST001,2025-11-09T15:00:00Z,57.5,25.36,92.58,56.29,39.94,completed
CHG0002255,EV000480,ST004,2025-11-09T18:00:00Z,104.9,25.97,91.45,72.86,39.02,completed
CHG0002256,EV000151,ST001,2025-11-09T21:00:00Z,111.0,42.05,90.48,45.57,41.96,completed
CHG0002257,EV000330,ST002,2025-11-10T00:00:00Z,46.3,38.79,73.92,52.3,32.06,completed
CHG0002258,EV000335,ST003,2025-11-10T03:00:00Z,44.6,27.45,93.82,48.25,49.04,completed
CHG0002259,EV000257,ST003,2025-11-10T06:00:00Z,44.3,31.37,88.87,67.87,45.19,completed
CHG0002260,EV000141,ST002,2025-11-10T09:00:00Z,42.1,18.16,94.89,56.79,54.24,completed
CHG0002261,EV000392,ST003,2025-11-10T12:00:00Z,61.4,28.38,76.98,51.62,38.23,completed
CHG0002262,EV000252,ST003,2025-11-10T15:00:00Z,45.2,16.38,85.98,77.86,38.32,completed
CHG0002263,EV000020,ST004,2025-11-10T18:00:00Z,31.8,16.05,75.36,58.9,47.96,completed
CHG0002264,EV000386,ST001,2025-11-10T21:00:00Z,31.1,41.82,72.04,62.02,37.17,completed
CHG0002265,EV000412,ST001,2025-11-11T00:00:00Z,121.9,27.51,79.98,51.16,39.07,completed
CHG0002266,EV000491,ST002,2025-11-11T03:00:00Z,38.0,18.83,89.82,54.79,40.26,completed
CHG0002267,EV000164,ST001,2025-11-11T06:00:00Z,49.0,15.77,88.76,41.0,43.28,completed
CHG0002268,EV000228,ST002,2025-11-11T09:00:00Z,62.7,42.69,82.19,60.26,45.58,completed
CHG0002269,EV000187,ST003,2025-11-11T12:00:00Z,22.2,14.07,93.13,64.07,32.07,completed
CHG0002270,EV000273,ST002,2025-11-11T15:00:00Z,42.3,40.73,85.41,59.51,35.95,completed
CHG0002271,EV000271,ST003,2025-11-11T18:00:00Z,43.8,38.0,97.32,62.53,44.08,completed
CHG0002272,EV000471,ST001,2025-11-11T21:00:00Z,42.3,17.44,72.22,61.24,46.24,completed
CHG0002273,EV000105,ST001,2025-11-12T00:00:00Z,37.5,19.0,75.0,44.87,39.41,completed
CHG0002274,EV000220,ST004,2025-11-12T03:00:00Z,49.8,37.53,75.4,54.23,38.77,completed
CHG0002275,EV000232,ST004,2025-11-12T06:00:00Z,46.8,36.77,97.79,54.24,39.93,completed
CHG0002276,EV000413,ST004,2025-11-12T09:00:00Z,78.3,35.64,81.82,66.22,40.98,completed
CHG0002277,EV000093,ST004,2025-11-12T12:00:00Z,47.5,33.82,92.86,45.81,31.21,completed
CHG0002278,EV000215,ST001,2025-11-12T15:00:00Z,38.7,18.58,95.74,50.48,32.77,completed
CHG0002279,EV000163,ST002,2025-11-12T18:00:00Z,51.4,32.19,88.0,58.14,31.21,completed
CHG0002280,EV000215,ST003,2025-11-12T21:00:00Z,41.7,33.67,92.98,55.29,38.2,completed
CHG0002281,EV000347,ST003,2025-11-13T00:00:00Z,53.0,21.57,95.22,57.6,41.94,completed
CHG0002282,EV000238,ST003,2025-11-13T03:00:00Z,45.8,32.57,88.36,58.98,50.96,completed
CHG0002283,EV000289,ST003,2025-11-13T06:00:00Z,50.1,33.04,94.59,46.09,50.11,completed
CHG0002284,EV000109,ST004,2025-11-13T09:00:00Z,54.8,25.19,83.55,38.25,53.5,completed
CHG0002285,EV000061,ST004,2025-11-13T12:00:00Z,51.1,34.54,70.36,49.94,35.39,completed
CHG0002286,EV000277,ST001,2025-11-13T15:00:00Z,47.6,41.61,94.55,44.94,32.38,completed
CHG0002287,EV000246,ST003,2025-11-13T18:00:00Z,43.2,15.38,73.45,73.33,32.14,completed
CHG0002288,EV000462,ST003,2025-11-13T21:00:00Z,52.9,16.73,73.79,57.94,32.77,completed
CHG0002289,EV000322,ST002,2025-11-14T00:00:00Z,102.1,38.68,97.39,35.05,38.55,completed
CHG0002290,EV000479,ST004,2025-11-14T03:00:00Z,43.4,32.61,74.23,58.21,43.21,completed
CHG0002291,EV000474,ST002,2025-11-14T06:00:00Z,79.7,19.34,81.82,59.14,36.4,completed
CHG0002292,EV000408,ST002,2025-11-14T09:00:00Z,36.4,10.2,80.81,56.95,37.03,completed
CHG0002293,EV000267,ST001,2025-11-14T12:00:00Z,50.0,44.22,71.58,56.7,32.56,completed
CHG0002294,EV000364,ST001,2025-11-14T15:00:00Z,48.3,41.86,72.31,51.03,38.37,completed
CHG0002295,EV000265,ST004,2025-11-14T18:00:00Z,54.0,37.18,96.78,42.44,45.6,completed
CHG0002296,EV000315,ST003,2025-11-14T21:00:00Z,94.9,44.16,81.76,53.91,39.34,completed
CHG0002297,EV000225,ST004,2025-11-15T00:00:00Z,56.8,30.96,91.97,54.29,36.01,completed
CHG0002298,EV000204,ST004,2025-11-15T03:00:00Z,51.5,15.01,93.78,46.5,41.49,completed
CHG0002299,EV000300,ST001,2025-11-15T06:00:00Z,41.0,44.35,80.86,46.52,50.73,completed
CHG0002300,EV000120,ST004,2025-11-15T09:00:00Z,49.9,39.04,81.44,55.47,38.7,completed
CHG0002301,EV000258,ST002,2025-11-15T12:00:00Z,47.2,25.06,93.8,44.1,36.8,completed
CHG0002302,EV000438,ST004,2025-11-15T15:00:00Z,48.2,13.5,79.99,60.89,43.49,completed
CHG0002303,EV000134,ST002,2025-11-15T18:00:00Z,99.8,44.62,79.74,58.77,42.67,completed
CHG0002304,EV000308,ST004,2025-11-15T21:00:00Z,50.2,31.79,78.07,56.12,38.08,completed
CHG0002305,EV000148,ST004,2025-11-16T00:00:00Z,44.7,36.84,93.96,77.37,40.66,completed
CHG0002306,EV000144,ST003,2025-11-16T03:00:00Z,43.1,15.9,91.72,50.45,38.76,completed
CHG0002307,EV000397,ST002,2025-11-16T06:00:00Z,34.2,35.73,80.14,45.91,32.02,completed
CHG0002308,EV000144,ST004,2025-11-16T09:00:00Z,50.5,42.22,97.52,76.88,39.08,completed
CHG0002309,EV000143,ST001,2025-11-16T12:00:00Z,60.0,11.83,70.09,79.3,36.57,completed
CHG0002310,EV000371,ST001,2025-11-16T15:00:00Z,53.7,43.82,81.17,49.69,31.23,completed
CHG0002311,EV000061,ST002,2025-11-16T18:00:00Z,44.2,44.78,96.41,55.95,40.9,completed
CHG0002312,EV000063,ST002,2025-11-16T21:00:00Z,57.8,13.35,72.56,56.64,39.71,completed
CHG0002313,EV000441,ST003,2025-11-17T00:00:00Z,55.5,36.72,74.21,42.75,49.4,completed
CHG0002314,EV000300,ST004,2025-11-17T03:00:00Z,61.6,26.21,92.91,42.11,51.68,completed
CHG0002315,EV000077,ST001,2025-11-17T06:00:00Z,53.9,14.38,83.02,55.81,41.68,completed
CHG0002316,EV000475,ST004,2025-11-17T09:00:00Z,34.4,31.01,77.22,53.95,34.67,completed
CHG0002317,EV000015,ST002,2025-11-17T12:00:00Z,60.4,29.09,86.08,42.6,35.87,completed
CHG0002318,EV000055,ST001,2025-11-17T15:00:00Z,37.3,35.06,95.34,52.43,38.35,completed
CHG0002319,EV000117,ST001,2025-11-17T18:00:00Z,51.9,41.0,84.97,38.37,40.84,completed
CHG0002320,EV000059,ST002,2025-11-17T21:00:00Z,57.5,23.61,83.98,54.06,30.2,completed
CHG0002321,EV000117,ST004,2025-11-18T00:00:00Z,42.5,36.33,94.92,60.92,40.41,completed
CHG0002322,EV000322,ST001,2025-11-18T03:00:00Z,79.3,36.78,79.62,57.75,30.57,completed
CHG0002323,EV000086,ST001,2025-11-18T06:00:00Z,37.8,31.62,85.42,52.19,49.11,completed
CHG0002324,EV000165,ST004,2025-11-18T09:00:00Z,53.4,11.28,94.3,64.75,42.99,completed
CHG0002325,EV000010,ST003,2025-11-18T12:00:00Z,54.3,43.42,82.34,52.49,41.64,completed
CHG0002326,EV000436,ST004,2025-11-18T15:00:00Z,55.7,32.91,70.15,54.3,38.2,completed
CHG0002327,EV000251,ST002,2025-11-18T18:00:00Z,45.9,15.34,71.83,53.73,38.78,completed
CHG0002328,EV000483,ST001,2025-11-18T21:00:00Z,40.8,37.87,78.63,53.45,41.17,completed
CHG0002329,EV000486,ST001,2025-11-19T00:00:00Z,50.5,20.68,72.17,54.52,35.59,completed
CHG0002330,EV000042,ST001,2025-11-19T03:00:00Z,69.5,30.91,70.57,52.91,37.93,completed
CHG0002331,EV000116,ST004,2025-11-19T06:00:00Z,36.4,44.83,94.89,56.29,33.72,completed
CHG0002332,EV000223,ST003,2025-11-19T09:00:00Z,22.9,35.37,88.76,64.96,44.92,completed
CHG0002333,EV000108,ST002,2025-11-19T12:00:00Z,105.2,13.5,97.39,48.8,46.34,completed
CHG0002334,EV000411,ST003,2025-11-19T15:00:00Z,43.3,22.71,71.22,45.23,38.75,completed
CHG0002335,EV000035,ST003,2025-11-19T18:00:00Z,56.0,37.4,70.77,66.4,36.19,completed
CHG0002336,EV000351,ST001,2025-11-19T21:00:00Z,45.9,24.7,78.55,46.57,44.22,completed
CHG0002337,EV000432,ST004,2025-11-20T00:00:00Z,46.0,13.48,75.82,54.09,40.35,completed
CHG0002338,EV000350,ST003,2025-11-20T03:00:00Z,51.0,12.43,82.33,61.71,39.98,completed
CHG0002339,EV000278,ST004,2025-11-20T06:00:00Z,48.1,39.24,96.15,60.18,43.82,completed
CHG0002340,EV000078,ST003,2025-11-20T09:00:00Z,48.0,26.39,81.03,58.67,39.73,completed
CHG0002341,EV000336,ST002,2025-11-20T12:00:00Z,38.0,33.69,94.27,69.58,37.94,completed
CHG0002342,EV000080,ST001,2025-11-20T15:00:00Z,49.6,26.3,86.02,49.17,40.81,completed
CHG0002343,EV000130,ST001,2025-11-20T18:00:00Z,40.9,40.66,90.64,48.13,39.22,completed
CHG0002344,EV000123,ST003,2025-11-20T21:00:00Z,48.0,21.74,74.06,70.68,35.92,completed
CHG0002345,EV000271,ST001,2025-11-21T00:00:00Z,51.6,27.75,72.11,61.94,42.51,completed
CHG0002346,EV000397,ST003,2025-11-21T03:00:00Z,61.5,28.75,72.84,47.61,42.02,completed
CHG0002347,EV000036,ST002,2025-11-21T06:00:00Z,50.4,21.88,82.53,64.09,39.25,completed
CHG0002348,EV000497,ST004,2025-11-21T09:00:00Z,49.7,22.62,94.95,56.85,40.18,completed
CHG0002349,EV000162,ST001,2025-11-21T12:00:00Z,53.0,43.81,82.28,50.19,43.34,completed
CHG0002350,EV000185,ST002,2025-11-21T15:00:00Z,53.0,29.51,70.59,53.2,39.03,completed
CHG0002351,EV000132,ST003,2025-11-21T18:00:00Z,47.4,22.48,85.94,58.89,51.67,completed
CHG0002352,EV000186,ST002,2025-11-21T21:00:00Z,47.6,41.48,75.73,67.23,51.04,completed
CHG0002353,EV000161,ST003,2025-11-22T00:00:00Z,52.3,29.41,94.64,44.25,44.7,completed
CHG0002354,EV000088,ST004,2025-11-22T03:00:00Z,41.1,20.44,82.23,34.2,58.13,completed
CHG0002355,EV000441,ST002,2025-11-22T06:00:00Z,54.2,10.3,90.2,56.79,51.17,completed
CHG0002356,EV000137,ST004,2025-11-22T09:00:00Z,50.4,30.98,78.71,53.67,42.77,completed
CHG0002357,EV000021,ST004,2025-11-22T12:00:00Z,65.3,34.85,90.88,49.72,44.18,completed
CHG0002358,EV000455,ST004,2025-11-22T15:00:00Z,50.1,28.64,79.32,70.88,35.54,completed
CHG0002359,EV000192,ST003,2025-11-22T18:00:00Z,49.9,24.29,93.06,55.38,32.57,completed
CHG0002360,EV000442,ST004,2025-11-22T21:00:00Z,46.5,23.19,77.52,54.7,35.25,completed
CHG0002361,EV000220,ST002,2025-11-23T00:00:00Z,38.0,35.5,85.61,57.16,41.78,completed
CHG0002362,EV000179,ST001,2025-11-23T03:00:00Z,35.9,44.55,93.1,57.8,41.21,completed
CHG0002363,EV000480,ST003,2025-11-23T06:00:00Z,106.2,37.72,96.02,51.27,39.82,completed
CHG0002364,EV000211,ST002,2025-11-23T09:00:00Z,69.3,29.39,87.73,65.65,35.95,completed
CHG0002365,EV000481,ST001,2025-11-23T12:00:00Z,49.0,23.79,77.89,71.93,36.5,completed
CHG0002366,EV000309,ST004,2025-11-23T15:00:00Z,53.1,25.81,96.46,61.63,33.37,completed
CHG0002367,EV000298,ST002,2025-11-23T18:00:00Z,47.6,28.54,77.72,61.42,31.36,completed
CHG0002368,EV000186,ST002,2025-11-23T21:00:00Z,51.2,33.2,77.18,43.89,53.04,completed
CHG0002369,EV000258,ST004,2025-11-24T00:00:00Z,54.6,14.72,94.6,65.9,33.87,completed
CHG0002370,EV000210,ST003,2025-11-24T03:00:00Z,85.9,30.17,71.83,56.84,31.34,completed
CHG0002371,EV000469,ST003,2025-11-24T06:00:00Z,45.8,41.95,75.41,57.28,35.85,completed
CHG0002372,EV000463,ST002,2025-11-24T09:00:00Z,47.9,14.59,70.04,63.06,33.31,completed
CHG0002373,EV000118,ST001,2025-11-24T12:00:00Z,49.4,18.0,88.26,60.84,39.25,completed
CHG0002374,EV000490,ST001,2025-11-24T15:00:00Z,45.3,25.5,79.86,42.79,31.98,completed
CHG0002375,EV000283,ST004,2025-11-24T18:00:00Z,51.1,29.96,88.91,55.65,29.96,completed
CHG0002376,EV000355,ST001,2025-11-24T21:00:00Z,36.3,25.8,96.46,55.28,43.57,completed
CHG0002377,EV000433,ST001,2025-11-25T00:00:00Z,52.0,22.46,93.85,55.54,40.21,completed
CHG0002378,EV000484,ST003,2025-11-25T03:00:00Z,43.2,39.19,95.71,33.9,33.63,completed
CHG0002379,EV000055,ST003,2025-11-25T06:00:00Z,55.7,29.45,82.9,41.21,42.25,completed
CHG0002380,EV000061,ST002,2025-11-25T09:00:00Z,41.1,33.79,73.43,59.27,40.11,completed
CHG0002381,EV000467,ST003,2025-11-25T12:00:00Z,49.4,20.54,85.12,49.23,43.91,completed
CHG0002382,EV000290,ST004,2025-11-25T15:00:00Z,50.9,30.24,79.13,32.21,29.58,completed
CHG0002383,EV000472,ST003,2025-11-25T18:00:00Z,47.2,16.74,83.73,53.23,51.62,completed
CHG0002384,EV000275,ST004,2025-11-25T21:00:00Z,43.8,12.2,92.14,49.34,41.34,completed
CHG0002385,EV000361,ST002,2025-11-26T00:00:00Z,56.9,24.77,72.11,46.36,47.49,completed
CHG0002386,EV000434,ST003,2025-11-26T03:00:00Z,52.0,29.62,87.23,63.33,35.55,completed
CHG0002387,EV000011,ST001,2025-11-26T06:00:00Z,51.4,10.32,84.84,55.34,36.33,completed
CHG0002388,EV000494,ST001,2025-11-26T09:00:00Z,53.3,40.68,81.93,40.25,48.6,completed
CHG0002389,EV000229,ST004,2025-11-26T12:00:00Z,57.4,34.53,71.75,52.51,41.85,completed
CHG0002390,EV000360,ST004,2025-11-26T15:00:00Z,44.9,38.0,92.22,65.67,38.29,completed
CHG0002391,EV000190,ST004,2025-11-26T18:00:00Z,42.5,38.26,76.24,41.03,42.51,completed
CHG0002392,EV000451,ST001,2025-11-26T21:00:00Z,43.5,34.67,80.85,50.12,34.23,completed
CHG0002393,EV000043,ST003,2025-11-27T00:00:00Z,46.6,20.84,78.51,47.19,30.74,completed
CHG0002394,EV000329,ST002,2025-11-27T03:00:00Z,87.5,18.33,97.81,62.07,34.12,completed
CHG0002395,EV000491,ST004,2025-11-27T06:00:00Z,43.1,13.11,81.35,57.7,49.73,completed
CHG0002396,EV000271,ST001,2025-11-27T09:00:00Z,57.4,31.13,91.13,56.59,34.87,completed
CHG0002397,EV000050,ST003,2025-11-27T12:00:00Z,49.1,33.97,97.9,38.39,31.27,completed
CHG0002398,EV000374,ST003,2025-11-27T15:00:00Z,43.4,43.08,72.1,65.12,32.73,completed
CHG0002399,EV000163,ST001,2025-11-27T18:00:00Z,41.6,29.86,91.54,38.46,38.44,completed
CHG0002400,EV000466,ST003,2025-11-27T21:00:00Z,34.4,42.09,77.97,46.54,40.54,completed
CHG0002401,EV000446,ST003,2025-11-28T00:00:00Z,28.5,21.24,77.22,47.0,39.27,completed
CHG0002402,EV000429,ST001,2025-11-28T03:00:00Z,51.7,37.65,92.36,64.26,30.76,completed
CHG0002403,EV000193,ST004,2025-11-28T06:00:00Z,42.5,36.84,83.04,57.41,32.97,completed
CHG0002404,EV000047,ST004,2025-11-28T09:00:00Z,52.2,43.88,73.27,39.05,38.03,completed
CHG0002405,EV000261,ST004,2025-11-28T12:00:00Z,55.1,25.67,72.99,47.41,35.1,completed
CHG0002406,EV000210,ST002,2025-11-28T15:00:00Z,84.0,39.11,86.35,53.79,35.65,completed
CHG0002407,EV000436,ST002,2025-11-28T18:00:00Z,31.8,39.19,86.0,70.5,42.84,completed
CHG0002408,EV000145,ST001,2025-11-28T21:00:00Z,37.5,16.82,86.79,68.43,35.12,completed
CHG0002409,EV000243,ST001,2025-11-29T00:00:00Z,57.8,30.99,96.28,61.88,42.29,completed
CHG0002410,EV000264,ST001,2025-11-29T03:00:00Z,53.4,38.75,88.25,67.73,35.81,completed
CHG0002411,EV000413,ST001,2025-11-29T06:00:00Z,102.1,22.69,82.26,53.14,44.28,completed
CHG0002412,EV000244,ST001,2025-11-29T09:00:00Z,38.9,39.56,94.71,51.53,36.26,completed
CHG0002413,EV000068,ST004,2025-11-29T12:00:00Z,28.9,16.79,91.24,43.89,41.42,completed
CHG0002414,EV000044,ST002,2025-11-29T15:00:00Z,35.8,39.38,85.19,33.82,49.33,completed
CHG0002415,EV000492,ST002,2025-11-29T18:00:00Z,36.8,22.19,97.64,48.3,33.69,completed
CHG0002416,EV000367,ST001,2025-11-29T21:00:00Z,96.0,30.62,93.59,44.82,30.81,completed
CHG0002417,EV000217,ST003,2025-11-30T00:00:00Z,48.4,25.59,82.52,49.66,36.92,completed
CHG0002418,EV000388,ST001,2025-11-30T03:00:00Z,51.7,19.37,77.72,57.34,27.65,completed
CHG0002419,EV000278,ST001,2025-11-30T06:00:00Z,49.1,35.56,88.78,35.02,40.09,completed
CHG0002420,EV000300,ST001,2025-11-30T09:00:00Z,47.7,44.44,96.01,86.21,54.38,completed
CHG0002421,EV000291,ST001,2025-11-30T12:00:00Z,38.6,29.45,93.58,64.37,47.7,completed
CHG0002422,EV000467,ST002,2025-11-30T15:00:00Z,44.7,28.83,97.88,55.85,38.15,completed
CHG0002423,EV000107,ST002,2025-11-30T18:00:00Z,34.5,43.82,80.79,61.45,53.76,completed
CHG0002424,EV000303,ST003,2025-11-30T21:00:00Z,53.3,35.33,88.55,53.95,39.5,completed
CHG0002425,EV000091,ST002,2025-12-01T00:00:00Z,96.6,34.86,71.13,56.02,35.77,completed
CHG0002426,EV000257,ST004,2025-12-01T03:00:00Z,39.7,30.79,93.51,38.88,38.04,completed
CHG0002427,EV000192,ST001,2025-12-01T06:00:00Z,49.4,32.48,95.93,58.79,45.96,completed
CHG0002428,EV000237,ST001,2025-12-01T09:00:00Z,54.8,44.88,70.55,64.77,39.54,completed
CHG0002429,EV000128,ST004,2025-12-01T12:00:00Z,47.6,39.56,87.82,54.86,35.24,completed
CHG0002430,EV000116,ST003,2025-12-01T15:00:00Z,55.2,40.72,80.8,67.63,39.2,completed
CHG0002431,EV000492,ST004,2025-12-01T18:00:00Z,36.1,43.77,94.01,43.56,37.38,completed
CHG0002432,EV000203,ST004,2025-12-01T21:00:00Z,34.0,19.74,80.05,44.23,42.54,completed
CHG0002433,EV000177,ST001,2025-12-02T00:00:00Z,72.5,32.62,89.06,52.96,36.46,completed
CHG0002434,EV000422,ST001,2025-12-02T03:00:00Z,46.2,13.75,73.0,49.74,32.51,completed
CHG0002435,EV000332,ST003,2025-12-02T06:00:00Z,100.3,23.49,73.33,56.71,39.71,completed
CHG0002436,EV000149,ST003,2025-12-02T09:00:00Z,55.9,18.91,76.82,56.93,38.32,completed
CHG0002437,EV000102,ST001,2025-12-02T12:00:00Z,44.9,26.61,85.52,49.17,46.53,completed
CHG0002438,EV000095,ST002,2025-12-02T15:00:00Z,43.5,11.88,76.12,56.03,55.33,completed
CHG0002439,EV000489,ST003,2025-12-02T18:00:00Z,87.7,38.2,79.6,47.18,34.16,completed
CHG0002440,EV000281,ST004,2025-12-02T21:00:00Z,42.7,25.83,84.39,51.45,37.94,completed
CHG0002441,EV000196,ST001,2025-12-03T00:00:00Z,41.1,40.87,92.77,41.16,37.24,completed
CHG0002442,EV000017,ST002,2025-12-03T03:00:00Z,45.0,34.38,91.89,59.51,41.31,completed
CHG0002443,EV000213,ST002,2025-12-03T06:00:00Z,46.6,28.97,72.91,63.6,41.56,completed
CHG0002444,EV000274,ST003,2025-12-03T09:00:00Z,45.7,16.8,71.88,42.4,35.54,completed
CHG0002445,EV000346,ST002,2025-12-03T12:00:00Z,47.1,25.3,88.06,65.3,38.44,completed
CHG0002446,EV000113,ST002,2025-12-03T15:00:00Z,53.3,21.31,79.33,49.23,49.43,completed
CHG0002447,EV000322,ST004,2025-12-03T18:00:00Z,117.8,30.52,72.65,47.34,41.77,completed
CHG0002448,EV000142,ST004,2025-12-03T21:00:00Z,50.6,19.56,93.52,54.81,41.15,completed
CHG0002449,EV000328,ST003,2025-12-04T00:00:00Z,40.8,35.5,88.33,67.55,37.45,completed
CHG0002450,EV000136,ST001,2025-12-04T03:00:00Z,49.9,33.22,73.8,54.11,46.59,completed
CHG0002451,EV000176,ST004,2025-12-04T06:00:00Z,55.1,18.78,87.17,59.1,45.87,completed
CHG0002452,EV000123,ST003,2025-12-04T09:00:00Z,46.3,40.07,70.35,49.3,38.75,completed
CHG0002453,EV000006,ST003,2025-12-04T12:00:00Z,49.0,40.3,74.21,56.8,39.17,completed
CHG0002454,EV000492,ST004,2025-12-04T15:00:00Z,50.7,19.4,84.58,55.7,39.69,completed
CHG0002455,EV000078,ST002,2025-12-04T18:00:00Z,50.9,42.51,75.72,47.5,34.97,completed
CHG0002456,EV000151,ST004,2025-12-04T21:00:00Z,84.1,19.23,70.99,67.44,35.29,completed
CHG0002457,EV000267,ST003,2025-12-05T00:00:00Z,45.0,27.53,88.01,58.8,35.3,completed
CHG0002458,EV000158,ST001,2025-12-05T03:00:00Z,47.6,30.8,77.99,62.31,38.63,completed
CHG0002459,EV000023,ST001,2025-12-05T06:00:00Z,51.9,38.01,91.19,41.18,53.13,completed
CHG0002460,EV000296,ST004,2025-12-05T09:00:00Z,44.6,27.44,95.01,54.89,40.99,completed
CHG0002461,EV000388,ST001,2025-12-05T12:00:00Z,48.0,42.95,73.12,34.64,36.39,completed
CHG0002462,EV000309,ST002,2025-12-05T15:00:00Z,48.1,23.7,70.23,63.49,31.94,completed
CHG0002463,EV000269,ST004,2025-12-05T18:00:00Z,98.6,28.39,87.67,63.6,43.89,completed
CHG0002464,EV000185,ST004,2025-12-05T21:00:00Z,45.7,30.51,77.97,59.82,40.5,completed
CHG0002465,EV000390,ST001,2025-12-06T00:00:00Z,47.9,10.34,81.91,38.0,41.04,completed
CHG0002466,EV000114,ST002,2025-12-06T03:00:00Z,62.3,11.05,91.16,57.42,37.85,completed
CHG0002467,EV000194,ST003,2025-12-06T06:00:00Z,51.9,31.69,77.76,54.38,33.48,completed
CHG0002468,EV000454,ST002,2025-12-06T09:00:00Z,56.2,37.75,96.08,46.89,52.52,completed
CHG0002469,EV000034,ST002,2025-12-06T12:00:00Z,44.3,24.65,97.55,48.36,51.68,completed
CHG0002470,EV000190,ST004,2025-12-06T15:00:00Z,53.9,41.83,93.99,48.99,35.15,completed
CHG0002471,EV000056,ST001,2025-12-06T18:00:00Z,54.6,16.98,83.32,64.31,55.71,completed
CHG0002472,EV000225,ST004,2025-12-06T21:00:00Z,47.6,40.05,83.69,43.16,34.41,completed
CHG0002473,EV000399,ST002,2025-12-07T00:00:00Z,46.2,39.13,95.13,51.64,53.13,completed
CHG0002474,EV000166,ST001,2025-12-07T03:00:00Z,57.7,28.08,79.94,61.62,30.18,completed
CHG0002475,EV000441,ST003,2025-12-07T06:00:00Z,40.8,15.38,94.41,60.71,49.46,completed
CHG0002476,EV000352,ST001,2025-12-07T09:00:00Z,45.7,30.46,91.37,66.72,43.86,completed
CHG0002477,EV000306,ST001,2025-12-07T12:00:00Z,38.9,34.51,81.07,53.11,47.07,completed
CHG0002478,EV000453,ST003,2025-12-07T15:00:00Z,51.6,27.82,74.76,56.52,37.13,completed
CHG0002479,EV000158,ST003,2025-12-07T18:00:00Z,57.2,14.29,96.36,49.08,44.21,completed
CHG0002480,EV000104,ST004,2025-12-07T21:00:00Z,55.9,23.64,72.07,47.8,39.34,completed
CHG0002481,EV000040,ST001,2025-12-08T00:00:00Z,46.5,30.73,90.01,59.34,40.48,completed
CHG0002482,EV000075,ST004,2025-12-08T03:00:00Z,80.7,21.25,93.34,54.41,34.17,completed
CHG0002483,EV000264,ST003,2025-12-08T06:00:00Z,40.9,38.11,73.72,59.64,34.75,completed
CHG0002484,EV000022,ST004,2025-12-08T09:00:00Z,43.4,21.97,75.23,40.87,42.46,completed
CHG0002485,EV000300,ST004,2025-12-08T12:00:00Z,55.2,29.04,89.07,66.24,51.94,completed
CHG0002486,EV000108,ST002,2025-12-08T15:00:00Z,88.8,35.09,96.96,55.55,34.27,completed
CHG0002487,EV000364,ST003,2025-12-08T18:00:00Z,38.7,15.55,79.05,45.1,38.26,completed
CHG0002488,EV000271,ST002,2025-12-08T21:00:00Z,51.3,17.02,87.79,46.41,34.27,completed
CHG0002489,EV000468,ST002,2025-12-09T00:00:00Z,46.8,21.99,74.05,58.67,46.54,completed
CHG0002490,EV000162,ST003,2025-12-09T03:00:00Z,35.3,12.7,94.29,66.07,30.26,completed
CHG0002491,EV000110,ST004,2025-12-09T06:00:00Z,31.8,26.55,79.17,55.03,42.21,completed
CHG0002492,EV000220,ST004,2025-12-09T09:00:00Z,30.9,34.03,75.99,43.95,35.59,completed
CHG0002493,EV000131,ST003,2025-12-09T12:00:00Z,44.3,18.67,94.23,59.97,39.96,completed
CHG0002494,EV000094,ST003,2025-12-09T15:00:00Z,38.6,32.01,90.85,60.44,38.56,completed
CHG0002495,EV000207,ST001,2025-12-09T18:00:00Z,47.1,33.62,95.8,50.22,39.12,completed
CHG0002496,EV000100,ST002,2025-12-09T21:00:00Z,53.9,27.62,95.07,49.94,35.52,completed
CHG0002497,EV000375,ST004,2025-12-10T00:00:00Z,52.6,18.5,91.05,51.43,32.57,completed
CHG0002498,EV000078,ST002,2025-12-10T03:00:00Z,41.4,39.27,74.29,54.67,39.44,completed
CHG0002499,EV000319,ST001,2025-12-10T06:00:00Z,49.3,11.49,88.69,60.36,42.94,completed
CHG0002500,EV000393,ST002,2025-12-10T09:00:00Z,44.3,17.21,77.02,55.26,36.97,completed
CHG0002501,EV000362,ST004,2025-12-10T12:00:00Z,54.9,37.0,96.3,75.4,34.08,completed
CHG0002502,EV000229,ST001,2025-12-10T15:00:00Z,28.5,13.28,97.67,57.85,41.17,completed
CHG0002503,EV000348,ST003,2025-12-10T18:00:00Z,48.2,39.82,71.99,40.87,27.54,completed
CHG0002504,EV000332,ST003,2025-12-10T21:00:00Z,92.8,21.6,85.79,40.48,40.01,completed
CHG0002505,EV000007,ST004,2025-12-11T00:00:00Z,102.1,17.85,81.58,60.86,44.72,completed
CHG0002506,EV000362,ST002,2025-12-11T03:00:00Z,39.2,39.99,83.52,50.38,41.78,completed
CHG0002507,EV000107,ST003,2025-12-11T06:00:00Z,47.3,26.55,81.88,50.56,53.24,completed
CHG0002508,EV000226,ST003,2025-12-11T09:00:00Z,46.4,19.04,94.78,54.84,43.56,completed
CHG0002509,EV000248,ST003,2025-12-11T12:00:00Z,40.1,19.5,80.35,36.23,35.27,completed
CHG0002510,EV000153,ST003,2025-12-11T15:00:00Z,38.4,42.75,73.96,54.44,38.05,completed
CHG0002511,EV000341,ST003,2025-12-11T18:00:00Z,88.0,15.42,87.14,64.53,48.94,completed
CHG0002512,EV000108,ST001,2025-12-11T21:00:00Z,83.5,35.48,77.69,58.13,39.29,completed
CHG0002513,EV000382,ST004,2025-12-12T00:00:00Z,48.6,34.34,70.34,62.04,37.99,completed
CHG0002514,EV000260,ST002,2025-12-12T03:00:00Z,40.7,19.5,90.83,58.83,27.48,completed
CHG0002515,EV000174,ST004,2025-12-12T06:00:00Z,38.2,18.69,96.92,59.45,35.34,completed
CHG0002516,EV000221,ST001,2025-12-12T09:00:00Z,40.5,36.69,86.02,47.1,40.23,completed
CHG0002517,EV000055,ST002,2025-12-12T12:00:00Z,44.2,26.53,95.24,51.22,30.92,completed
CHG0002518,EV000317,ST004,2025-12-12T15:00:00Z,47.8,43.59,87.7,48.58,34.96,completed
CHG0002519,EV000154,ST003,2025-12-12T18:00:00Z,43.2,13.54,97.54,54.17,41.81,completed
CHG0002520,EV000426,ST004,2025-12-12T21:00:00Z,46.7,34.88,82.04,37.15,39.68,completed
CHG0002521,EV000445,ST004,2025-12-13T00:00:00Z,50.7,42.83,96.08,65.11,39.76,completed
CHG0002522,EV000026,ST001,2025-12-13T03:00:00Z,58.6,28.06,94.72,56.63,37.69,completed
CHG0002523,EV000230,ST004,2025-12-13T06:00:00Z,107.5,29.28,86.89,64.07,40.77,completed
CHG0002524,EV000065,ST001,2025-12-13T09:00:00Z,82.6,42.65,78.62,53.77,40.59,completed
CHG0002525,EV000007,ST004,2025-12-13T12:00:00Z,103.5,13.91,79.94,54.84,39.74,completed
CHG0002526,EV000425,ST002,2025-12-13T15:00:00Z,49.5,22.78,87.26,47.71,35.65,completed
CHG0002527,EV000385,ST001,2025-12-13T18:00:00Z,53.0,23.53,78.69,46.51,34.91,completed
CHG0002528,EV000217,ST004,2025-12-13T21:00:00Z,46.0,33.68,71.38,42.78,32.98,completed
CHG0002529,EV000409,ST002,2025-12-14T00:00:00Z,38.6,13.3,82.2,47.62,34.97,completed
CHG0002530,EV000284,ST003,2025-12-14T03:00:00Z,58.3,36.86,82.31,43.17,51.66,completed
CHG0002531,EV000103,ST003,2025-12-14T06:00:00Z,52.7,15.44,72.59,50.84,53.13,completed
CHG0002532,EV000309,ST001,2025-12-14T09:00:00Z,39.2,39.25,78.77,60.79,37.56,completed
CHG0002533,EV000086,ST002,2025-12-14T12:00:00Z,50.1,25.36,87.15,68.94,54.33,completed
CHG0002534,EV000120,ST002,2025-12-14T15:00:00Z,50.7,13.23,92.74,49.74,38.63,completed
CHG0002535,EV000156,ST004,2025-12-14T18:00:00Z,65.6,18.98,80.47,65.44,38.89,completed
CHG0002536,EV000106,ST004,2025-12-14T21:00:00Z,38.0,35.32,85.69,61.28,36.08,completed
CHG0002537,EV000066,ST002,2025-12-15T00:00:00Z,40.5,22.28,75.27,60.46,30.26,completed
CHG0002538,EV000420,ST003,2025-12-15T03:00:00Z,62.4,31.82,90.41,53.61,46.97,completed
CHG0002539,EV000498,ST004,2025-12-15T06:00:00Z,45.3,13.48,71.31,58.97,38.24,completed
CHG0002540,EV000174,ST004,2025-12-15T09:00:00Z,44.7,14.15,96.25,74.78,34.37,completed
CHG0002541,EV000226,ST001,2025-12-15T12:00:00Z,27.6,18.08,93.89,51.91,43.19,completed
CHG0002542,EV000175,ST002,2025-12-15T15:00:00Z,48.8,20.51,89.82,45.92,37.04,completed
CHG0002543,EV000322,ST002,2025-12-15T18:00:00Z,93.4,31.76,76.39,50.51,39.08,completed
CHG0002544,EV000034,ST004,2025-12-15T21:00:00Z,45.6,26.1,77.31,71.42,54.92,completed
CHG0002545,EV000418,ST004,2025-12-16T00:00:00Z,49.9,41.01,89.38,68.95,39.56,completed
CHG0002546,EV000015,ST003,2025-12-16T03:00:00Z,44.7,30.59,86.38,63.93,42.13,completed
CHG0002547,EV000381,ST002,2025-12-16T06:00:00Z,49.8,34.44,70.48,50.7,36.75,completed
CHG0002548,EV000497,ST004,2025-12-16T09:00:00Z,33.2,22.1,77.73,65.05,47.67,completed
CHG0002549,EV000352,ST004,2025-12-16T12:00:00Z,32.2,11.27,75.94,49.8,38.43,completed
CHG0002550,EV000335,ST002,2025-12-16T15:00:00Z,54.1,17.62,71.06,62.58,51.38,completed
CHG0002551,EV000448,ST003,2025-12-16T18:00:00Z,54.4,26.48,73.61,62.6,36.95,completed
CHG0002552,EV000095,ST003,2025-12-16T21:00:00Z,44.6,34.85,89.11,63.0,49.16,completed
CHG0002553,EV000144,ST003,2025-12-17T00:00:00Z,50.6,18.48,93.88,47.31,41.57,completed
CHG0002554,EV000264,ST004,2025-12-17T03:00:00Z,44.8,20.64,74.16,52.66,33.36,completed
CHG0002555,EV000011,ST001,2025-12-17T06:00:00Z,46.8,32.72,90.21,50.37,39.21,completed
CHG0002556,EV000307,ST003,2025-12-17T09:00:00Z,44.2,14.14,97.11,75.82,47.42,completed
CHG0002557,EV000039,ST001,2025-12-17T12:00:00Z,99.9,34.85,82.33,56.29,32.72,completed
CHG0002558,EV000439,ST001,2025-12-17T15:00:00Z,45.7,30.73,73.48,46.96,41.39,completed
CHG0002559,EV000155,ST003,2025-12-17T18:00:00Z,48.5,31.19,91.68,56.69,50.69,completed
CHG0002560,EV000293,ST004,2025-12-17T21:00:00Z,98.2,18.87,93.08,56.86,41.0,completed
CHG0002561,EV000187,ST003,2025-12-18T00:00:00Z,45.3,42.56,96.68,56.92,42.31,completed
CHG0002562,EV000426,ST003,2025-12-18T03:00:00Z,50.8,22.59,72.32,52.68,33.41,completed
CHG0002563,EV000323,ST001,2025-12-18T06:00:00Z,54.1,10.98,84.25,60.76,39.22,completed
CHG0002564,EV000415,ST003,2025-12-18T09:00:00Z,37.3,27.33,92.86,49.02,43.29,completed
CHG0002565,EV000207,ST002,2025-12-18T12:00:00Z,48.6,28.91,80.8,58.49,39.69,completed
CHG0002566,EV000468,ST002,2025-12-18T15:00:00Z,34.2,18.77,91.22,49.8,50.14,completed
CHG0002567,EV000075,ST001,2025-12-18T18:00:00Z,90.7,11.79,74.26,45.98,39.4,completed
CHG0002568,EV000171,ST004,2025-12-18T21:00:00Z,46.8,32.03,73.54,55.64,39.3,completed
CHG0002569,EV000395,ST002,2025-12-19T00:00:00Z,38.9,15.2,83.87,57.94,53.75,completed
CHG0002570,EV000018,ST001,2025-12-19T03:00:00Z,43.4,13.88,83.5,44.02,39.2,completed
CHG0002571,EV000030,ST003,2025-12-19T06:00:00Z,44.9,22.38,83.15,64.15,34.05,completed
CHG0002572,EV000174,ST003,2025-12-19T09:00:00Z,53.5,32.87,87.16,40.4,44.14,completed
CHG0002573,EV000028,ST001,2025-12-19T12:00:00Z,43.8,13.07,77.05,39.85,34.78,completed
CHG0002574,EV000139,ST003,2025-12-19T15:00:00Z,43.5,43.55,93.18,52.54,28.89,completed
CHG0002575,EV000268,ST003,2025-12-19T18:00:00Z,32.3,29.22,89.04,64.87,40.56,completed
CHG0002576,EV000244,ST001,2025-12-19T21:00:00Z,33.3,36.92,95.99,56.39,33.35,completed
CHG0002577,EV000383,ST003,2025-12-20T00:00:00Z,47.4,44.16,83.97,55.34,30.08,completed
CHG0002578,EV000488,ST001,2025-12-20T03:00:00Z,39.0,39.73,84.91,47.9,34.99,completed
CHG0002579,EV000236,ST001,2025-12-20T06:00:00Z,53.7,34.77,77.26,57.76,39.38,completed
CHG0002580,EV000161,ST002,2025-12-20T09:00:00Z,45.8,20.88,76.75,58.7,38.99,completed
CHG0002581,EV000149,ST002,2025-12-20T12:00:00Z,41.3,13.21,97.19,59.86,38.58,completed
CHG0002582,EV000238,ST001,2025-12-20T15:00:00Z,39.5,19.72,92.21,43.16,53.56,completed
CHG0002583,EV000435,ST003,2025-12-20T18:00:00Z,51.6,34.8,71.2,67.37,33.53,completed
CHG0002584,EV000393,ST001,2025-12-20T21:00:00Z,45.2,40.86,85.87,55.32,42.04,completed
CHG0002585,EV000126,ST004,2025-12-21T00:00:00Z,53.6,36.98,71.5,66.96,44.89,completed
CHG0002586,EV000289,ST001,2025-12-21T03:00:00Z,50.5,20.43,91.12,63.11,35.0,completed
CHG0002587,EV000065,ST001,2025-12-21T06:00:00Z,87.1,41.48,86.99,56.5,44.05,completed
CHG0002588,EV000140,ST002,2025-12-21T09:00:00Z,30.5,24.53,97.02,58.31,54.77,completed
CHG0002589,EV000248,ST002,2025-12-21T12:00:00Z,59.8,35.81,95.14,51.83,47.37,completed
CHG0002590,EV000181,ST001,2025-12-21T15:00:00Z,50.3,43.66,71.76,47.62,52.77,completed
CHG0002591,EV000089,ST003,2025-12-21T18:00:00Z,53.1,25.88,83.6,66.4,34.14,completed
CHG0002592,EV000014,ST002,2025-12-21T21:00:00Z,42.1,15.0,79.5,55.91,34.74,completed
CHG0002593,EV000345,ST003,2025-12-22T00:00:00Z,46.5,24.87,85.34,51.85,37.1,completed
CHG0002594,EV000184,ST004,2025-12-22T03:00:00Z,61.7,38.31,95.63,41.02,35.44,completed
CHG0002595,EV000449,ST003,2025-12-22T06:00:00Z,49.5,16.5,84.49,40.39,53.5,completed
CHG0002596,EV000147,ST002,2025-12-22T09:00:00Z,45.7,22.33,95.77,60.22,40.95,completed
CHG0002597,EV000291,ST001,2025-12-22T12:00:00Z,49.6,37.41,78.09,56.99,31.25,completed
CHG0002598,EV000076,ST004,2025-12-22T15:00:00Z,62.4,24.44,97.19,76.13,49.01,completed
CHG0002599,EV000136,ST001,2025-12-22T18:00:00Z,54.2,20.07,90.25,47.67,59.43,completed
CHG0002600,EV000494,ST004,2025-12-22T21:00:00Z,41.3,37.31,86.17,47.51,56.43,completed
CHG0002601,EV000076,ST004,2025-12-23T00:00:00Z,44.9,28.13,81.48,41.3,47.17,completed
CHG0002602,EV000274,ST001,2025-12-23T03:00:00Z,39.9,44.17,75.14,48.17,32.3,completed
CHG0002603,EV000281,ST002,2025-12-23T06:00:00Z,56.0,38.66,95.3,54.87,39.3,completed
CHG0002604,EV000367,ST001,2025-12-23T09:00:00Z,97.7,19.26,75.82,57.64,31.96,completed
CHG0002605,EV000498,ST002,2025-12-23T12:00:00Z,52.7,22.31,82.6,59.42,43.38,completed
CHG0002606,EV000437,ST002,2025-12-23T15:00:00Z,38.3,21.46,94.53,45.42,37.02,completed
CHG0002607,EV000015,ST002,2025-12-23T18:00:00Z,49.9,29.27,94.14,47.9,40.04,completed
CHG0002608,EV000447,ST003,2025-12-23T21:00:00Z,42.0,16.33,80.87,56.21,34.01,completed
CHG0002609,EV000311,ST002,2025-12-24T00:00:00Z,48.3,18.22,74.85,47.26,38.02,completed
CHG0002610,EV000362,ST002,2025-12-24T03:00:00Z,44.4,24.5,89.56,70.22,36.89,completed
CHG0002611,EV000030,ST003,2025-12-24T06:00:00Z,39.9,38.05,74.27,49.28,39.19,completed
CHG0002612,EV000372,ST003,2025-12-24T09:00:00Z,51.9,21.88,71.62,53.5,38.54,completed
CHG0002613,EV000362,ST004,2025-12-24T12:00:00Z,62.6,28.8,70.45,48.37,43.46,completed
CHG0002614,EV000389,ST004,2025-12-24T15:00:00Z,38.3,36.46,78.22,72.11,41.43,completed
CHG0002615,EV000438,ST001,2025-12-24T18:00:00Z,51.5,27.82,91.72,48.44,37.32,completed
CHG0002616,EV000251,ST002,2025-12-24T21:00:00Z,47.8,13.87,85.32,50.7,38.02,completed
CHG0002617,EV000216,ST001,2025-12-25T00:00:00Z,34.6,41.71,96.79,62.9,42.45,completed
CHG0002618,EV000147,ST002,2025-12-25T03:00:00Z,52.6,22.42,89.96,62.63,45.52,completed
CHG0002619,EV000243,ST004,2025-12-25T06:00:00Z,57.3,17.54,74.44,57.85,34.73,completed
CHG0002620,EV000281,ST003,2025-12-25T09:00:00Z,37.9,26.5,92.82,65.16,33.59,completed
CHG0002621,EV000004,ST004,2025-12-25T12:00:00Z,49.2,40.28,77.21,55.02,32.89,completed
CHG0002622,EV000427,ST001,2025-12-25T15:00:00Z,29.2,28.62,81.63,56.05,40.69,completed
CHG0002623,EV000248,ST004,2025-12-25T18:00:00Z,56.4,28.36,82.67,58.08,36.46,completed
CHG0002624,EV000304,ST004,2025-12-25T21:00:00Z,48.4,20.23,84.3,58.17,34.45,completed
CHG0002625,EV000295,ST003,2025-12-26T00:00:00Z,63.4,44.58,79.72,65.58,39.56,completed
CHG0002626,EV000486,ST003,2025-12-26T03:00:00Z,45.0,12.39,90.41,74.33,45.06,completed
CHG0002627,EV000099,ST004,2025-12-26T06:00:00Z,61.3,32.44,91.93,54.73,41.83,completed
CHG0002628,EV000157,ST002,2025-12-26T09:00:00Z,40.4,10.64,88.43,49.5,37.86,completed
CHG0002629,EV000264,ST003,2025-12-26T12:00:00Z,46.5,20.7,71.16,53.04,36.6,completed
CHG0002630,EV000117,ST004,2025-12-26T15:00:00Z,61.4,28.87,83.77,68.11,45.28,completed
CHG0002631,EV000027,ST001,2025-12-26T18:00:00Z,48.7,32.17,75.74,59.16,39.95,completed
CHG0002632,EV000172,ST001,2025-12-26T21:00:00Z,36.3,35.03,96.54,52.95,34.51,completed
CHG0002633,EV000061,ST001,2025-12-27T00:00:00Z,36.9,21.95,75.42,57.79,37.29,completed
CHG0002634,EV000406,ST003,2025-12-27T03:00:00Z,56.8,35.82,73.36,53.57,52.28,completed
CHG0002635,EV000460,ST003,2025-12-27T06:00:00Z,60.9,19.62,87.01,63.96,38.51,completed
CHG0002636,EV000449,ST001,2025-12-27T09:00:00Z,61.3,33.96,77.15,54.08,50.89,completed
CHG0002637,EV000048,ST004,2025-12-27T12:00:00Z,45.7,29.8,82.94,69.36,41.93,completed
CHG0002638,EV000120,ST002,2025-12-27T15:00:00Z,50.2,24.33,76.85,43.01,36.47,completed
CHG0002639,EV000143,ST003,2025-12-27T18:00:00Z,45.7,31.01,81.59,50.32,34.26,completed
CHG0002640,EV000151,ST001,2025-12-27T21:00:00Z,94.8,26.02,79.97,55.34,36.42,completed
CHG0002641,EV000384,ST001,2025-12-28T00:00:00Z,44.8,25.53,74.08,59.25,35.52,completed
CHG0002642,EV000267,ST003,2025-12-28T03:00:00Z,38.9,17.23,83.92,58.14,36.55,completed
CHG0002643,EV000412,ST004,2025-12-28T06:00:00Z,100.6,42.09,78.81,39.77,33.36,completed
CHG0002644,EV000492,ST001,2025-12-28T09:00:00Z,34.8,23.98,88.85,58.08,39.27,completed
CHG0002645,EV000241,ST003,2025-12-28T12:00:00Z,53.1,15.29,85.71,44.34,41.58,completed
CHG0002646,EV000396,ST003,2025-12-28T15:00:00Z,49.9,22.33,93.25,49.24,51.72,completed
CHG0002647,EV000124,ST004,2025-12-28T18:00:00Z,44.0,17.11,85.86,67.51,40.82,completed
CHG0002648,EV000219,ST001,2025-12-28T21:00:00Z,57.3,32.83,81.54,54.76,39.8,completed
CHG0002649,EV000179,ST002,2025-12-29T00:00:00Z,39.5,31.78,83.54,54.28,37.68,completed
CHG0002650,EV000466,ST004,2025-12-29T03:00:00Z,48.9,10.0,91.4,38.29,35.49,completed
CHG0002651,EV000089,ST002,2025-12-29T06:00:00Z,45.8,39.56,79.98,45.65,31.31,completed
CHG0002652,EV000236,ST003,2025-12-29T09:00:00Z,51.8,20.69,91.41,67.01,38.26,completed
CHG0002653,EV000318,ST001,2025-12-29T12:00:00Z,49.1,43.57,74.0,64.76,33.13,completed
CHG0002654,EV000273,ST003,2025-12-29T15:00:00Z,42.1,30.64,80.83,63.55,32.51,completed
CHG0002655,EV000342,ST001,2025-12-29T18:00:00Z,108.4,37.63,93.96,55.7,35.8,completed
CHG0002656,EV000145,ST003,2025-12-29T21:00:00Z,35.3,18.1,78.28,51.74,39.87,completed
CHG0002657,EV000313,ST002,2025-12-30T00:00:00Z,34.0,33.36,93.9,62.06,30.18,completed
CHG0002658,EV000064,ST004,2025-12-30T03:00:00Z,44.0,15.11,79.84,49.6,37.93,completed
CHG0002659,EV000203,ST002,2025-12-30T06:00:00Z,54.5,23.06,85.56,55.67,36.39,completed
CHG0002660,EV000251,ST003,2025-12-30T09:00:00Z,48.7,39.78,81.91,64.51,41.99,completed
CHG0002661,EV000351,ST001,2025-12-30T12:00:00Z,50.9,41.4,73.84,46.56,38.78,completed
CHG0002662,EV000285,ST003,2025-12-30T15:00:00Z,98.4,18.18,71.98,51.17,37.65,completed
CHG0002663,EV000311,ST004,2025-12-30T18:00:00Z,47.8,14.19,83.08,48.07,41.76,completed
CHG0002664,EV000394,ST003,2025-12-30T21:00:00Z,48.6,43.92,94.45,48.87,35.44,completed
CHG0002665,EV000359,ST003,2025-12-31T00:00:00Z,36.3,16.07,89.91,51.16,35.99,completed
CHG0002666,EV000094,ST004,2025-12-31T03:00:00Z,36.8,27.06,87.05,61.69,37.42,completed
CHG0002667,EV000003,ST002,2025-12-31T06:00:00Z,52.1,38.27,85.46,84.39,33.72,completed
CHG0002668,EV000484,ST002,2025-12-31T09:00:00Z,38.3,31.58,90.27,50.48,39.56,completed
CHG0002669,EV000215,ST003,2025-12-31T12:00:00Z,48.5,26.63,82.32,57.6,36.39,completed
CHG0002670,EV000125,ST001,2025-12-31T15:00:00Z,61.0,40.92,80.86,55.31,40.27,completed
CHG0002671,EV000069,ST001,2025-12-31T18:00:00Z,31.2,24.46,91.85,42.64,38.93,completed
CHG0002672,EV000125,ST001,2025-12-31T21:00:00Z,54.7,43.43,77.1,53.08,41.75,completed
CHG0002673,EV000032,ST002,2026-01-01T00:00:00Z,74.7,30.8,94.6,68.5,34.76,completed
CHG0002674,EV000373,ST003,2026-01-01T03:00:00Z,93.6,42.25,93.33,68.23,35.42,completed
CHG0002675,EV000087,ST002,2026-01-01T06:00:00Z,43.6,40.67,94.04,58.16,32.47,completed
CHG0002676,EV000080,ST003,2026-01-01T09:00:00Z,48.7,41.2,73.4,61.07,44.15,completed
CHG0002677,EV000458,ST002,2026-01-01T12:00:00Z,48.4,15.7,97.05,56.77,38.04,completed
CHG0002678,EV000125,ST003,2026-01-01T15:00:00Z,45.7,22.46,90.5,70.3,45.29,completed
CHG0002679,EV000156,ST002,2026-01-01T18:00:00Z,51.7,37.48,92.28,53.29,36.49,completed
CHG0002680,EV000003,ST003,2026-01-01T21:00:00Z,39.6,12.07,81.01,43.02,37.32,completed
CHG0002681,EV000283,ST001,2026-01-02T00:00:00Z,47.2,38.97,70.85,78.37,38.61,completed
CHG0002682,EV000481,ST003,2026-01-02T03:00:00Z,41.8,19.16,85.65,67.63,40.71,completed
CHG0002683,EV000027,ST004,2026-01-02T06:00:00Z,39.2,32.43,79.97,35.38,38.17,completed
CHG0002684,EV000406,ST001,2026-01-02T09:00:00Z,49.3,41.19,72.93,69.06,49.5,completed
CHG0002685,EV000363,ST003,2026-01-02T12:00:00Z,56.6,28.98,93.93,49.07,40.57,completed
CHG0002686,EV000054,ST002,2026-01-02T15:00:00Z,36.5,41.78,95.36,40.57,33.43,completed
CHG0002687,EV000283,ST001,2026-01-02T18:00:00Z,42.3,33.78,73.51,55.69,31.57,completed
CHG0002688,EV000106,ST002,2026-01-02T21:00:00Z,37.0,13.89,71.14,56.23,39.27,completed
CHG0002689,EV000116,ST002,2026-01-03T00:00:00Z,53.2,26.97,81.36,56.56,34.01,completed
CHG0002690,EV000430,ST002,2026-01-03T03:00:00Z,103.3,38.17,79.24,51.73,34.35,completed
CHG0002691,EV000469,ST004,2026-01-03T06:00:00Z,45.0,37.25,92.64,53.32,45.66,completed
CHG0002692,EV000458,ST001,2026-01-03T09:00:00Z,46.6,25.83,91.72,58.24,33.94,completed
CHG0002693,EV000445,ST003,2026-01-03T12:00:00Z,35.7,43.51,71.7,54.7,41.8,completed
CHG0002694,EV000158,ST002,2026-01-03T15:00:00Z,54.1,29.08,81.09,60.75,28.22,completed
CHG0002695,EV000013,ST001,2026-01-03T18:00:00Z,37.2,25.21,78.62,50.78,47.97,completed
CHG0002696,EV000162,ST002,2026-01-03T21:00:00Z,30.8,33.65,81.88,60.14,37.92,completed
CHG0002697,EV000475,ST003,2026-01-04T00:00:00Z,51.4,30.08,91.07,67.43,42.66,completed
CHG0002698,EV000159,ST002,2026-01-04T03:00:00Z,36.3,42.71,97.97,41.82,45.67,completed
CHG0002699,EV000150,ST003,2026-01-04T06:00:00Z,57.1,25.14,87.38,44.89,41.88,completed
CHG0002700,EV000389,ST001,2026-01-04T09:00:00Z,56.8,15.66,83.95,36.44,32.47,completed
CHG0002701,EV000184,ST003,2026-01-04T12:00:00Z,48.3,26.41,93.12,54.39,41.55,completed
CHG0002702,EV000381,ST002,2026-01-04T15:00:00Z,42.7,14.9,96.33,60.69,37.18,completed
CHG0002703,EV000337,ST004,2026-01-04T18:00:00Z,86.8,33.47,87.81,57.61,32.01,completed
CHG0002704,EV000494,ST002,2026-01-04T21:00:00Z,47.5,33.85,80.57,60.2,53.12,completed
CHG0002705,EV000204,ST004,2026-01-05T00:00:00Z,47.6,31.6,87.92,56.79,43.27,completed
CHG0002706,EV000040,ST001,2026-01-05T03:00:00Z,37.5,27.17,77.39,38.84,32.56,completed
CHG0002707,EV000191,ST001,2026-01-05T06:00:00Z,51.3,21.94,93.12,70.58,35.54,completed
CHG0002708,EV000023,ST001,2026-01-05T09:00:00Z,54.2,36.91,96.87,62.58,50.01,completed
CHG0002709,EV000244,ST001,2026-01-05T12:00:00Z,38.6,14.61,76.2,59.09,37.82,completed
CHG0002710,EV000462,ST003,2026-01-05T15:00:00Z,49.9,35.45,85.93,61.03,35.56,completed
CHG0002711,EV000386,ST002,2026-01-05T18:00:00Z,37.2,24.01,94.54,53.88,32.54,completed
CHG0002712,EV000436,ST001,2026-01-05T21:00:00Z,52.4,40.83,88.85,61.89,39.16,completed
CHG0002713,EV000457,ST003,2026-01-06T00:00:00Z,96.4,24.19,90.71,67.54,40.63,completed
CHG0002714,EV000310,ST004,2026-01-06T03:00:00Z,51.6,31.84,80.08,45.75,32.02,completed
CHG0002715,EV000199,ST003,2026-01-06T06:00:00Z,54.3,29.56,72.67,34.78,35.75,completed
CHG0002716,EV000422,ST004,2026-01-06T09:00:00Z,38.1,43.93,72.38,48.03,38.95,completed
CHG0002717,EV000212,ST004,2026-01-06T12:00:00Z,54.5,19.05,96.43,68.03,38.88,completed
CHG0002718,EV000301,ST002,2026-01-06T15:00:00Z,50.9,37.05,73.84,30.13,35.06,completed
CHG0002719,EV000041,ST003,2026-01-06T18:00:00Z,37.2,39.54,89.17,54.86,51.44,completed
CHG0002720,EV000371,ST003,2026-01-06T21:00:00Z,51.2,18.01,73.94,50.3,39.46,completed
CHG0002721,EV000428,ST004,2026-01-07T00:00:00Z,46.6,37.21,92.67,66.17,44.15,completed
CHG0002722,EV000470,ST004,2026-01-07T03:00:00Z,40.7,21.37,88.03,56.82,44.79,completed
CHG0002723,EV000348,ST001,2026-01-07T06:00:00Z,46.5,44.84,74.75,50.77,38.83,completed
CHG0002724,EV000401,ST001,2026-01-07T09:00:00Z,41.7,29.65,78.3,54.52,39.86,completed
CHG0002725,EV000115,ST002,2026-01-07T12:00:00Z,42.3,34.86,97.42,53.63,37.57,completed
CHG0002726,EV000498,ST001,2026-01-07T15:00:00Z,57.6,36.03,71.31,56.72,41.58,completed
CHG0002727,EV000090,ST001,2026-01-07T18:00:00Z,105.8,27.03,70.02,45.11,35.53,completed
CHG0002728,EV000072,ST004,2026-01-07T21:00:00Z,47.1,34.01,83.55,43.23,37.81,completed
CHG0002729,EV000035,ST002,2026-01-08T00:00:00Z,52.8,44.37,86.71,58.76,45.34,completed
CHG0002730,EV000396,ST002,2026-01-08T03:00:00Z,41.7,25.09,89.09,59.07,53.48,completed
CHG0002731,EV000154,ST001,2026-01-08T06:00:00Z,51.0,40.73,85.76,51.78,39.82,completed
CHG0002732,EV000477,ST001,2026-01-08T09:00:00Z,96.3,30.97,97.07,63.86,35.18,completed
CHG0002733,EV000187,ST003,2026-01-08T12:00:00Z,45.9,43.77,94.7,61.15,43.62,completed
CHG0002734,EV000228,ST004,2026-01-08T15:00:00Z,43.7,14.9,71.19,56.64,40.72,completed
CHG0002735,EV000305,ST004,2026-01-08T18:00:00Z,57.1,23.98,83.67,50.12,43.22,completed
CHG0002736,EV000356,ST001,2026-01-08T21:00:00Z,55.6,34.96,91.88,63.16,47.26,completed
CHG0002737,EV000443,ST004,2026-01-09T00:00:00Z,53.5,23.75,95.06,45.58,38.72,completed
CHG0002738,EV000135,ST003,2026-01-09T03:00:00Z,39.3,41.16,86.09,51.16,33.63,completed
CHG0002739,EV000379,ST003,2026-01-09T06:00:00Z,62.2,34.85,72.17,40.02,47.3,completed
CHG0002740,EV000303,ST001,2026-01-09T09:00:00Z,35.3,23.33,96.84,65.93,40.26,completed
CHG0002741,EV000054,ST002,2026-01-09T12:00:00Z,58.2,36.73,81.45,53.86,34.66,completed
CHG0002742,EV000333,ST002,2026-01-09T15:00:00Z,58.3,43.6,94.31,62.42,38.0,completed
CHG0002743,EV000470,ST001,2026-01-09T18:00:00Z,48.2,17.73,81.18,55.32,37.62,completed
CHG0002744,EV000087,ST002,2026-01-09T21:00:00Z,57.0,25.25,79.74,51.9,41.58,completed
CHG0002745,EV000350,ST003,2026-01-10T00:00:00Z,36.9,12.54,73.32,46.55,40.68,completed
CHG0002746,EV000458,ST002,2026-01-10T03:00:00Z,57.9,11.65,90.55,69.56,38.34,completed
CHG0002747,EV000293,ST001,2026-01-10T06:00:00Z,112.2,40.94,83.62,46.26,34.85,completed
CHG0002748,EV000136,ST001,2026-01-10T09:00:00Z,47.9,43.45,97.41,50.04,48.34,completed
CHG0002749,EV000333,ST002,2026-01-10T12:00:00Z,45.1,31.6,80.82,49.96,32.6,completed
CHG0002750,EV000278,ST004,2026-01-10T15:00:00Z,38.0,21.59,85.39,72.02,36.4,completed
CHG0002751,EV000337,ST004,2026-01-10T18:00:00Z,91.4,33.86,84.53,71.33,35.41,completed
CHG0002752,EV000146,ST003,2026-01-10T21:00:00Z,54.0,12.21,97.66,40.67,33.38,completed
CHG0002753,EV000269,ST001,2026-01-11T00:00:00Z,87.8,41.27,88.89,50.41,36.58,completed
CHG0002754,EV000308,ST004,2026-01-11T03:00:00Z,57.1,39.11,78.79,56.51,34.2,completed
CHG0002755,EV000449,ST004,2026-01-11T06:00:00Z,44.8,18.19,84.29,66.3,46.97,completed
CHG0002756,EV000459,ST001,2026-01-11T09:00:00Z,51.0,44.63,88.02,39.0,35.93,completed
CHG0002757,EV000441,ST003,2026-01-11T12:00:00Z,43.3,39.24,72.79,55.98,53.24,completed
CHG0002758,EV000079,ST001,2026-01-11T15:00:00Z,55.2,17.02,71.02,48.26,38.79,completed
CHG0002759,EV000434,ST004,2026-01-11T18:00:00Z,61.3,13.85,84.0,65.19,32.92,completed
CHG0002760,EV000408,ST002,2026-01-11T21:00:00Z,49.0,41.33,89.76,52.0,42.52,completed
CHG0002761,EV000008,ST002,2026-01-12T00:00:00Z,60.2,28.01,74.33,64.44,39.84,completed
CHG0002762,EV000111,ST001,2026-01-12T03:00:00Z,53.0,16.56,96.55,61.19,49.17,completed
CHG0002763,EV000173,ST003,2026-01-12T06:00:00Z,56.9,19.07,97.55,67.15,40.14,completed
CHG0002764,EV000476,ST003,2026-01-12T09:00:00Z,110.3,38.72,91.95,65.99,35.09,completed
CHG0002765,EV000218,ST004,2026-01-12T12:00:00Z,81.4,42.75,96.44,53.44,41.04,completed
CHG0002766,EV000082,ST003,2026-01-12T15:00:00Z,43.8,44.8,72.13,55.29,50.93,completed
CHG0002767,EV000310,ST001,2026-01-12T18:00:00Z,60.1,22.34,73.33,45.71,36.74,completed
CHG0002768,EV000331,ST002,2026-01-12T21:00:00Z,52.1,42.72,73.34,50.71,42.48,completed
CHG0002769,EV000076,ST002,2026-01-13T00:00:00Z,48.2,43.57,88.47,33.53,49.01,completed
CHG0002770,EV000407,ST001,2026-01-13T03:00:00Z,48.0,31.97,85.99,52.11,36.07,completed
CHG0002771,EV000031,ST002,2026-01-13T06:00:00Z,58.1,20.22,88.37,33.34,41.43,completed
CHG0002772,EV000230,ST004,2026-01-13T09:00:00Z,96.7,12.41,89.21,66.67,33.73,completed
CHG0002773,EV000050,ST002,2026-01-13T12:00:00Z,53.3,20.54,73.22,51.51,39.91,completed
CHG0002774,EV000411,ST003,2026-01-13T15:00:00Z,56.4,16.5,77.14,48.1,39.87,completed
CHG0002775,EV000150,ST001,2026-01-13T18:00:00Z,43.7,14.02,81.21,63.1,43.78,completed
CHG0002776,EV000024,ST004,2026-01-13T21:00:00Z,43.4,30.19,73.46,48.8,36.62,completed
CHG0002777,EV000350,ST001,2026-01-14T00:00:00Z,46.1,29.72,82.96,47.66,40.08,completed
CHG0002778,EV000471,ST004,2026-01-14T03:00:00Z,54.0,37.86,70.65,48.16,33.52,completed
CHG0002779,EV000064,ST003,2026-01-14T06:00:00Z,52.1,13.91,84.71,55.44,41.17,completed
CHG0002780,EV000259,ST004,2026-01-14T09:00:00Z,53.4,20.6,85.6,58.77,38.05,completed
CHG0002781,EV000375,ST001,2026-01-14T12:00:00Z,55.7,39.04,97.36,69.05,33.19,completed
CHG0002782,EV000347,ST001,2026-01-14T15:00:00Z,37.7,35.1,78.15,55.51,36.62,completed
CHG0002783,EV000150,ST003,2026-01-14T18:00:00Z,51.5,21.27,96.2,45.63,39.69,completed
CHG0002784,EV000284,ST004,2026-01-14T21:00:00Z,48.3,43.4,80.96,43.46,46.76,completed
CHG0002785,EV000485,ST003,2026-01-15T00:00:00Z,34.6,15.51,92.04,67.01,34.23,completed
CHG0002786,EV000379,ST001,2026-01-15T03:00:00Z,56.9,18.05,90.77,45.32,41.33,completed
CHG0002787,EV000149,ST001,2026-01-15T06:00:00Z,47.2,10.32,93.91,65.22,43.55,completed
CHG0002788,EV000220,ST001,2026-01-15T09:00:00Z,59.1,19.05,90.3,61.32,33.18,completed
CHG0002789,EV000380,ST004,2026-01-15T12:00:00Z,66.2,39.0,90.59,37.75,50.9,completed
CHG0002790,EV000388,ST001,2026-01-15T15:00:00Z,41.9,44.71,91.28,50.97,39.95,completed
CHG0002791,EV000484,ST002,2026-01-15T18:00:00Z,32.3,28.84,74.3,61.88,39.33,completed
CHG0002792,EV000119,ST002,2026-01-15T21:00:00Z,46.6,11.66,75.6,59.18,31.6,completed
CHG0002793,EV000036,ST002,2026-01-16T00:00:00Z,42.5,24.67,73.97,48.47,37.12,completed
CHG0002794,EV000301,ST002,2026-01-16T03:00:00Z,61.9,31.61,82.09,58.98,34.5,completed
CHG0002795,EV000169,ST003,2026-01-16T06:00:00Z,35.0,35.28,72.45,59.49,36.59,completed
CHG0002796,EV000232,ST002,2026-01-16T09:00:00Z,50.3,15.17,88.62,71.29,35.55,completed
CHG0002797,EV000388,ST002,2026-01-16T12:00:00Z,58.7,43.48,88.71,52.44,38.79,completed
CHG0002798,EV000335,ST001,2026-01-16T15:00:00Z,37.7,15.25,73.31,59.63,53.74,completed
CHG0002799,EV000169,ST002,2026-01-16T18:00:00Z,42.4,41.84,89.68,51.39,36.69,completed
CHG0002800,EV000367,ST004,2026-01-16T21:00:00Z,86.2,22.71,75.7,53.93,39.72,completed
CHG0002801,EV000446,ST002,2026-01-17T00:00:00Z,52.6,18.28,80.83,75.99,35.52,completed
CHG0002802,EV000415,ST004,2026-01-17T03:00:00Z,44.9,29.65,88.96,41.33,41.4,completed
CHG0002803,EV000069,ST003,2026-01-17T06:00:00Z,52.0,37.3,79.14,60.46,37.26,completed
CHG0002804,EV000496,ST003,2026-01-17T09:00:00Z,60.9,28.25,73.99,66.26,37.84,completed
CHG0002805,EV000082,ST003,2026-01-17T12:00:00Z,48.2,21.43,70.69,55.52,54.24,completed
CHG0002806,EV000467,ST003,2026-01-17T15:00:00Z,40.6,17.06,75.08,56.75,35.36,completed
CHG0002807,EV000319,ST002,2026-01-17T18:00:00Z,58.6,22.26,74.66,58.53,30.81,completed
CHG0002808,EV000046,ST003,2026-01-17T21:00:00Z,34.6,42.02,96.36,57.74,44.33,completed
CHG0002809,EV000144,ST001,2026-01-18T00:00:00Z,41.6,32.22,85.1,56.12,36.71,completed
CHG0002810,EV000486,ST003,2026-01-18T03:00:00Z,39.9,22.67,82.32,63.46,38.91,completed
CHG0002811,EV000006,ST004,2026-01-18T06:00:00Z,44.2,30.14,71.05,63.9,41.74,completed
CHG0002812,EV000127,ST001,2026-01-18T09:00:00Z,40.4,24.09,78.71,52.98,44.68,completed
CHG0002813,EV000128,ST003,2026-01-18T12:00:00Z,49.0,34.05,96.72,49.11,31.52,completed
CHG0002814,EV000186,ST001,2026-01-18T15:00:00Z,68.3,44.29,70.79,50.01,49.68,completed
CHG0002815,EV000071,ST003,2026-01-18T18:00:00Z,29.8,28.85,86.01,44.57,36.74,completed
CHG0002816,EV000113,ST001,2026-01-18T21:00:00Z,54.1,27.43,81.94,65.41,52.92,completed
CHG0002817,EV000316,ST002,2026-01-19T00:00:00Z,45.9,20.26,81.34,58.61,36.27,completed
CHG0002818,EV000106,ST003,2026-01-19T03:00:00Z,51.1,27.32,75.65,54.79,30.59,completed
CHG0002819,EV000157,ST004,2026-01-19T06:00:00Z,43.2,32.61,85.43,53.16,39.84,completed
CHG0002820,EV000311,ST003,2026-01-19T09:00:00Z,52.0,20.07,85.68,29.03,42.22,completed
CHG0002821,EV000485,ST003,2026-01-19T12:00:00Z,35.1,37.84,89.41,58.8,27.53,completed
CHG0002822,EV000465,ST002,2026-01-19T15:00:00Z,46.1,38.4,90.95,63.17,40.87,completed
CHG0002823,EV000054,ST001,2026-01-19T18:00:00Z,41.8,43.0,70.01,54.07,38.56,completed
CHG0002824,EV000160,ST001,2026-01-19T21:00:00Z,50.6,30.27,72.42,53.3,39.36,completed
CHG0002825,EV000258,ST004,2026-01-20T00:00:00Z,53.6,20.47,88.11,53.68,36.19,completed
CHG0002826,EV000295,ST002,2026-01-20T03:00:00Z,38.1,17.71,87.17,53.72,36.15,completed
CHG0002827,EV000470,ST001,2026-01-20T06:00:00Z,48.4,38.36,72.12,55.29,37.19,completed
CHG0002828,EV000447,ST003,2026-01-20T09:00:00Z,60.6,40.62,73.33,47.43,34.88,completed
CHG0002829,EV000351,ST001,2026-01-20T12:00:00Z,57.6,11.57,83.72,55.19,44.32,completed
CHG0002830,EV000217,ST004,2026-01-20T15:00:00Z,58.5,28.6,81.81,60.44,41.35,completed
CHG0002831,EV000224,ST001,2026-01-20T18:00:00Z,33.8,19.8,97.73,68.51,38.84,completed
CHG0002832,EV000330,ST003,2026-01-20T21:00:00Z,49.2,23.01,79.38,51.78,34.4,completed
CHG0002833,EV000174,ST002,2026-01-21T00:00:00Z,45.6,38.75,71.54,58.22,35.55,completed
CHG0002834,EV000477,ST001,2026-01-21T03:00:00Z,85.9,20.14,92.91,39.63,38.93,completed
CHG0002835,EV000435,ST004,2026-01-21T06:00:00Z,49.0,24.67,82.77,54.6,29.35,completed
CHG0002836,EV000499,ST004,2026-01-21T09:00:00Z,55.6,25.04,76.53,36.13,44.17,completed
CHG0002837,EV000302,ST003,2026-01-21T12:00:00Z,31.1,38.66,84.89,56.85,32.5,completed
CHG0002838,EV000242,ST002,2026-01-21T15:00:00Z,58.7,44.33,85.95,54.43,36.04,completed
CHG0002839,EV000497,ST004,2026-01-21T18:00:00Z,56.5,26.29,88.31,43.11,30.54,completed
CHG0002840,EV000430,ST003,2026-01-21T21:00:00Z,88.7,13.35,88.02,63.06,40.84,completed
CHG0002841,EV000367,ST003,2026-01-22T00:00:00Z,96.4,28.42,77.29,51.7,42.54,completed
CHG0002842,EV000488,ST003,2026-01-22T03:00:00Z,41.4,16.83,77.89,37.69,36.63,completed
CHG0002843,EV000042,ST003,2026-01-22T06:00:00Z,43.9,22.89,89.18,46.05,42.65,completed
CHG0002844,EV000018,ST002,2026-01-22T09:00:00Z,43.3,16.73,76.53,62.14,37.79,completed
CHG0002845,EV000159,ST004,2026-01-22T12:00:00Z,39.6,31.71,85.43,66.75,44.15,completed
CHG0002846,EV000368,ST002,2026-01-22T15:00:00Z,48.5,23.23,78.67,61.28,40.02,completed
CHG0002847,EV000407,ST002,2026-01-22T18:00:00Z,39.1,11.4,96.68,49.92,47.83,completed
CHG0002848,EV000035,ST002,2026-01-22T21:00:00Z,38.1,20.86,86.86,63.77,34.72,completed
CHG0002849,EV000292,ST002,2026-01-23T00:00:00Z,46.5,33.4,73.5,59.88,33.25,completed
CHG0002850,EV000158,ST004,2026-01-23T03:00:00Z,58.3,43.67,84.5,59.65,39.7,completed
CHG0002851,EV000165,ST003,2026-01-23T06:00:00Z,56.0,38.05,95.35,58.15,39.81,completed
CHG0002852,EV000054,ST001,2026-01-23T09:00:00Z,38.8,25.48,76.89,64.11,41.33,completed
CHG0002853,EV000012,ST002,2026-01-23T12:00:00Z,95.7,10.84,89.79,60.81,41.19,completed
CHG0002854,EV000321,ST002,2026-01-23T15:00:00Z,103.6,44.95,70.04,53.97,36.22,completed
CHG0002855,EV000344,ST002,2026-01-23T18:00:00Z,40.6,21.33,77.21,55.35,51.15,completed
CHG0002856,EV000409,ST003,2026-01-23T21:00:00Z,60.3,10.35,95.86,56.77,39.56,completed
CHG0002857,EV000093,ST003,2026-01-24T00:00:00Z,37.0,22.89,88.37,55.33,35.28,completed
CHG0002858,EV000290,ST002,2026-01-24T03:00:00Z,40.7,34.2,90.16,53.12,37.11,completed
CHG0002859,EV000254,ST004,2026-01-24T06:00:00Z,97.8,10.8,90.57,51.71,40.86,completed
CHG0002860,EV000133,ST002,2026-01-24T09:00:00Z,34.6,26.94,93.94,78.7,35.42,completed
CHG0002861,EV000300,ST004,2026-01-24T12:00:00Z,45.2,13.44,74.99,57.24,53.92,completed
CHG0002862,EV000013,ST001,2026-01-24T15:00:00Z,41.4,37.16,84.27,57.61,51.17,completed
CHG0002863,EV000301,ST002,2026-01-24T18:00:00Z,42.4,36.98,87.66,46.21,33.88,completed
CHG0002864,EV000166,ST003,2026-01-24T21:00:00Z,48.7,26.55,87.79,67.98,39.52,completed
CHG0002865,EV000230,ST003,2026-01-25T00:00:00Z,109.6,39.17,88.44,40.23,29.16,completed
CHG0002866,EV000044,ST004,2026-01-25T03:00:00Z,51.9,12.77,80.31,58.52,49.78,completed
CHG0002867,EV000155,ST001,2026-01-25T06:00:00Z,46.2,41.48,84.9,65.16,53.3,completed
CHG0002868,EV000335,ST003,2026-01-25T09:00:00Z,45.1,41.59,79.78,62.43,58.83,completed
CHG0002869,EV000235,ST002,2026-01-25T12:00:00Z,61.2,10.09,94.89,41.53,34.17,completed
CHG0002870,EV000029,ST001,2026-01-25T15:00:00Z,41.3,26.21,72.6,49.24,39.08,completed
CHG0002871,EV000144,ST001,2026-01-25T18:00:00Z,54.5,18.07,72.53,63.21,36.05,completed
CHG0002872,EV000355,ST003,2026-01-25T21:00:00Z,47.2,29.52,92.41,57.96,35.84,completed
CHG0002873,EV000462,ST001,2026-01-26T00:00:00Z,41.2,13.76,90.36,48.58,35.01,completed
CHG0002874,EV000388,ST004,2026-01-26T03:00:00Z,58.5,30.95,79.78,62.12,34.46,completed
CHG0002875,EV000472,ST003,2026-01-26T06:00:00Z,58.3,37.71,73.44,41.98,48.14,completed
CHG0002876,EV000223,ST002,2026-01-26T09:00:00Z,31.3,14.19,94.31,67.82,51.01,completed
CHG0002877,EV000366,ST004,2026-01-26T12:00:00Z,52.8,18.03,97.55,53.41,31.79,completed
CHG0002878,EV000052,ST003,2026-01-26T15:00:00Z,49.8,32.93,96.71,56.11,28.76,completed
CHG0002879,EV000469,ST001,2026-01-26T18:00:00Z,40.6,19.24,89.24,46.2,41.69,completed
CHG0002880,EV000185,ST004,2026-01-26T21:00:00Z,56.8,11.41,81.06,47.76,35.95,completed
CHG0002881,EV000456,ST004,2026-01-27T00:00:00Z,37.0,26.16,78.7,64.22,39.89,completed
CHG0002882,EV000162,ST003,2026-01-27T03:00:00Z,37.3,22.89,96.78,59.51,38.39,completed
CHG0002883,EV000101,ST004,2026-01-27T06:00:00Z,48.5,44.28,78.38,77.52,43.34,completed
CHG0002884,EV000449,ST004,2026-01-27T09:00:00Z,45.1,23.72,73.05,62.48,49.96,completed
CHG0002885,EV000079,ST001,2026-01-27T12:00:00Z,46.5,11.46,73.63,47.78,37.02,completed
CHG0002886,EV000079,ST003,2026-01-27T15:00:00Z,47.7,39.53,95.52,45.22,31.64,completed
CHG0002887,EV000062,ST001,2026-01-27T18:00:00Z,52.6,17.88,73.32,44.68,34.36,completed
CHG0002888,EV000006,ST002,2026-01-27T21:00:00Z,60.3,21.96,85.45,51.7,35.09,completed
CHG0002889,EV000402,ST004,2026-01-28T00:00:00Z,48.5,30.76,96.42,54.56,38.73,completed
CHG0002890,EV000081,ST003,2026-01-28T03:00:00Z,47.0,11.71,90.86,63.0,38.52,completed
CHG0002891,EV000450,ST001,2026-01-28T06:00:00Z,39.7,18.93,95.72,72.44,51.23,completed
CHG0002892,EV000161,ST002,2026-01-28T09:00:00Z,36.2,32.44,83.42,49.9,35.38,completed
CHG0002893,EV000113,ST002,2026-01-28T12:00:00Z,39.6,43.4,88.69,59.57,53.78,completed
CHG0002894,EV000296,ST002,2026-01-28T15:00:00Z,47.6,24.34,84.39,44.28,34.42,completed
CHG0002895,EV000441,ST002,2026-01-28T18:00:00Z,44.4,26.47,86.63,52.54,56.78,completed
CHG0002896,EV000472,ST004,2026-01-28T21:00:00Z,49.1,26.27,91.15,76.59,54.4,completed
CHG0002897,EV000131,ST001,2026-01-29T00:00:00Z,53.6,17.82,84.56,59.36,34.52,completed
CHG0002898,EV000201,ST003,2026-01-29T03:00:00Z,44.8,15.91,77.0,62.34,34.9,completed
CHG0002899,EV000456,ST003,2026-01-29T06:00:00Z,49.6,14.55,95.02,47.71,32.24,completed
CHG0002900,EV000157,ST002,2026-01-29T09:00:00Z,50.0,17.64,84.01,49.95,43.89,completed
CHG0002901,EV000305,ST002,2026-01-29T12:00:00Z,58.2,41.3,96.61,57.03,38.41,completed
CHG0002902,EV000186,ST003,2026-01-29T15:00:00Z,37.1,29.88,91.82,54.65,50.84,completed
CHG0002903,EV000022,ST004,2026-01-29T18:00:00Z,61.2,18.15,87.6,39.76,38.71,completed
CHG0002904,EV000390,ST001,2026-01-29T21:00:00Z,40.0,12.84,92.06,63.36,36.32,completed
CHG0002905,EV000042,ST001,2026-01-30T00:00:00Z,40.3,34.22,88.83,57.82,40.85,completed
CHG0002906,EV000259,ST004,2026-01-30T03:00:00Z,49.6,12.57,79.04,61.87,36.53,completed
CHG0002907,EV000265,ST003,2026-01-30T06:00:00Z,48.3,26.46,83.7,53.84,50.32,completed
CHG0002908,EV000135,ST004,2026-01-30T09:00:00Z,53.8,22.67,81.98,58.22,39.88,completed
CHG0002909,EV000119,ST004,2026-01-30T12:00:00Z,44.8,28.89,89.44,42.9,35.74,completed
CHG0002910,EV000451,ST004,2026-01-30T15:00:00Z,27.1,11.93,84.0,47.36,45.53,completed
CHG0002911,EV000483,ST002,2026-01-30T18:00:00Z,40.4,40.87,71.61,52.02,32.05,completed
CHG0002912,EV000208,ST004,2026-01-30T21:00:00Z,31.3,35.55,94.65,48.48,33.58,completed
CHG0002913,EV000038,ST004,2026-01-31T00:00:00Z,50.6,43.2,85.88,57.28,36.29,completed
CHG0002914,EV000225,ST002,2026-01-31T03:00:00Z,41.0,33.47,77.78,60.27,38.85,completed
CHG0002915,EV000121,ST002,2026-01-31T06:00:00Z,51.5,34.22,72.33,61.0,54.24,completed
CHG0002916,EV000197,ST001,2026-01-31T09:00:00Z,87.3,42.42,85.33,56.4,41.44,completed
CHG0002917,EV000480,ST004,2026-01-31T12:00:00Z,90.1,27.8,75.4,36.83,40.43,completed
CHG0002918,EV000483,ST004,2026-01-31T15:00:00Z,61.7,40.22,76.64,62.81,34.04,completed
CHG0002919,EV000105,ST001,2026-01-31T18:00:00Z,46.3,12.72,94.81,61.84,40.64,completed
CHG0002920,EV000470,ST002,2026-01-31T21:00:00Z,47.6,38.72,72.37,47.56,35.32,completed
CHG0002921,EV000327,ST002,2026-02-01T00:00:00Z,45.1,16.6,87.48,53.64,36.51,completed
CHG0002922,EV000273,ST001,2026-02-01T03:00:00Z,51.9,39.43,71.7,70.4,36.31,completed
CHG0002923,EV000128,ST002,2026-02-01T06:00:00Z,58.5,23.66,92.04,59.44,36.42,completed
CHG0002924,EV000207,ST001,2026-02-01T09:00:00Z,55.4,37.31,71.41,46.09,36.48,completed
CHG0002925,EV000074,ST001,2026-02-01T12:00:00Z,40.9,34.29,97.27,50.6,38.34,completed
CHG0002926,EV000114,ST003,2026-02-01T15:00:00Z,42.3,19.75,94.99,40.3,35.88,completed
CHG0002927,EV000356,ST004,2026-02-01T18:00:00Z,49.4,23.48,90.08,60.88,56.01,completed
CHG0002928,EV000071,ST003,2026-02-01T21:00:00Z,28.4,40.42,81.59,56.03,38.77,completed
CHG0002929,EV000091,ST003,2026-02-02T00:00:00Z,91.8,40.46,74.6,59.06,38.76,completed
CHG0002930,EV000136,ST002,2026-02-02T03:00:00Z,43.0,34.34,83.07,46.99,54.89,completed
CHG0002931,EV000089,ST001,2026-02-02T06:00:00Z,56.2,16.34,74.14,58.8,40.42,completed
CHG0002932,EV000439,ST001,2026-02-02T09:00:00Z,62.3,18.36,74.38,58.6,43.69,completed
CHG0002933,EV000071,ST003,2026-02-02T12:00:00Z,44.5,12.05,81.15,45.27,34.71,completed
CHG0002934,EV000386,ST004,2026-02-02T15:00:00Z,46.3,16.75,79.84,74.34,35.57,completed
CHG0002935,EV000364,ST004,2026-02-02T18:00:00Z,56.6,21.06,89.83,66.6,35.7,completed
CHG0002936,EV000487,ST003,2026-02-02T21:00:00Z,39.7,41.39,70.39,49.32,43.41,completed
CHG0002937,EV000238,ST003,2026-02-03T00:00:00Z,45.8,40.07,83.61,40.39,47.75,completed
CHG0002938,EV000439,ST003,2026-02-03T03:00:00Z,43.7,31.92,79.91,38.81,37.22,completed
CHG0002939,EV000488,ST001,2026-02-03T06:00:00Z,38.8,15.44,93.54,47.16,31.63,completed
CHG0002940,EV000220,ST004,2026-02-03T09:00:00Z,41.9,12.9,89.11,49.36,43.6,completed
CHG0002941,EV000467,ST003,2026-02-03T12:00:00Z,56.6,40.68,71.26,44.7,45.06,completed
CHG0002942,EV000338,ST001,2026-02-03T15:00:00Z,51.0,44.49,77.38,52.84,32.52,completed
CHG0002943,EV000149,ST002,2026-02-03T18:00:00Z,49.0,37.0,97.26,55.1,34.82,completed
CHG0002944,EV000488,ST003,2026-02-03T21:00:00Z,45.5,16.65,85.02,60.62,34.82,completed
CHG0002945,EV000154,ST002,2026-02-04T00:00:00Z,53.6,34.65,96.65,50.17,38.48,completed
CHG0002946,EV000260,ST003,2026-02-04T03:00:00Z,65.1,11.95,92.71,56.8,44.82,completed
CHG0002947,EV000068,ST001,2026-02-04T06:00:00Z,33.6,32.48,96.59,58.34,33.83,completed
CHG0002948,EV000489,ST004,2026-02-04T09:00:00Z,106.9,29.23,78.68,43.89,36.6,completed
CHG0002949,EV000070,ST003,2026-02-04T12:00:00Z,32.4,14.02,76.41,39.89,32.68,completed
CHG0002950,EV000043,ST003,2026-02-04T15:00:00Z,53.9,28.29,78.95,76.17,41.52,completed
CHG0002951,EV000137,ST001,2026-02-04T18:00:00Z,55.0,41.69,71.38,44.45,47.3,completed
CHG0002952,EV000232,ST004,2026-02-04T21:00:00Z,37.3,22.42,79.83,59.58,31.14,completed
CHG0002953,EV000489,ST002,2026-02-05T00:00:00Z,91.4,29.68,80.28,47.61,31.66,completed
CHG0002954,EV000098,ST001,2026-02-05T03:00:00Z,85.8,41.37,94.13,58.37,35.62,completed
CHG0002955,EV000107,ST004,2026-02-05T06:00:00Z,55.2,43.2,90.43,59.18,48.04,completed
CHG0002956,EV000213,ST001,2026-02-05T09:00:00Z,39.0,21.19,75.08,39.24,38.06,completed
CHG0002957,EV000078,ST003,2026-02-05T12:00:00Z,53.0,19.85,77.61,65.41,37.56,completed
CHG0002958,EV000480,ST001,2026-02-05T15:00:00Z,103.2,30.09,76.65,61.06,41.54,completed
CHG0002959,EV000150,ST002,2026-02-05T18:00:00Z,50.2,13.33,87.35,60.94,36.73,completed
CHG0002960,EV000244,ST004,2026-02-05T21:00:00Z,40.6,34.71,71.22,55.42,33.02,completed
CHG0002961,EV000010,ST001,2026-02-06T00:00:00Z,46.8,37.21,94.1,55.78,39.23,completed
CHG0002962,EV000423,ST001,2026-02-06T03:00:00Z,33.6,40.16,78.54,57.64,52.13,completed
CHG0002963,EV000017,ST004,2026-02-06T06:00:00Z,53.2,39.34,73.39,35.59,36.92,completed
CHG0002964,EV000237,ST002,2026-02-06T09:00:00Z,47.9,20.49,80.36,65.95,41.3,completed
CHG0002965,EV000019,ST004,2026-02-06T12:00:00Z,48.6,35.41,78.51,60.02,41.13,completed
CHG0002966,EV000188,ST001,2026-02-06T15:00:00Z,38.9,31.94,90.14,50.74,37.34,completed
CHG0002967,EV000252,ST001,2026-02-06T18:00:00Z,63.1,28.31,72.94,66.22,30.58,completed
CHG0002968,EV000472,ST001,2026-02-06T21:00:00Z,48.6,35.44,81.21,60.8,50.88,completed
CHG0002969,EV000215,ST003,2026-02-07T00:00:00Z,61.2,40.21,91.21,56.3,39.1,completed
CHG0002970,EV000462,ST004,2026-02-07T03:00:00Z,49.5,12.84,71.2,63.29,41.27,completed
CHG0002971,EV000026,ST002,2026-02-07T06:00:00Z,53.9,32.24,86.59,60.95,39.7,completed
CHG0002972,EV000190,ST002,2026-02-07T09:00:00Z,51.8,24.17,91.75,54.58,36.08,completed
CHG0002973,EV000061,ST001,2026-02-07T12:00:00Z,43.2,10.07,72.47,56.51,30.64,completed
CHG0002974,EV000226,ST001,2026-02-07T15:00:00Z,42.5,22.74,76.04,53.9,42.52,completed
CHG0002975,EV000362,ST004,2026-02-07T18:00:00Z,42.6,23.0,79.99,56.0,36.92,completed
CHG0002976,EV000230,ST003,2026-02-07T21:00:00Z,97.6,31.7,74.32,42.34,34.73,completed
CHG0002977,EV000435,ST001,2026-02-08T00:00:00Z,42.8,26.21,80.35,49.27,37.67,completed
CHG0002978,EV000223,ST001,2026-02-08T03:00:00Z,61.1,17.53,94.9,47.78,54.6,completed
CHG0002979,EV000134,ST003,2026-02-08T06:00:00Z,81.8,13.89,78.18,55.19,43.0,completed
CHG0002980,EV000292,ST001,2026-02-08T09:00:00Z,47.7,26.31,94.85,59.83,42.64,completed
CHG0002981,EV000125,ST004,2026-02-08T12:00:00Z,47.5,31.33,88.48,50.35,37.55,completed
CHG0002982,EV000313,ST002,2026-02-08T15:00:00Z,55.7,27.04,90.94,43.18,38.43,completed
CHG0002983,EV000342,ST002,2026-02-08T18:00:00Z,88.6,20.27,83.14,50.41,45.03,completed
CHG0002984,EV000075,ST002,2026-02-08T21:00:00Z,103.7,19.15,78.63,53.35,31.07,completed
CHG0002985,EV000378,ST001,2026-02-09T00:00:00Z,48.5,42.69,81.43,68.7,35.24,completed
CHG0002986,EV000074,ST001,2026-02-09T03:00:00Z,47.8,19.15,86.52,47.47,37.27,completed
CHG0002987,EV000231,ST001,2026-02-09T06:00:00Z,52.1,34.59,70.3,38.14,40.44,completed
CHG0002988,EV000441,ST004,2026-02-09T09:00:00Z,39.7,38.38,95.58,41.1,46.35,completed
CHG0002989,EV000470,ST002,2026-02-09T12:00:00Z,44.6,18.79,93.87,44.25,43.44,completed
CHG0002990,EV000413,ST002,2026-02-09T15:00:00Z,104.0,13.19,71.28,57.87,35.17,completed
CHG0002991,EV000305,ST004,2026-02-09T18:00:00Z,60.2,41.22,97.48,52.56,39.7,completed
CHG0002992,EV000150,ST004,2026-02-09T21:00:00Z,58.4,24.1,88.67,47.93,33.37,completed
CHG0002993,EV000179,ST003,2026-02-10T00:00:00Z,32.6,44.44,97.63,75.51,32.39,completed
CHG0002994,EV000352,ST001,2026-02-10T03:00:00Z,41.4,21.09,84.32,46.46,41.03,completed
CHG0002995,EV000345,ST002,2026-02-10T06:00:00Z,43.4,27.6,89.85,61.14,33.72,completed
CHG0002996,EV000049,ST001,2026-02-10T09:00:00Z,60.2,24.12,97.78,56.37,33.65,completed
CHG0002997,EV000292,ST001,2026-02-10T12:00:00Z,42.0,35.59,95.52,73.46,43.03,completed
CHG0002998,EV000087,ST003,2026-02-10T15:00:00Z,42.7,33.89,80.56,58.36,39.32,completed
CHG0002999,EV000459,ST004,2026-02-10T18:00:00Z,58.3,35.32,94.22,47.95,41.38,completed
CHG0003000,EV000111,ST001,2026-02-10T21:00:00Z,44.9,35.21,75.3,70.6,49.21,completed
CHG0003001,EV000047,ST004,2026-02-11T00:00:00Z,37.1,36.4,91.9,57.58,40.73,completed
CHG0003002,EV000122,ST001,2026-02-11T03:00:00Z,105.5,21.2,91.93,43.77,40.6,completed
CHG0003003,EV000397,ST004,2026-02-11T06:00:00Z,44.4,10.54,80.39,63.28,32.97,completed
CHG0003004,EV000397,ST003,2026-02-11T09:00:00Z,40.2,27.64,80.59,54.25,41.56,completed
CHG0003005,EV000292,ST004,2026-02-11T12:00:00Z,44.5,40.78,95.77,61.77,42.74,completed
CHG0003006,EV000144,ST004,2026-02-11T15:00:00Z,46.6,37.21,92.21,61.38,42.07,completed
CHG0003007,EV000344,ST001,2026-02-11T18:00:00Z,42.0,17.94,91.28,45.46,52.98,completed
CHG0003008,EV000454,ST002,2026-02-11T21:00:00Z,35.8,40.17,86.52,42.62,47.04,completed
CHG0003009,EV000116,ST002,2026-02-12T00:00:00Z,54.2,13.31,80.17,42.9,43.86,completed
CHG0003010,EV000278,ST003,2026-02-12T03:00:00Z,49.6,28.82,83.22,53.84,34.66,completed
CHG0003011,EV000378,ST004,2026-02-12T06:00:00Z,65.4,20.47,81.0,48.82,42.17,completed
CHG0003012,EV000477,ST003,2026-02-12T09:00:00Z,72.8,17.3,89.81,59.93,34.34,completed
CHG0003013,EV000205,ST003,2026-02-12T12:00:00Z,49.4,34.63,94.53,59.99,39.19,completed
CHG0003014,EV000198,ST001,2026-02-12T15:00:00Z,35.5,32.15,88.53,39.85,39.77,completed
CHG0003015,EV000438,ST001,2026-02-12T18:00:00Z,53.4,25.34,82.11,57.86,35.73,completed
CHG0003016,EV000009,ST002,2026-02-12T21:00:00Z,47.0,13.4,89.51,55.84,54.19,completed
CHG0003017,EV000329,ST002,2026-02-13T00:00:00Z,91.9,42.15,78.78,49.99,34.1,completed
CHG0003018,EV000161,ST002,2026-02-13T03:00:00Z,51.7,36.41,83.66,57.57,43.93,completed
CHG0003019,EV000351,ST001,2026-02-13T06:00:00Z,53.1,20.48,91.52,63.79,43.87,completed
CHG0003020,EV000329,ST001,2026-02-13T09:00:00Z,72.4,17.43,92.97,73.96,42.71,completed
CHG0003021,EV000238,ST001,2026-02-13T12:00:00Z,37.5,39.19,93.48,56.51,51.24,completed
CHG0003022,EV000314,ST004,2026-02-13T15:00:00Z,102.1,15.18,96.94,52.27,39.98,completed
CHG0003023,EV000065,ST004,2026-02-13T18:00:00Z,92.2,12.32,74.86,53.63,45.81,completed
CHG0003024,EV000113,ST003,2026-02-13T21:00:00Z,38.0,22.04,75.76,53.4,52.22,completed
CHG0003025,EV000426,ST001,2026-02-14T00:00:00Z,44.9,28.3,96.89,61.15,45.16,completed
CHG0003026,EV000119,ST004,2026-02-14T03:00:00Z,47.6,25.04,78.73,32.33,43.39,completed
CHG0003027,EV000454,ST001,2026-02-14T06:00:00Z,66.6,23.02,78.92,40.48,48.21,completed
CHG0003028,EV000383,ST004,2026-02-14T09:00:00Z,52.4,35.79,96.77,48.42,33.48,completed
CHG0003029,EV000121,ST001,2026-02-14T12:00:00Z,45.8,21.89,75.89,58.56,49.7,completed
CHG0003030,EV000467,ST004,2026-02-14T15:00:00Z,38.0,32.4,97.46,53.32,42.91,completed
CHG0003031,EV000292,ST004,2026-02-14T18:00:00Z,52.3,32.97,79.98,55.3,41.7,completed
CHG0003032,EV000438,ST001,2026-02-14T21:00:00Z,45.8,33.91,86.35,50.16,40.41,completed
CHG0003033,EV000368,ST003,2026-02-15T00:00:00Z,61.9,22.46,77.71,53.87,34.96,completed
CHG0003034,EV000261,ST002,2026-02-15T03:00:00Z,64.4,14.31,94.61,50.31,36.55,completed
CHG0003035,EV000340,ST002,2026-02-15T06:00:00Z,43.0,10.93,79.14,74.96,33.88,completed
CHG0003036,EV000099,ST004,2026-02-15T09:00:00Z,44.3,44.59,83.79,52.0,37.92,completed
CHG0003037,EV000320,ST002,2026-02-15T12:00:00Z,55.1,36.32,86.55,58.35,35.5,completed
CHG0003038,EV000266,ST002,2026-02-15T15:00:00Z,37.4,28.78,97.04,47.77,38.46,completed
CHG0003039,EV000355,ST002,2026-02-15T18:00:00Z,40.9,30.31,87.59,46.75,37.76,completed
CHG0003040,EV000444,ST001,2026-02-15T21:00:00Z,52.8,30.94,89.18,54.18,36.22,completed
CHG0003041,EV000236,ST003,2026-02-16T00:00:00Z,37.8,35.09,94.24,60.49,37.17,completed
CHG0003042,EV000029,ST002,2026-02-16T03:00:00Z,33.6,42.71,96.0,47.97,48.36,completed
CHG0003043,EV000022,ST003,2026-02-16T06:00:00Z,46.7,23.22,95.62,62.5,43.6,completed
CHG0003044,EV000186,ST004,2026-02-16T09:00:00Z,56.3,10.4,79.42,61.08,48.07,completed
CHG0003045,EV000255,ST003,2026-02-16T12:00:00Z,50.6,44.53,75.54,56.63,49.42,completed
CHG0003046,EV000435,ST002,2026-02-16T15:00:00Z,47.1,26.4,70.5,47.71,38.24,completed
CHG0003047,EV000105,ST003,2026-02-16T18:00:00Z,50.0,23.6,78.07,73.33,42.41,completed
CHG0003048,EV000034,ST003,2026-02-16T21:00:00Z,42.4,29.54,83.48,64.85,55.63,completed
CHG0003049,EV000499,ST003,2026-02-17T00:00:00Z,29.4,16.78,70.4,60.41,38.47,completed
CHG0003050,EV000475,ST004,2026-02-17T03:00:00Z,36.2,15.66,94.18,44.81,33.98,completed
CHG0003051,EV000293,ST002,2026-02-17T06:00:00Z,87.1,20.7,89.74,46.34,37.51,completed
CHG0003052,EV000406,ST004,2026-02-17T09:00:00Z,55.8,36.95,76.47,44.6,51.14,completed
CHG0003053,EV000306,ST002,2026-02-17T12:00:00Z,51.4,36.23,71.33,59.87,30.37,completed
CHG0003054,EV000317,ST001,2026-02-17T15:00:00Z,46.8,16.98,82.93,48.12,39.71,completed
CHG0003055,EV000365,ST003,2026-02-17T18:00:00Z,59.3,43.64,94.6,53.6,39.92,completed
CHG0003056,EV000047,ST001,2026-02-17T21:00:00Z,46.0,21.93,88.45,55.62,38.16,completed
CHG0003057,EV000076,ST004,2026-02-18T00:00:00Z,42.5,22.65,95.06,61.81,52.96,completed
CHG0003058,EV000468,ST002,2026-02-18T03:00:00Z,37.7,17.37,81.64,44.4,54.86,completed
CHG0003059,EV000332,ST001,2026-02-18T06:00:00Z,74.1,40.76,75.48,54.28,32.43,completed
CHG0003060,EV000148,ST003,2026-02-18T09:00:00Z,46.2,21.88,96.47,59.31,34.41,completed
CHG0003061,EV000181,ST002,2026-02-18T12:00:00Z,51.0,20.88,77.28,50.79,50.06,completed
CHG0003062,EV000209,ST001,2026-02-18T15:00:00Z,80.4,24.01,75.32,41.82,32.98,completed
CHG0003063,EV000071,ST004,2026-02-18T18:00:00Z,40.2,36.16,80.09,54.28,46.62,completed
CHG0003064,EV000490,ST004,2026-02-18T21:00:00Z,62.2,14.75,92.19,51.4,36.72,completed
CHG0003065,EV000210,ST001,2026-02-19T00:00:00Z,77.3,22.89,78.1,53.79,42.35,completed
CHG0003066,EV000267,ST002,2026-02-19T03:00:00Z,51.9,27.2,82.76,66.3,35.39,completed
CHG0003067,EV000364,ST003,2026-02-19T06:00:00Z,44.0,38.62,80.61,60.08,32.77,completed
CHG0003068,EV000064,ST003,2026-02-19T09:00:00Z,43.7,36.01,90.79,51.42,42.2,completed
CHG0003069,EV000147,ST002,2026-02-19T12:00:00Z,54.2,34.01,85.76,67.62,40.14,completed
CHG0003070,EV000225,ST004,2026-02-19T15:00:00Z,26.7,29.67,94.2,65.8,43.46,completed
CHG0003071,EV000452,ST003,2026-02-19T18:00:00Z,39.7,32.48,85.5,51.3,38.42,completed
CHG0003072,EV000093,ST002,2026-02-19T21:00:00Z,43.0,12.98,71.47,49.82,34.19,completed
CHG0003073,EV000402,ST002,2026-02-20T00:00:00Z,56.8,16.33,80.19,52.4,38.47,completed
CHG0003074,EV000390,ST002,2026-02-20T03:00:00Z,45.0,28.45,92.66,45.0,37.71,completed
CHG0003075,EV000368,ST004,2026-02-20T06:00:00Z,29.6,29.4,87.23,48.69,43.9,completed
CHG0003076,EV000409,ST004,2026-02-20T09:00:00Z,54.9,37.37,78.08,44.27,36.55,completed
CHG0003077,EV000132,ST002,2026-02-20T12:00:00Z,51.7,24.66,97.03,51.36,45.03,completed
CHG0003078,EV000342,ST003,2026-02-20T15:00:00Z,107.6,21.51,89.36,47.93,34.49,completed
CHG0003079,EV000429,ST004,2026-02-20T18:00:00Z,41.6,17.86,81.11,56.18,40.21,completed
CHG0003080,EV000023,ST002,2026-02-20T21:00:00Z,38.7,11.4,73.49,69.86,50.61,completed
CHG0003081,EV000420,ST001,2026-02-21T00:00:00Z,41.6,30.3,80.69,57.03,36.8,completed
CHG0003082,EV000239,ST003,2026-02-21T03:00:00Z,54.7,34.32,84.67,64.99,34.31,completed
CHG0003083,EV000028,ST004,2026-02-21T06:00:00Z,39.4,20.63,94.72,50.7,25.9,completed
CHG0003084,EV000448,ST002,2026-02-21T09:00:00Z,45.1,13.13,93.93,45.07,40.5,completed
CHG0003085,EV000138,ST003,2026-02-21T12:00:00Z,97.2,10.32,96.59,37.51,33.74,completed
CHG0003086,EV000218,ST003,2026-02-21T15:00:00Z,99.5,36.37,87.65,55.17,36.21,completed
CHG0003087,EV000093,ST002,2026-02-21T18:00:00Z,44.7,12.5,92.18,52.91,42.08,completed
CHG0003088,EV000392,ST002,2026-02-21T21:00:00Z,49.0,29.49,79.67,55.82,39.73,completed
CHG0003089,EV000486,ST003,2026-02-22T00:00:00Z,55.8,26.34,83.33,60.24,40.88,completed
CHG0003090,EV000476,ST002,2026-02-22T03:00:00Z,94.4,33.99,83.29,60.87,37.23,completed
CHG0003091,EV000459,ST003,2026-02-22T06:00:00Z,50.8,15.43,87.29,48.31,43.97,completed
CHG0003092,EV000156,ST004,2026-02-22T09:00:00Z,61.1,25.07,83.05,59.99,36.43,completed
CHG0003093,EV000308,ST001,2026-02-22T12:00:00Z,60.4,19.46,71.61,56.1,38.01,completed
CHG0003094,EV000309,ST003,2026-02-22T15:00:00Z,47.5,26.41,85.24,58.33,48.28,completed
CHG0003095,EV000137,ST004,2026-02-22T18:00:00Z,49.2,20.86,82.75,51.06,47.43,completed
CHG0003096,EV000329,ST001,2026-02-22T21:00:00Z,80.7,29.41,85.5,53.25,35.58,completed
CHG0003097,EV000125,ST002,2026-02-23T00:00:00Z,49.2,34.04,94.01,72.34,36.54,completed
CHG0003098,EV000174,ST003,2026-02-23T03:00:00Z,45.2,32.38,85.74,46.92,38.73,completed
CHG0003099,EV000409,ST003,2026-02-23T06:00:00Z,48.1,19.29,81.26,42.85,43.07,completed
CHG0003100,EV000068,ST003,2026-02-23T09:00:00Z,37.5,12.49,70.65,67.42,34.4,completed
CHG0003101,EV000439,ST002,2026-02-23T12:00:00Z,56.8,18.83,88.33,68.16,38.86,completed
CHG0003102,EV000384,ST002,2026-02-23T15:00:00Z,46.8,38.47,81.52,67.73,38.29,completed
CHG0003103,EV000092,ST004,2026-02-23T18:00:00Z,56.4,30.54,92.53,62.48,29.39,completed
CHG0003104,EV000145,ST004,2026-02-23T21:00:00Z,59.7,36.23,70.9,52.7,33.46,completed
CHG0003105,EV000216,ST002,2026-02-24T00:00:00Z,40.0,12.41,79.43,42.4,36.65,completed
CHG0003106,EV000432,ST002,2026-02-24T03:00:00Z,41.7,38.37,80.48,61.34,35.63,completed
CHG0003107,EV000194,ST004,2026-02-24T06:00:00Z,58.4,18.54,79.81,61.24,36.54,completed
CHG0003108,EV000376,ST003,2026-02-24T09:00:00Z,36.0,43.93,75.3,45.04,35.92,completed
CHG0003109,EV000372,ST001,2026-02-24T12:00:00Z,51.9,27.21,71.51,47.31,37.72,completed
CHG0003110,EV000212,ST003,2026-02-24T15:00:00Z,51.3,15.89,71.8,50.84,37.72,completed
CHG0003111,EV000257,ST001,2026-02-24T18:00:00Z,53.5,26.89,73.06,60.73,46.4,completed
CHG0003112,EV000390,ST001,2026-02-24T21:00:00Z,56.5,25.09,81.51,59.3,34.63,completed
CHG0003113,EV000096,ST003,2026-02-25T00:00:00Z,47.9,32.88,91.33,49.84,48.82,completed
CHG0003114,EV000231,ST004,2026-02-25T03:00:00Z,47.4,24.18,81.6,72.38,35.31,completed
CHG0003115,EV000074,ST004,2026-02-25T06:00:00Z,61.2,10.93,95.57,52.34,34.19,completed
CHG0003116,EV000167,ST004,2026-02-25T09:00:00Z,34.7,12.93,91.26,52.66,41.27,completed
CHG0003117,EV000076,ST001,2026-02-25T12:00:00Z,57.9,41.38,87.53,75.74,47.95,completed
CHG0003118,EV000190,ST004,2026-02-25T15:00:00Z,43.2,44.35,97.61,49.35,36.8,completed
CHG0003119,EV000074,ST002,2026-02-25T18:00:00Z,40.6,24.61,80.4,53.68,37.72,completed
CHG0003120,EV000305,ST002,2026-02-25T21:00:00Z,42.4,15.43,76.18,73.23,40.86,completed
CHG0003121,EV000414,ST002,2026-02-26T00:00:00Z,59.7,25.99,92.52,59.63,54.5,completed
CHG0003122,EV000335,ST004,2026-02-26T03:00:00Z,54.3,21.5,70.13,54.15,48.12,completed
CHG0003123,EV000394,ST001,2026-02-26T06:00:00Z,39.6,29.65,92.83,51.94,34.99,completed
CHG0003124,EV000072,ST001,2026-02-26T09:00:00Z,55.8,28.18,79.44,49.99,37.13,completed
CHG0003125,EV000129,ST002,2026-02-26T12:00:00Z,32.2,36.4,96.16,62.19,40.49,completed
CHG0003126,EV000495,ST003,2026-02-26T15:00:00Z,98.0,26.75,91.8,46.54,38.93,completed
CHG0003127,EV000486,ST001,2026-02-26T18:00:00Z,58.2,18.8,76.37,53.37,31.4,completed
CHG0003128,EV000167,ST001,2026-02-26T21:00:00Z,38.7,16.7,81.72,55.38,42.23,completed
CHG0003129,EV000253,ST001,2026-02-27T00:00:00Z,43.6,32.67,71.78,55.96,36.84,completed
CHG0003130,EV000458,ST003,2026-02-27T03:00:00Z,45.2,21.74,73.03,56.02,39.4,completed
CHG0003131,EV000493,ST002,2026-02-27T06:00:00Z,43.0,34.33,88.72,61.49,39.95,completed
CHG0003132,EV000407,ST002,2026-02-27T09:00:00Z,43.5,39.61,88.4,53.46,38.22,completed
CHG0003133,EV000193,ST002,2026-02-27T12:00:00Z,44.6,32.08,81.12,54.01,39.94,completed
CHG0003134,EV000496,ST004,2026-02-27T15:00:00Z,54.1,43.73,78.47,56.75,36.63,completed
CHG0003135,EV000233,ST003,2026-02-27T18:00:00Z,88.7,22.98,86.15,54.97,40.6,completed
CHG0003136,EV000478,ST004,2026-02-27T21:00:00Z,105.2,20.22,79.04,60.82,42.29,completed
CHG0003137,EV000033,ST001,2026-02-28T00:00:00Z,52.9,20.95,82.31,43.56,41.84,completed
CHG0003138,EV000132,ST002,2026-02-28T03:00:00Z,37.1,34.33,89.95,46.18,55.7,completed
CHG0003139,EV000046,ST004,2026-02-28T06:00:00Z,40.2,15.95,83.02,49.05,35.72,completed
CHG0003140,EV000464,ST001,2026-02-28T09:00:00Z,55.0,41.49,85.5,72.99,36.3,completed
CHG0003141,EV000434,ST003,2026-02-28T12:00:00Z,55.4,14.6,86.76,42.19,40.39,completed
CHG0003142,EV000389,ST002,2026-02-28T15:00:00Z,31.0,19.75,91.64,43.76,37.05,completed
CHG0003143,EV000456,ST002,2026-02-28T18:00:00Z,41.8,38.32,87.19,40.37,41.02,completed
CHG0003144,EV000308,ST002,2026-02-28T21:00:00Z,51.1,25.96,95.4,67.46,35.67,completed
CHG0003145,EV000206,ST001,2026-03-01T00:00:00Z,49.0,38.48,85.49,66.55,44.5,completed
CHG0003146,EV000034,ST004,2026-03-01T03:00:00Z,46.6,44.64,80.47,54.21,52.76,completed
CHG0003147,EV000405,ST002,2026-03-01T06:00:00Z,67.1,29.5,95.8,60.52,43.96,completed
CHG0003148,EV000132,ST001,2026-03-01T09:00:00Z,46.6,31.95,76.93,45.44,52.02,completed
CHG0003149,EV000237,ST003,2026-03-01T12:00:00Z,52.5,38.07,79.19,41.88,37.57,completed
CHG0003150,EV000103,ST003,2026-03-01T15:00:00Z,48.0,22.12,85.74,54.29,49.53,completed
CHG0003151,EV000226,ST004,2026-03-01T18:00:00Z,42.3,15.66,83.09,51.01,39.78,completed
CHG0003152,EV000475,ST002,2026-03-01T21:00:00Z,47.0,22.45,71.8,50.97,30.98,completed
CHG0003153,EV000409,ST003,2026-03-02T00:00:00Z,60.0,34.57,91.25,55.98,34.5,completed
CHG0003154,EV000461,ST001,2026-03-02T03:00:00Z,103.1,18.17,95.1,50.26,40.04,completed
CHG0003155,EV000377,ST003,2026-03-02T06:00:00Z,102.7,40.6,93.87,62.26,29.94,completed
CHG0003156,EV000268,ST001,2026-03-02T09:00:00Z,53.5,16.42,73.42,54.79,36.11,completed
CHG0003157,EV000263,ST003,2026-03-02T12:00:00Z,38.4,11.99,71.48,58.82,43.51,completed
CHG0003158,EV000321,ST004,2026-03-02T15:00:00Z,100.1,37.71,85.14,47.97,34.14,completed
CHG0003159,EV000136,ST003,2026-03-02T18:00:00Z,48.2,32.87,89.14,50.51,52.75,completed
CHG0003160,EV000085,ST004,2026-03-02T21:00:00Z,48.7,18.25,72.73,46.84,36.27,completed
CHG0003161,EV000080,ST004,2026-03-03T00:00:00Z,34.3,11.24,85.54,61.86,45.89,completed
CHG0003162,EV000026,ST002,2026-03-03T03:00:00Z,56.5,17.36,73.94,55.99,41.33,completed
CHG0003163,EV000254,ST004,2026-03-03T06:00:00Z,91.7,27.19,88.66,65.73,34.38,completed
CHG0003164,EV000115,ST003,2026-03-03T09:00:00Z,48.4,22.31,75.1,59.66,33.38,completed
CHG0003165,EV000398,ST004,2026-03-03T12:00:00Z,84.9,28.0,75.86,60.78,33.2,completed
CHG0003166,EV000499,ST001,2026-03-03T15:00:00Z,48.6,30.37,83.83,48.68,40.57,completed
CHG0003167,EV000084,ST003,2026-03-03T18:00:00Z,50.5,40.06,71.82,47.55,34.88,completed
CHG0003168,EV000420,ST003,2026-03-03T21:00:00Z,52.4,44.27,97.01,45.39,39.63,completed
CHG0003169,EV000439,ST003,2026-03-04T00:00:00Z,46.0,23.48,94.3,52.13,32.98,completed
CHG0003170,EV000094,ST001,2026-03-04T03:00:00Z,48.3,32.89,92.01,54.7,38.33,completed
CHG0003171,EV000309,ST004,2026-03-04T06:00:00Z,45.7,28.6,84.42,64.54,36.44,completed
CHG0003172,EV000500,ST001,2026-03-04T09:00:00Z,34.3,15.49,76.56,60.18,36.47,completed
CHG0003173,EV000024,ST001,2026-03-04T12:00:00Z,64.4,24.49,76.31,36.24,43.99,completed
CHG0003174,EV000276,ST003,2026-03-04T15:00:00Z,48.1,38.55,89.48,67.02,38.04,completed
CHG0003175,EV000404,ST002,2026-03-04T18:00:00Z,60.6,32.3,88.01,39.46,41.85,completed
CHG0003176,EV000194,ST002,2026-03-04T21:00:00Z,58.1,11.66,94.1,64.18,33.83,completed
CHG0003177,EV000030,ST002,2026-03-05T00:00:00Z,55.6,10.44,79.42,51.68,39.86,completed
CHG0003178,EV000033,ST002,2026-03-05T03:00:00Z,60.4,25.68,76.56,58.91,43.36,completed
CHG0003179,EV000422,ST001,2026-03-05T06:00:00Z,43.2,39.17,73.5,69.61,36.19,completed
CHG0003180,EV000353,ST004,2026-03-05T09:00:00Z,51.2,21.34,73.86,44.91,33.93,completed
CHG0003181,EV000270,ST004,2026-03-05T12:00:00Z,42.0,43.92,84.31,63.39,38.08,completed
CHG0003182,EV000113,ST001,2026-03-05T15:00:00Z,52.0,40.44,76.74,50.3,56.32,completed
CHG0003183,EV000253,ST001,2026-03-05T18:00:00Z,45.7,17.33,84.32,42.93,32.84,completed
CHG0003184,EV000212,ST003,2026-03-05T21:00:00Z,44.7,14.64,93.53,59.16,39.98,completed
CHG0003185,EV000122,ST002,2026-03-06T00:00:00Z,92.1,42.02,94.15,39.23,30.94,completed
CHG0003186,EV000414,ST003,2026-03-06T03:00:00Z,57.7,28.93,85.45,48.54,59.61,completed
CHG0003187,EV000243,ST001,2026-03-06T06:00:00Z,56.6,44.82,75.45,66.83,43.43,completed
CHG0003188,EV000105,ST003,2026-03-06T09:00:00Z,51.8,28.44,75.76,67.65,32.82,completed
CHG0003189,EV000133,ST003,2026-03-06T12:00:00Z,62.9,17.55,94.75,64.55,38.82,completed
CHG0003190,EV000349,ST004,2026-03-06T15:00:00Z,60.0,16.23,71.37,46.66,40.88,completed
CHG0003191,EV000447,ST001,2026-03-06T18:00:00Z,40.8,21.55,91.28,58.73,42.39,completed
CHG0003192,EV000115,ST001,2026-03-06T21:00:00Z,54.8,39.22,79.59,56.39,35.1,completed
CHG0003193,EV000486,ST002,2026-03-07T00:00:00Z,40.2,27.46,80.85,65.0,42.33,completed
CHG0003194,EV000306,ST002,2026-03-07T03:00:00Z,51.7,41.26,91.95,60.87,38.24,completed
CHG0003195,EV000179,ST001,2026-03-07T06:00:00Z,59.3,15.94,94.91,55.93,39.14,completed
CHG0003196,EV000159,ST002,2026-03-07T09:00:00Z,60.9,44.87,87.58,41.1,41.12,completed
CHG0003197,EV000261,ST003,2026-03-07T12:00:00Z,43.5,36.72,75.27,62.88,41.93,completed
CHG0003198,EV000262,ST003,2026-03-07T15:00:00Z,56.7,38.34,91.94,60.93,33.85,completed
CHG0003199,EV000237,ST004,2026-03-07T18:00:00Z,42.1,28.52,74.4,52.29,34.65,completed
CHG0003200,EV000201,ST002,2026-03-07T21:00:00Z,56.2,17.74,73.89,48.86,36.33,completed
CHG0003201,EV000428,ST002,2026-03-08T00:00:00Z,37.7,14.66,97.71,58.6,35.24,completed
CHG0003202,EV000052,ST003,2026-03-08T03:00:00Z,50.7,23.24,84.08,47.94,38.26,completed
CHG0003203,EV000412,ST004,2026-03-08T06:00:00Z,93.1,41.27,76.64,61.59,39.98,completed
CHG0003204,EV000097,ST004,2026-03-08T09:00:00Z,49.8,14.52,88.49,68.61,49.12,completed
CHG0003205,EV000284,ST002,2026-03-08T12:00:00Z,55.7,38.77,86.23,55.92,51.04,completed
CHG0003206,EV000091,ST001,2026-03-08T15:00:00Z,95.2,18.51,78.88,48.17,37.78,completed
CHG0003207,EV000054,ST001,2026-03-08T18:00:00Z,39.3,18.15,71.42,45.28,34.48,completed
CHG0003208,EV000321,ST001,2026-03-08T21:00:00Z,98.3,14.33,94.92,58.96,39.08,completed
CHG0003209,EV000348,ST004,2026-03-09T00:00:00Z,45.6,37.11,81.8,39.07,31.51,completed
CHG0003210,EV000367,ST002,2026-03-09T03:00:00Z,82.5,39.89,86.46,44.66,39.85,completed
CHG0003211,EV000193,ST001,2026-03-09T06:00:00Z,60.0,38.63,86.32,56.39,39.2,completed
CHG0003212,EV000204,ST004,2026-03-09T09:00:00Z,46.1,26.22,93.93,47.61,45.04,completed
CHG0003213,EV000440,ST003,2026-03-09T12:00:00Z,22.9,40.82,72.67,60.6,33.58,completed
CHG0003214,EV000402,ST003,2026-03-09T15:00:00Z,53.7,40.32,72.86,44.66,42.05,completed
CHG0003215,EV000476,ST002,2026-03-09T18:00:00Z,94.9,27.75,96.65,50.04,39.52,completed
CHG0003216,EV000346,ST002,2026-03-09T21:00:00Z,47.2,38.23,81.92,68.55,38.82,completed
CHG0003217,EV000178,ST001,2026-03-10T00:00:00Z,48.6,22.6,95.15,58.39,39.57,completed
CHG0003218,EV000253,ST001,2026-03-10T03:00:00Z,46.0,23.77,71.57,53.24,38.37,completed
CHG0003219,EV000438,ST004,2026-03-10T06:00:00Z,51.8,42.18,95.58,50.57,33.93,completed
CHG0003220,EV000479,ST002,2026-03-10T09:00:00Z,45.8,10.31,88.85,51.55,36.5,completed
CHG0003221,EV000154,ST002,2026-03-10T12:00:00Z,54.0,10.16,97.57,52.18,32.52,completed
CHG0003222,EV000493,ST004,2026-03-10T15:00:00Z,60.3,23.4,73.29,59.04,43.36,completed
CHG0003223,EV000007,ST004,2026-03-10T18:00:00Z,95.6,32.49,91.56,47.12,39.81,completed
CHG0003224,EV000385,ST001,2026-03-10T21:00:00Z,49.2,42.03,87.46,52.47,42.29,completed
CHG0003225,EV000075,ST004,2026-03-11T00:00:00Z,110.7,36.69,88.21,49.74,41.53,completed
CHG0003226,EV000414,ST003,2026-03-11T03:00:00Z,58.3,40.74,70.68,31.74,50.77,completed
CHG0003227,EV000370,ST002,2026-03-11T06:00:00Z,53.4,28.52,96.19,39.06,47.06,completed
CHG0003228,EV000029,ST002,2026-03-11T09:00:00Z,37.8,35.06,92.91,41.8,44.07,completed
CHG0003229,EV000229,ST002,2026-03-11T12:00:00Z,41.5,41.72,94.77,80.42,38.12,completed
CHG0003230,EV000127,ST002,2026-03-11T15:00:00Z,54.8,22.99,97.93,43.89,53.34,completed
CHG0003231,EV000272,ST003,2026-03-11T18:00:00Z,36.5,37.57,70.12,33.63,30.08,completed
CHG0003232,EV000001,ST003,2026-03-11T21:00:00Z,61.6,13.41,90.66,49.14,38.03,completed
CHG0003233,EV000008,ST001,2026-03-12T00:00:00Z,45.1,42.14,75.87,58.14,39.65,completed
CHG0003234,EV000234,ST001,2026-03-12T03:00:00Z,50.9,44.05,76.89,53.15,33.51,completed
CHG0003235,EV000359,ST004,2026-03-12T06:00:00Z,38.1,11.81,97.53,53.96,31.76,completed
CHG0003236,EV000374,ST004,2026-03-12T09:00:00Z,39.9,33.86,96.38,58.69,42.59,completed
CHG0003237,EV000295,ST003,2026-03-12T12:00:00Z,37.5,42.5,92.71,52.56,34.65,completed
CHG0003238,EV000084,ST001,2026-03-12T15:00:00Z,41.5,38.79,90.19,57.11,36.73,completed
CHG0003239,EV000003,ST001,2026-03-12T18:00:00Z,59.6,13.9,73.06,60.38,37.26,completed
CHG0003240,EV000069,ST001,2026-03-12T21:00:00Z,44.9,14.49,73.29,36.58,43.89,completed
CHG0003241,EV000063,ST001,2026-03-13T00:00:00Z,49.4,19.2,79.47,46.89,37.79,completed
CHG0003242,EV000120,ST004,2026-03-13T03:00:00Z,45.2,34.48,72.98,67.79,34.76,completed
CHG0003243,EV000416,ST003,2026-03-13T06:00:00Z,60.3,17.08,81.37,52.52,29.39,completed
CHG0003244,EV000183,ST003,2026-03-13T09:00:00Z,103.4,43.78,76.69,56.25,40.27,completed
CHG0003245,EV000233,ST003,2026-03-13T12:00:00Z,81.7,31.35,71.12,63.56,44.68,completed
CHG0003246,EV000168,ST003,2026-03-13T15:00:00Z,44.6,10.58,95.3,57.41,39.97,completed
CHG0003247,EV000119,ST003,2026-03-13T18:00:00Z,43.9,31.39,97.12,52.76,41.97,completed
CHG0003248,EV000473,ST001,2026-03-13T21:00:00Z,35.8,26.5,72.24,43.95,30.56,completed
CHG0003249,EV000419,ST001,2026-03-14T00:00:00Z,49.4,32.64,96.75,52.22,40.31,completed
CHG0003250,EV000328,ST001,2026-03-14T03:00:00Z,33.3,23.16,83.76,58.84,36.29,completed
CHG0003251,EV000171,ST002,2026-03-14T06:00:00Z,42.0,44.38,94.49,60.38,39.42,completed
CHG0003252,EV000116,ST003,2026-03-14T09:00:00Z,46.5,20.02,73.86,63.59,24.74,completed
CHG0003253,EV000182,ST003,2026-03-14T12:00:00Z,43.3,17.5,95.53,45.92,51.04,completed
CHG0003254,EV000455,ST003,2026-03-14T15:00:00Z,50.8,16.8,76.86,70.56,38.73,completed
CHG0003255,EV000149,ST002,2026-03-14T18:00:00Z,53.5,38.69,80.95,54.67,41.02,completed
CHG0003256,EV000393,ST001,2026-03-14T21:00:00Z,49.1,27.74,81.72,60.58,32.15,completed
CHG0003257,EV000421,ST003,2026-03-15T00:00:00Z,51.3,33.05,96.38,42.35,42.04,completed
CHG0003258,EV000228,ST001,2026-03-15T03:00:00Z,54.5,23.73,76.04,56.54,33.4,completed
CHG0003259,EV000498,ST001,2026-03-15T06:00:00Z,42.2,11.83,84.89,54.94,33.08,completed
CHG0003260,EV000049,ST002,2026-03-15T09:00:00Z,49.7,29.55,79.07,52.01,47.06,completed
CHG0003261,EV000169,ST004,2026-03-15T12:00:00Z,63.6,10.18,85.4,57.07,38.68,completed
CHG0003262,EV000110,ST002,2026-03-15T15:00:00Z,39.3,18.73,95.61,72.23,33.13,completed
CHG0003263,EV000388,ST001,2026-03-15T18:00:00Z,48.4,34.39,88.72,61.36,45.06,completed
CHG0003264,EV000225,ST004,2026-03-15T21:00:00Z,44.5,43.4,94.68,55.81,35.51,completed
CHG0003265,EV000308,ST002,2026-03-16T00:00:00Z,47.3,38.74,71.27,56.14,40.28,completed
CHG0003266,EV000468,ST003,2026-03-16T03:00:00Z,47.8,22.76,89.45,65.76,51.23,completed
CHG0003267,EV000095,ST003,2026-03-16T06:00:00Z,42.7,41.05,89.23,64.42,52.93,completed
CHG0003268,EV000380,ST002,2026-03-16T09:00:00Z,35.0,31.2,87.17,56.18,49.77,completed
CHG0003269,EV000368,ST001,2026-03-16T12:00:00Z,47.8,27.18,88.43,43.1,36.22,completed
CHG0003270,EV000341,ST004,2026-03-16T15:00:00Z,100.2,34.31,87.28,36.86,35.04,completed
CHG0003271,EV000204,ST001,2026-03-16T18:00:00Z,55.5,21.09,75.35,59.05,34.22,completed
CHG0003272,EV000175,ST002,2026-03-16T21:00:00Z,40.6,30.8,81.86,50.3,37.82,completed
CHG0003273,EV000282,ST003,2026-03-17T00:00:00Z,50.5,28.31,78.58,45.77,40.96,completed
CHG0003274,EV000036,ST001,2026-03-17T03:00:00Z,49.6,23.13,88.47,42.12,40.78,completed
CHG0003275,EV000402,ST001,2026-03-17T06:00:00Z,49.3,29.57,79.11,56.7,44.74,completed
CHG0003276,EV000446,ST002,2026-03-17T09:00:00Z,47.2,25.33,94.19,59.72,42.71,completed
CHG0003277,EV000074,ST002,2026-03-17T12:00:00Z,63.2,25.89,85.54,69.12,32.55,completed
CHG0003278,EV000214,ST003,2026-03-17T15:00:00Z,34.0,43.48,76.86,49.03,37.99,completed
CHG0003279,EV000266,ST001,2026-03-17T18:00:00Z,37.2,14.41,84.99,61.88,31.19,completed
CHG0003280,EV000195,ST004,2026-03-17T21:00:00Z,39.3,43.12,71.29,52.49,49.37,completed
CHG0003281,EV000398,ST001,2026-03-18T00:00:00Z,86.3,36.51,94.39,51.51,35.22,completed
CHG0003282,EV000360,ST001,2026-03-18T03:00:00Z,48.6,42.49,95.57,54.22,32.59,completed
CHG0003283,EV000330,ST004,2026-03-18T06:00:00Z,46.7,41.36,76.9,58.71,40.76,completed
CHG0003284,EV000359,ST004,2026-03-18T09:00:00Z,55.0,33.83,81.09,62.22,34.65,completed
CHG0003285,EV000069,ST002,2026-03-18T12:00:00Z,37.1,23.12,93.4,58.62,31.71,completed
CHG0003286,EV000292,ST004,2026-03-18T15:00:00Z,58.8,16.34,92.04,47.54,31.99,completed
CHG0003287,EV000269,ST002,2026-03-18T18:00:00Z,79.7,14.75,88.32,55.63,32.23,completed
CHG0003288,EV000245,ST001,2026-03-18T21:00:00Z,28.5,35.92,81.63,66.77,37.57,completed
CHG0003289,EV000492,ST004,2026-03-19T00:00:00Z,53.1,31.4,70.03,63.43,37.63,completed
CHG0003290,EV000102,ST002,2026-03-19T03:00:00Z,48.7,18.13,78.79,56.94,40.34,completed
CHG0003291,EV000124,ST004,2026-03-19T06:00:00Z,53.4,29.8,80.34,68.8,36.42,completed
CHG0003292,EV000062,ST002,2026-03-19T09:00:00Z,49.5,32.05,79.45,40.54,44.8,completed
CHG0003293,EV000035,ST001,2026-03-19T12:00:00Z,39.8,15.32,72.45,50.28,38.74,completed
CHG0003294,EV000132,ST001,2026-03-19T15:00:00Z,50.1,19.62,75.87,44.76,44.14,completed
CHG0003295,EV000278,ST001,2026-03-19T18:00:00Z,54.3,32.19,85.55,42.61,38.5,completed
CHG0003296,EV000329,ST003,2026-03-19T21:00:00Z,83.9,30.35,92.83,63.05,42.16,completed
CHG0003297,EV000323,ST001,2026-03-20T00:00:00Z,47.2,15.7,85.59,50.05,35.28,completed
CHG0003298,EV000241,ST001,2026-03-20T03:00:00Z,45.7,32.11,97.65,56.67,37.5,completed
CHG0003299,EV000056,ST004,2026-03-20T06:00:00Z,51.5,16.63,89.7,45.86,51.02,completed
CHG0003300,EV000355,ST002,2026-03-20T09:00:00Z,47.0,19.17,85.28,55.63,44.75,completed
CHG0003301,EV000146,ST001,2026-03-20T12:00:00Z,55.6,36.01,77.81,56.13,41.71,completed
CHG0003302,EV000147,ST004,2026-03-20T15:00:00Z,36.7,12.44,84.65,48.33,32.63,completed
CHG0003303,EV000178,ST002,2026-03-20T18:00:00Z,60.5,13.17,85.73,61.26,35.76,completed
CHG0003304,EV000327,ST003,2026-03-20T21:00:00Z,49.9,27.98,78.14,68.05,38.1,completed
CHG0003305,EV000491,ST001,2026-03-21T00:00:00Z,55.5,21.36,71.11,43.1,45.83,completed
CHG0003306,EV000188,ST002,2026-03-21T03:00:00Z,48.8,26.36,93.72,51.33,37.1,completed
CHG0003307,EV000339,ST001,2026-03-21T06:00:00Z,51.6,19.82,79.14,66.2,39.63,completed
CHG0003308,EV000016,ST002,2026-03-21T09:00:00Z,97.1,34.96,83.49,55.68,38.43,completed
CHG0003309,EV000114,ST003,2026-03-21T12:00:00Z,49.9,43.06,81.3,58.52,35.79,completed
CHG0003310,EV000174,ST002,2026-03-21T15:00:00Z,64.3,20.47,79.26,71.43,33.12,completed
CHG0003311,EV000281,ST004,2026-03-21T18:00:00Z,47.1,16.88,73.52,57.4,40.69,completed
CHG0003312,EV000185,ST001,2026-03-21T21:00:00Z,45.3,26.17,70.72,58.97,42.72,completed
CHG0003313,EV000015,ST001,2026-03-22T00:00:00Z,43.9,42.34,96.8,48.11,40.84,completed
CHG0003314,EV000274,ST002,2026-03-22T03:00:00Z,55.2,29.71,82.39,51.31,36.49,completed
CHG0003315,EV000397,ST002,2026-03-22T06:00:00Z,51.9,17.38,83.13,36.87,41.12,completed
CHG0003316,EV000180,ST001,2026-03-22T09:00:00Z,50.9,10.87,81.93,44.52,35.43,completed
CHG0003317,EV000382,ST003,2026-03-22T12:00:00Z,50.9,21.1,80.2,49.1,42.74,completed
CHG0003318,EV000442,ST002,2026-03-22T15:00:00Z,44.7,37.32,87.54,55.9,43.3,completed
CHG0003319,EV000048,ST002,2026-03-22T18:00:00Z,47.7,18.9,84.83,52.61,38.84,completed
CHG0003320,EV000319,ST003,2026-03-22T21:00:00Z,48.0,14.63,92.8,63.47,39.65,completed
CHG0003321,EV000106,ST002,2026-03-23T00:00:00Z,42.1,40.09,73.43,64.04,35.79,completed
CHG0003322,EV000226,ST001,2026-03-23T03:00:00Z,58.2,22.83,76.26,35.27,40.5,completed
CHG0003323,EV000240,ST001,2026-03-23T06:00:00Z,28.7,39.1,89.42,67.85,39.09,completed
CHG0003324,EV000494,ST003,2026-03-23T09:00:00Z,28.4,31.47,73.75,53.05,51.68,completed
CHG0003325,EV000316,ST002,2026-03-23T12:00:00Z,46.9,13.39,90.4,41.91,45.64,completed
CHG0003326,EV000478,ST001,2026-03-23T15:00:00Z,102.8,38.78,89.94,46.59,43.65,completed
CHG0003327,EV000287,ST001,2026-03-23T18:00:00Z,43.0,39.38,80.94,41.38,34.37,completed
CHG0003328,EV000200,ST003,2026-03-23T21:00:00Z,41.8,30.51,74.74,55.92,32.55,completed
CHG0003329,EV000264,ST003,2026-03-24T00:00:00Z,50.6,23.25,92.86,53.62,37.45,completed
CHG0003330,EV000244,ST001,2026-03-24T03:00:00Z,49.4,37.14,72.33,66.6,43.15,completed
CHG0003331,EV000360,ST002,2026-03-24T06:00:00Z,47.7,18.73,81.6,42.26,44.29,completed
CHG0003332,EV000447,ST002,2026-03-24T09:00:00Z,38.8,24.57,72.15,53.47,34.76,completed
CHG0003333,EV000097,ST004,2026-03-24T12:00:00Z,34.2,12.93,87.24,58.46,33.67,completed
CHG0003334,EV000440,ST002,2026-03-24T15:00:00Z,28.7,27.08,79.91,69.42,45.02,completed
CHG0003335,EV000389,ST001,2026-03-24T18:00:00Z,46.9,42.17,81.17,57.5,30.72,completed
CHG0003336,EV000050,ST002,2026-03-24T21:00:00Z,44.4,38.55,88.76,52.17,42.86,completed
CHG0003337,EV000213,ST001,2026-03-25T00:00:00Z,47.5,29.42,81.01,51.53,44.79,completed
CHG0003338,EV000046,ST003,2026-03-25T03:00:00Z,44.4,25.87,96.04,61.42,34.26,completed
CHG0003339,EV000176,ST004,2026-03-25T06:00:00Z,48.1,24.37,82.71,60.03,41.87,completed
CHG0003340,EV000364,ST002,2026-03-25T09:00:00Z,41.2,26.45,85.3,51.36,38.54,completed
CHG0003341,EV000428,ST003,2026-03-25T12:00:00Z,39.8,11.77,71.13,52.38,36.49,completed
CHG0003342,EV000100,ST004,2026-03-25T15:00:00Z,47.2,25.83,79.87,54.71,40.24,completed
CHG0003343,EV000002,ST004,2026-03-25T18:00:00Z,49.3,32.09,91.66,42.72,47.91,completed
CHG0003344,EV000198,ST004,2026-03-25T21:00:00Z,52.2,17.99,87.98,45.43,36.47,completed
CHG0003345,EV000252,ST001,2026-03-26T00:00:00Z,51.6,19.41,78.21,48.81,36.08,completed
CHG0003346,EV000399,ST003,2026-03-26T03:00:00Z,42.2,17.42,87.89,42.73,52.45,completed
CHG0003347,EV000497,ST004,2026-03-26T06:00:00Z,52.3,13.03,78.31,43.31,42.08,completed
CHG0003348,EV000406,ST004,2026-03-26T09:00:00Z,39.4,28.24,96.35,65.5,55.09,completed
CHG0003349,EV000274,ST003,2026-03-26T12:00:00Z,62.6,41.75,87.45,52.53,37.64,completed
CHG0003350,EV000107,ST002,2026-03-26T15:00:00Z,52.4,11.16,93.32,71.52,53.22,completed
CHG0003351,EV000289,ST002,2026-03-26T18:00:00Z,41.8,34.21,80.97,65.17,40.1,completed
CHG0003352,EV000001,ST004,2026-03-26T21:00:00Z,48.8,10.89,79.89,62.47,36.53,completed
CHG0003353,EV000176,ST003,2026-03-27T00:00:00Z,38.1,34.97,97.87,47.76,35.66,completed
CHG0003354,EV000258,ST004,2026-03-27T03:00:00Z,56.6,14.1,82.25,48.76,37.95,completed
CHG0003355,EV000234,ST003,2026-03-27T06:00:00Z,52.3,34.18,96.68,60.77,43.14,completed
CHG0003356,EV000419,ST002,2026-03-27T09:00:00Z,44.4,37.54,91.76,50.57,43.5,completed
CHG0003357,EV000174,ST002,2026-03-27T12:00:00Z,56.2,26.36,76.53,40.5,40.07,completed
CHG0003358,EV000326,ST003,2026-03-27T15:00:00Z,51.4,35.45,74.12,48.22,33.53,completed
CHG0003359,EV000217,ST004,2026-03-27T18:00:00Z,51.4,30.67,89.53,38.72,42.01,completed
CHG0003360,EV000080,ST001,2026-03-27T21:00:00Z,57.2,25.67,97.99,58.82,41.61,completed
CHG0003361,EV000012,ST002,2026-03-28T00:00:00Z,98.1,31.84,77.44,50.01,39.07,completed
CHG0003362,EV000023,ST001,2026-03-28T03:00:00Z,38.7,25.51,83.95,48.74,56.04,completed
CHG0003363,EV000429,ST004,2026-03-28T06:00:00Z,42.2,20.52,84.99,58.21,34.28,completed
CHG0003364,EV000044,ST003,2026-03-28T09:00:00Z,62.6,14.19,97.55,58.49,50.7,completed
CHG0003365,EV000362,ST004,2026-03-28T12:00:00Z,53.1,12.48,73.44,48.65,37.99,completed
CHG0003366,EV000097,ST001,2026-03-28T15:00:00Z,43.3,29.08,71.52,58.2,48.03,completed
CHG0003367,EV000355,ST003,2026-03-28T18:00:00Z,45.1,16.21,74.68,60.49,38.11,completed
CHG0003368,EV000197,ST002,2026-03-28T21:00:00Z,94.9,31.58,78.41,43.42,39.58,completed
CHG0003369,EV000325,ST002,2026-03-29T00:00:00Z,59.4,16.3,95.84,57.17,38.57,completed
CHG0003370,EV000475,ST003,2026-03-29T03:00:00Z,53.0,40.57,97.6,50.26,40.0,completed
CHG0003371,EV000464,ST001,2026-03-29T06:00:00Z,51.3,17.19,77.3,62.29,41.23,completed
CHG0003372,EV000360,ST002,2026-03-29T09:00:00Z,43.3,14.81,86.26,61.17,40.51,completed
CHG0003373,EV000282,ST004,2026-03-29T12:00:00Z,57.5,17.54,81.48,57.87,43.26,completed
CHG0003374,EV000337,ST003,2026-03-29T15:00:00Z,99.4,35.94,93.73,44.88,35.69,completed
CHG0003375,EV000474,ST004,2026-03-29T18:00:00Z,97.7,31.29,75.67,41.35,46.89,completed
CHG0003376,EV000247,ST002,2026-03-29T21:00:00Z,57.0,42.84,97.77,56.26,39.08,completed
CHG0003377,EV000154,ST003,2026-03-30T00:00:00Z,44.3,17.96,95.12,37.41,34.78,completed
CHG0003378,EV000259,ST004,2026-03-30T03:00:00Z,65.9,43.22,77.97,70.52,40.88,completed
CHG0003379,EV000431,ST004,2026-03-30T06:00:00Z,44.6,35.1,75.37,60.73,52.21,completed
CHG0003380,EV000496,ST002,2026-03-30T09:00:00Z,62.5,23.23,94.59,57.19,38.97,completed
CHG0003381,EV000028,ST002,2026-03-30T12:00:00Z,61.9,18.9,72.36,47.99,36.72,completed
CHG0003382,EV000380,ST003,2026-03-30T15:00:00Z,49.8,38.82,95.5,48.94,46.13,completed
CHG0003383,EV000397,ST002,2026-03-30T18:00:00Z,47.4,24.8,75.56,67.37,35.74,completed
CHG0003384,EV000175,ST002,2026-03-30T21:00:00Z,44.7,11.64,93.72,48.3,43.63,completed
CHG0003385,EV000443,ST004,2026-03-31T00:00:00Z,43.9,39.7,97.2,55.08,34.51,completed
CHG0003386,EV000013,ST003,2026-03-31T03:00:00Z,47.8,29.18,75.22,65.25,52.71,completed
CHG0003387,EV000432,ST001,2026-03-31T06:00:00Z,45.1,35.78,79.14,43.16,43.6,completed
CHG0003388,EV000135,ST004,2026-03-31T09:00:00Z,46.8,20.46,84.56,70.98,37.92,completed
CHG0003389,EV000386,ST003,2026-03-31T12:00:00Z,47.7,37.65,72.4,47.36,38.94,completed
CHG0003390,EV000410,ST003,2026-03-31T15:00:00Z,49.5,30.78,85.83,53.94,35.4,completed
CHG0003391,EV000241,ST001,2026-03-31T18:00:00Z,43.7,19.53,96.22,61.84,38.2,completed
CHG0003392,EV000357,ST002,2026-03-31T21:00:00Z,53.2,15.31,89.71,52.65,36.05,completed
CHG0003393,EV000346,ST002,2026-04-01T00:00:00Z,32.8,10.31,89.65,72.18,34.91,completed
CHG0003394,EV000250,ST004,2026-04-01T03:00:00Z,53.0,24.84,88.44,40.24,35.56,completed
CHG0003395,EV000432,ST004,2026-04-01T06:00:00Z,54.1,27.28,86.47,56.62,38.88,completed
CHG0003396,EV000170,ST002,2026-04-01T09:00:00Z,63.1,20.01,75.95,58.64,33.4,completed
CHG0003397,EV000022,ST004,2026-04-01T12:00:00Z,46.2,36.93,90.68,51.94,25.97,completed
CHG0003398,EV000371,ST002,2026-04-01T15:00:00Z,38.1,17.33,73.16,50.55,35.78,completed
CHG0003399,EV000277,ST002,2026-04-01T18:00:00Z,47.2,30.39,75.94,50.15,40.52,completed
CHG0003400,EV000288,ST003,2026-04-01T21:00:00Z,34.7,43.41,85.89,62.39,34.1,completed
CHG0003401,EV000052,ST003,2026-04-02T00:00:00Z,45.7,25.18,77.63,47.49,31.44,completed
CHG0003402,EV000071,ST004,2026-04-02T03:00:00Z,60.7,13.97,95.7,61.03,31.11,completed
CHG0003403,EV000308,ST004,2026-04-02T06:00:00Z,49.0,20.32,93.51,45.3,44.53,completed
CHG0003404,EV000429,ST002,2026-04-02T09:00:00Z,47.2,14.03,95.41,64.1,39.79,completed
CHG0003405,EV000433,ST002,2026-04-02T12:00:00Z,48.5,24.16,71.36,59.99,35.04,completed
CHG0003406,EV000134,ST001,2026-04-02T15:00:00Z,112.4,40.13,78.53,48.19,47.6,completed
CHG0003407,EV000098,ST003,2026-04-02T18:00:00Z,101.2,14.78,96.16,30.33,36.1,completed
CHG0003408,EV000136,ST003,2026-04-02T21:00:00Z,50.3,37.4,86.59,43.67,52.06,completed
CHG0003409,EV000052,ST003,2026-04-03T00:00:00Z,39.5,23.81,84.65,58.11,32.42,completed
CHG0003410,EV000408,ST003,2026-04-03T03:00:00Z,41.3,41.6,76.81,61.11,33.43,completed
CHG0003411,EV000397,ST001,2026-04-03T06:00:00Z,50.7,34.95,95.08,54.21,38.92,completed
CHG0003412,EV000470,ST001,2026-04-03T09:00:00Z,42.3,20.77,74.35,48.32,42.16,completed
CHG0003413,EV000476,ST002,2026-04-03T12:00:00Z,109.8,17.03,71.48,46.16,31.89,completed
CHG0003414,EV000355,ST001,2026-04-03T15:00:00Z,42.3,38.37,95.89,66.99,38.62,completed
CHG0003415,EV000264,ST003,2026-04-03T18:00:00Z,32.5,22.83,79.52,59.9,32.93,completed
CHG0003416,EV000369,ST003,2026-04-03T21:00:00Z,50.6,28.35,87.05,57.07,41.25,completed
CHG0003417,EV000197,ST001,2026-04-04T00:00:00Z,83.9,36.95,71.84,38.37,40.72,completed
CHG0003418,EV000038,ST004,2026-04-04T03:00:00Z,40.4,18.65,73.62,79.1,43.26,completed
CHG0003419,EV000203,ST004,2026-04-04T06:00:00Z,54.8,37.17,72.0,50.41,36.74,completed
CHG0003420,EV000203,ST004,2026-04-04T09:00:00Z,55.8,26.74,71.58,53.6,41.04,completed
CHG0003421,EV000178,ST002,2026-04-04T12:00:00Z,32.9,42.92,89.81,60.56,39.45,completed
CHG0003422,EV000302,ST002,2026-04-04T15:00:00Z,43.0,20.35,83.67,47.81,38.75,completed
CHG0003423,EV000343,ST004,2026-04-04T18:00:00Z,52.4,31.19,96.16,69.49,32.55,completed
CHG0003424,EV000009,ST001,2026-04-04T21:00:00Z,47.1,31.33,79.45,54.7,54.35,completed
CHG0003425,EV000371,ST002,2026-04-05T00:00:00Z,51.4,25.27,81.67,57.8,41.98,completed
CHG0003426,EV000497,ST004,2026-04-05T03:00:00Z,62.8,15.85,78.05,66.41,36.7,completed
CHG0003427,EV000473,ST003,2026-04-05T06:00:00Z,63.0,37.26,92.44,59.13,30.35,completed
CHG0003428,EV000212,ST003,2026-04-05T09:00:00Z,63.2,13.42,81.07,60.66,36.87,completed
CHG0003429,EV000369,ST004,2026-04-05T12:00:00Z,48.8,30.62,85.55,47.45,40.72,completed
CHG0003430,EV000178,ST002,2026-04-05T15:00:00Z,45.3,11.62,86.94,62.27,44.24,completed
CHG0003431,EV000444,ST002,2026-04-05T18:00:00Z,53.5,25.72,90.05,59.16,40.74,completed
CHG0003432,EV000121,ST004,2026-04-05T21:00:00Z,56.9,18.38,89.72,57.38,53.19,completed
CHG0003433,EV000480,ST002,2026-04-06T00:00:00Z,83.5,32.0,80.1,68.36,37.79,completed
CHG0003434,EV000080,ST003,2026-04-06T03:00:00Z,41.1,17.49,82.44,57.36,40.18,completed
CHG0003435,EV000317,ST004,2026-04-06T06:00:00Z,40.5,39.81,88.88,46.4,24.74,completed
CHG0003436,EV000092,ST004,2026-04-06T09:00:00Z,54.4,40.3,72.69,47.64,38.38,completed
CHG0003437,EV000375,ST002,2026-04-06T12:00:00Z,38.7,24.06,73.68,52.93,44.68,completed
CHG0003438,EV000187,ST004,2026-04-06T15:00:00Z,59.7,44.89,78.3,56.38,33.17,completed
CHG0003439,EV000410,ST002,2026-04-06T18:00:00Z,50.7,30.8,72.16,52.7,36.68,completed
CHG0003440,EV000356,ST003,2026-04-06T21:00:00Z,46.6,35.83,84.55,62.61,51.93,completed
CHG0003441,EV000436,ST003,2026-04-07T00:00:00Z,38.5,11.04,96.39,46.09,42.12,completed
CHG0003442,EV000173,ST001,2026-04-07T03:00:00Z,39.6,15.51,89.95,62.63,43.59,completed
CHG0003443,EV000222,ST004,2026-04-07T06:00:00Z,47.3,34.44,82.9,80.05,41.13,completed
CHG0003444,EV000373,ST002,2026-04-07T09:00:00Z,106.4,35.52,78.06,64.08,35.77,completed
CHG0003445,EV000453,ST001,2026-04-07T12:00:00Z,47.3,17.41,84.31,51.33,39.18,completed
CHG0003446,EV000338,ST001,2026-04-07T15:00:00Z,43.5,30.02,77.71,44.3,37.45,completed
CHG0003447,EV000420,ST004,2026-04-07T18:00:00Z,48.4,34.11,87.67,49.55,30.33,completed
CHG0003448,EV000374,ST001,2026-04-07T21:00:00Z,34.9,10.69,80.6,53.03,34.17,completed
CHG0003449,EV000116,ST003,2026-04-08T00:00:00Z,32.8,15.01,84.57,44.68,37.8,completed
CHG0003450,EV000292,ST003,2026-04-08T03:00:00Z,63.9,43.25,76.31,52.24,36.23,completed
CHG0003451,EV000059,ST002,2026-04-08T06:00:00Z,50.2,37.11,90.55,77.87,42.18,completed
CHG0003452,EV000074,ST003,2026-04-08T09:00:00Z,55.6,16.52,90.69,67.91,31.01,completed
CHG0003453,EV000248,ST001,2026-04-08T12:00:00Z,52.4,37.98,93.52,61.05,34.59,completed
CHG0003454,EV000195,ST002,2026-04-08T15:00:00Z,49.1,13.69,88.54,47.55,52.02,completed
CHG0003455,EV000460,ST002,2026-04-08T18:00:00Z,51.1,42.01,76.03,57.77,41.32,completed
CHG0003456,EV000425,ST004,2026-04-08T21:00:00Z,51.2,24.62,79.86,56.43,41.92,completed
CHG0003457,EV000053,ST004,2026-04-09T00:00:00Z,54.9,35.7,75.84,52.27,42.67,completed
CHG0003458,EV000379,ST003,2026-04-09T03:00:00Z,52.7,38.57,70.25,41.73,35.01,completed
CHG0003459,EV000270,ST001,2026-04-09T06:00:00Z,58.2,44.19,76.4,45.73,38.26,completed
CHG0003460,EV000358,ST001,2026-04-09T09:00:00Z,54.2,36.58,76.75,67.66,42.47,completed
CHG0003461,EV000219,ST001,2026-04-09T12:00:00Z,66.3,30.29,89.15,49.21,34.56,completed
CHG0003462,EV000379,ST004,2026-04-09T15:00:00Z,43.0,39.18,94.52,61.09,33.93,completed
CHG0003463,EV000111,ST002,2026-04-09T18:00:00Z,62.8,30.4,84.94,43.46,49.65,completed
CHG0003464,EV000379,ST003,2026-04-09T21:00:00Z,48.0,12.19,82.75,59.49,42.32,completed
CHG0003465,EV000496,ST004,2026-04-10T00:00:00Z,31.9,27.37,80.06,57.66,34.28,completed
CHG0003466,EV000205,ST001,2026-04-10T03:00:00Z,46.7,14.09,93.93,49.39,40.07,completed
CHG0003467,EV000126,ST001,2026-04-10T06:00:00Z,41.7,32.82,84.29,56.58,29.8,completed
CHG0003468,EV000421,ST003,2026-04-10T09:00:00Z,56.1,24.07,93.52,55.69,35.38,completed
CHG0003469,EV000021,ST004,2026-04-10T12:00:00Z,49.1,16.59,71.72,57.99,35.97,completed
CHG0003470,EV000319,ST003,2026-04-10T15:00:00Z,63.1,42.82,74.8,44.0,42.31,completed
CHG0003471,EV000143,ST001,2026-04-10T18:00:00Z,55.9,28.88,95.03,55.73,43.8,completed
CHG0003472,EV000256,ST002,2026-04-10T21:00:00Z,35.9,21.96,76.29,30.04,34.72,completed
CHG0003473,EV000374,ST001,2026-04-11T00:00:00Z,60.4,11.98,70.95,50.83,38.42,completed
CHG0003474,EV000148,ST001,2026-04-11T03:00:00Z,49.3,19.05,95.87,38.75,35.51,completed
CHG0003475,EV000394,ST003,2026-04-11T06:00:00Z,58.0,17.63,81.56,51.06,31.98,completed
CHG0003476,EV000434,ST003,2026-04-11T09:00:00Z,60.3,17.78,83.01,55.32,35.7,completed
CHG0003477,EV000093,ST003,2026-04-11T12:00:00Z,64.4,27.61,81.13,49.9,41.86,completed
CHG0003478,EV000130,ST002,2026-04-11T15:00:00Z,48.8,37.76,76.01,64.06,36.54,completed
CHG0003479,EV000088,ST003,2026-04-11T18:00:00Z,41.4,23.97,73.9,51.9,48.23,completed
CHG0003480,EV000371,ST003,2026-04-11T21:00:00Z,46.2,43.95,94.9,72.86,34.33,completed
CHG0003481,EV000016,ST001,2026-04-12T00:00:00Z,96.1,16.13,79.82,57.33,42.28,completed
CHG0003482,EV000018,ST001,2026-04-12T03:00:00Z,45.2,35.4,73.0,57.96,35.59,completed
CHG0003483,EV000469,ST004,2026-04-12T06:00:00Z,48.8,34.17,90.97,57.13,45.28,completed
CHG0003484,EV000140,ST001,2026-04-12T09:00:00Z,58.9,20.54,71.52,73.7,51.67,completed
CHG0003485,EV000062,ST004,2026-04-12T12:00:00Z,48.5,21.36,97.15,35.07,43.49,completed
CHG0003486,EV000396,ST001,2026-04-12T15:00:00Z,53.3,38.28,85.84,67.21,51.66,completed
CHG0003487,EV000183,ST002,2026-04-12T18:00:00Z,89.1,42.47,97.52,66.9,34.06,completed
CHG0003488,EV000227,ST003,2026-04-12T21:00:00Z,45.7,15.45,89.19,57.35,34.27,completed
CHG0003489,EV000003,ST004,2026-04-13T00:00:00Z,47.0,37.52,82.18,58.6,36.84,completed
CHG0003490,EV000407,ST004,2026-04-13T03:00:00Z,50.2,31.14,81.29,65.18,36.07,completed
CHG0003491,EV000040,ST003,2026-04-13T06:00:00Z,35.5,21.46,71.47,57.21,32.3,completed
CHG0003492,EV000159,ST003,2026-04-13T09:00:00Z,55.4,43.29,92.72,69.5,37.95,completed
CHG0003493,EV000185,ST002,2026-04-13T12:00:00Z,56.2,13.07,92.29,54.3,40.53,completed
CHG0003494,EV000100,ST004,2026-04-13T15:00:00Z,56.9,40.18,73.29,61.93,38.27,completed
CHG0003495,EV000381,ST003,2026-04-13T18:00:00Z,49.6,20.2,74.01,66.54,34.31,completed
CHG0003496,EV000372,ST003,2026-04-13T21:00:00Z,48.8,21.12,76.19,52.71,40.03,completed
CHG0003497,EV000032,ST002,2026-04-14T00:00:00Z,110.0,36.78,79.71,53.67,33.9,completed
CHG0003498,EV000410,ST003,2026-04-14T03:00:00Z,60.9,27.38,89.8,69.93,34.51,completed
CHG0003499,EV000409,ST004,2026-04-14T06:00:00Z,56.5,27.94,86.72,55.34,35.72,completed
CHG0003500,EV000446,ST002,2026-04-14T09:00:00Z,41.4,12.3,84.52,59.06,40.38,completed
CHG0003501,EV000330,ST002,2026-04-14T12:00:00Z,46.5,11.31,85.13,55.78,41.28,completed
CHG0003502,EV000105,ST004,2026-04-14T15:00:00Z,33.7,38.63,89.11,50.25,38.88,completed
CHG0003503,EV000131,ST004,2026-04-14T18:00:00Z,40.7,36.18,90.18,47.32,34.8,completed
CHG0003504,EV000004,ST004,2026-04-14T21:00:00Z,41.6,34.67,95.5,42.6,41.24,completed
CHG0003505,EV000201,ST002,2026-04-15T00:00:00Z,51.6,19.25,97.87,54.91,35.5,completed
CHG0003506,EV000131,ST002,2026-04-15T03:00:00Z,55.3,35.44,96.49,66.1,42.83,completed
CHG0003507,EV000060,ST002,2026-04-15T06:00:00Z,49.0,34.78,79.6,57.21,35.82,completed
CHG0003508,EV000175,ST004,2026-04-15T09:00:00Z,54.6,21.59,72.44,60.23,46.01,completed
CHG0003509,EV000375,ST003,2026-04-15T12:00:00Z,51.9,16.02,85.36,68.46,38.4,completed
CHG0003510,EV000249,ST001,2026-04-15T15:00:00Z,43.1,33.71,92.3,52.94,37.57,completed
CHG0003511,EV000062,ST002,2026-04-15T18:00:00Z,52.2,13.37,85.1,66.1,33.89,completed
CHG0003512,EV000131,ST002,2026-04-15T21:00:00Z,59.4,15.09,78.06,38.54,31.46,completed
CHG0003513,EV000283,ST002,2026-04-16T00:00:00Z,55.5,32.4,70.97,63.39,39.07,completed
CHG0003514,EV000076,ST001,2026-04-16T03:00:00Z,54.5,34.99,86.61,52.48,49.89,completed
CHG0003515,EV000375,ST002,2026-04-16T06:00:00Z,44.9,43.53,86.16,57.18,36.19,completed
CHG0003516,EV000298,ST002,2026-04-16T09:00:00Z,51.2,29.88,78.08,62.05,38.34,completed
CHG0003517,EV000139,ST003,2026-04-16T12:00:00Z,62.8,32.17,72.56,47.65,41.26,completed
CHG0003518,EV000218,ST004,2026-04-16T15:00:00Z,105.6,33.87,76.72,62.43,34.68,completed
CHG0003519,EV000425,ST002,2026-04-16T18:00:00Z,57.4,24.99,86.66,55.39,32.45,completed
CHG0003520,EV000140,ST001,2026-04-16T21:00:00Z,54.4,26.79,89.95,51.72,50.95,completed
CHG0003521,EV000116,ST001,2026-04-17T00:00:00Z,45.5,12.0,96.35,43.35,39.53,completed
CHG0003522,EV000500,ST003,2026-04-17T03:00:00Z,37.5,37.71,79.58,63.45,40.28,completed
CHG0003523,EV000396,ST003,2026-04-17T06:00:00Z,51.0,26.47,88.24,39.79,49.45,completed
CHG0003524,EV000273,ST001,2026-04-17T09:00:00Z,34.7,22.24,92.71,51.33,38.58,completed
CHG0003525,EV000054,ST002,2026-04-17T12:00:00Z,58.8,33.65,97.66,65.38,40.26,completed
CHG0003526,EV000091,ST002,2026-04-17T15:00:00Z,107.0,30.8,82.88,47.39,40.46,completed
CHG0003527,EV000117,ST002,2026-04-17T18:00:00Z,47.6,24.79,94.08,45.99,32.46,completed
CHG0003528,EV000243,ST002,2026-04-17T21:00:00Z,35.6,31.28,89.18,46.69,34.51,completed
CHG0003529,EV000158,ST001,2026-04-18T00:00:00Z,53.7,22.39,86.22,67.54,37.31,completed
CHG0003530,EV000407,ST001,2026-04-18T03:00:00Z,41.1,14.72,89.32,53.63,36.42,completed
CHG0003531,EV000037,ST004,2026-04-18T06:00:00Z,46.6,34.56,76.23,47.55,35.71,completed
CHG0003532,EV000062,ST001,2026-04-18T09:00:00Z,56.4,43.36,88.54,69.31,35.31,completed
CHG0003533,EV000214,ST004,2026-04-18T12:00:00Z,48.1,16.58,96.99,59.38,42.18,completed
CHG0003534,EV000332,ST004,2026-04-18T15:00:00Z,101.5,38.74,96.77,38.3,30.77,completed
CHG0003535,EV000214,ST002,2026-04-18T18:00:00Z,55.0,35.11,91.86,58.54,32.7,completed
CHG0003536,EV000448,ST002,2026-04-18T21:00:00Z,53.3,39.33,90.76,61.27,34.56,completed
CHG0003537,EV000262,ST001,2026-04-19T00:00:00Z,61.7,30.39,94.3,55.09,33.08,completed
CHG0003538,EV000226,ST002,2026-04-19T03:00:00Z,41.5,24.64,70.75,58.13,42.06,completed
CHG0003539,EV000312,ST003,2026-04-19T06:00:00Z,74.8,24.25,92.06,51.98,38.07,completed
CHG0003540,EV000325,ST001,2026-04-19T09:00:00Z,49.1,13.36,87.08,52.42,46.22,completed
CHG0003541,EV000473,ST003,2026-04-19T12:00:00Z,53.2,41.55,76.29,47.97,34.94,completed
CHG0003542,EV000168,ST002,2026-04-19T15:00:00Z,48.5,26.31,90.97,46.9,30.03,completed
CHG0003543,EV000080,ST003,2026-04-19T18:00:00Z,44.9,15.45,90.91,57.09,37.62,completed
CHG0003544,EV000182,ST002,2026-04-19T21:00:00Z,47.0,21.95,70.82,54.95,46.84,completed
CHG0003545,EV000067,ST003,2026-04-20T00:00:00Z,51.5,26.48,94.3,59.75,35.24,completed
CHG0003546,EV000027,ST002,2026-04-20T03:00:00Z,42.8,41.16,87.52,63.57,32.81,completed
CHG0003547,EV000359,ST002,2026-04-20T06:00:00Z,51.2,12.24,88.29,49.9,31.43,completed
CHG0003548,EV000373,ST003,2026-04-20T09:00:00Z,114.8,32.03,72.86,60.09,41.98,completed
CHG0003549,EV000435,ST004,2026-04-20T12:00:00Z,41.1,30.86,74.38,60.1,38.7,completed
CHG0003550,EV000444,ST004,2026-04-20T15:00:00Z,45.3,19.87,71.07,57.21,38.76,completed
CHG0003551,EV000279,ST001,2026-04-20T18:00:00Z,53.8,15.42,89.11,50.0,38.64,completed
CHG0003552,EV000054,ST004,2026-04-20T21:00:00Z,46.4,17.57,96.17,73.16,37.74,completed
CHG0003553,EV000252,ST001,2026-04-21T00:00:00Z,48.2,15.46,82.75,40.94,38.48,completed
CHG0003554,EV000486,ST004,2026-04-21T03:00:00Z,35.8,14.36,89.94,60.46,33.39,completed
CHG0003555,EV000398,ST002,2026-04-21T06:00:00Z,92.0,15.14,81.45,64.08,41.31,completed
CHG0003556,EV000304,ST003,2026-04-21T09:00:00Z,46.8,39.28,89.05,40.16,39.78,completed
CHG0003557,EV000398,ST002,2026-04-21T12:00:00Z,113.4,11.53,74.66,44.17,39.0,completed
CHG0003558,EV000360,ST003,2026-04-21T15:00:00Z,57.0,42.91,78.86,58.88,36.51,completed
CHG0003559,EV000321,ST001,2026-04-21T18:00:00Z,91.5,32.88,92.01,60.13,35.77,completed
CHG0003560,EV000268,ST002,2026-04-21T21:00:00Z,54.5,25.28,72.91,35.73,38.63,completed
CHG0003561,EV000358,ST003,2026-04-22T00:00:00Z,45.8,19.86,84.68,67.52,35.71,completed
CHG0003562,EV000054,ST004,2026-04-22T03:00:00Z,44.9,33.52,80.75,45.29,37.6,completed
CHG0003563,EV000238,ST001,2026-04-22T06:00:00Z,52.3,10.56,73.78,50.01,49.75,completed
CHG0003564,EV000398,ST002,2026-04-22T09:00:00Z,61.4,21.07,88.93,53.8,34.49,completed
CHG0003565,EV000307,ST003,2026-04-22T12:00:00Z,45.1,18.87,71.24,63.88,36.38,completed
CHG0003566,EV000122,ST003,2026-04-22T15:00:00Z,102.2,11.82,75.3,36.08,38.74,completed
CHG0003567,EV000401,ST002,2026-04-22T18:00:00Z,39.9,13.16,83.34,42.39,39.02,completed
CHG0003568,EV000441,ST001,2026-04-22T21:00:00Z,47.8,43.6,83.77,52.9,49.02,completed
CHG0003569,EV000467,ST004,2026-04-23T00:00:00Z,61.5,15.76,89.69,48.5,35.85,completed
CHG0003570,EV000459,ST004,2026-04-23T03:00:00Z,43.6,28.12,84.37,59.55,38.91,completed
CHG0003571,EV000322,ST002,2026-04-23T06:00:00Z,89.2,27.12,95.06,58.16,33.72,completed
CHG0003572,EV000127,ST004,2026-04-23T09:00:00Z,45.1,30.97,93.82,63.83,48.25,completed
CHG0003573,EV000082,ST004,2026-04-23T12:00:00Z,30.0,16.6,89.8,53.49,56.76,completed
CHG0003574,EV000005,ST003,2026-04-23T15:00:00Z,53.5,24.58,79.37,53.5,43.21,completed
CHG0003575,EV000031,ST002,2026-04-23T18:00:00Z,46.8,31.19,97.51,56.57,38.98,completed
CHG0003576,EV000084,ST004,2026-04-23T21:00:00Z,47.7,17.43,94.64,48.89,38.02,completed
CHG0003577,EV000236,ST002,2026-04-24T00:00:00Z,41.9,36.33,71.14,54.49,33.84,completed
CHG0003578,EV000414,ST004,2026-04-24T03:00:00Z,53.4,36.34,84.68,66.61,48.42,completed
CHG0003579,EV000077,ST003,2026-04-24T06:00:00Z,51.9,39.58,95.1,66.59,33.38,completed
CHG0003580,EV000252,ST002,2026-04-24T09:00:00Z,41.9,29.34,91.7,52.45,31.61,completed
CHG0003581,EV000375,ST001,2026-04-24T12:00:00Z,52.1,39.26,75.1,58.26,39.04,completed
CHG0003582,EV000406,ST003,2026-04-24T15:00:00Z,46.5,42.29,73.63,59.19,45.66,completed
CHG0003583,EV000240,ST002,2026-04-24T18:00:00Z,51.3,28.65,86.21,47.92,37.09,completed
CHG0003584,EV000227,ST002,2026-04-24T21:00:00Z,43.6,21.54,95.29,56.27,34.35,completed
CHG0003585,EV000479,ST004,2026-04-25T00:00:00Z,40.3,22.45,85.8,60.29,44.68,completed
CHG0003586,EV000281,ST002,2026-04-25T03:00:00Z,54.4,23.86,97.66,53.9,31.28,completed
CHG0003587,EV000328,ST003,2026-04-25T06:00:00Z,36.9,28.26,83.99,45.35,38.63,completed
CHG0003588,EV000268,ST001,2026-04-25T09:00:00Z,51.7,22.34,73.14,51.07,35.55,completed
CHG0003589,EV000016,ST001,2026-04-25T12:00:00Z,118.5,10.98,83.53,48.84,40.86,completed
CHG0003590,EV000302,ST003,2026-04-25T15:00:00Z,54.6,10.85,88.98,61.21,43.83,completed
CHG0003591,EV000415,ST003,2026-04-25T18:00:00Z,31.6,37.29,83.55,66.48,33.99,completed
CHG0003592,EV000049,ST003,2026-04-25T21:00:00Z,41.8,20.72,73.66,48.67,40.85,completed
CHG0003593,EV000480,ST002,2026-04-26T00:00:00Z,109.6,11.29,86.83,46.77,34.21,completed
CHG0003594,EV000274,ST004,2026-04-26T03:00:00Z,55.4,12.51,74.57,43.43,37.74,completed
CHG0003595,EV000319,ST001,2026-04-26T06:00:00Z,37.3,37.81,95.08,67.25,35.34,completed
CHG0003596,EV000290,ST002,2026-04-26T09:00:00Z,47.7,35.98,90.03,44.71,36.07,completed
CHG0003597,EV000379,ST004,2026-04-26T12:00:00Z,52.2,41.38,87.14,51.66,32.86,completed
CHG0003598,EV000430,ST002,2026-04-26T15:00:00Z,106.9,21.24,89.51,78.02,40.58,completed
CHG0003599,EV000063,ST004,2026-04-26T18:00:00Z,46.3,40.02,87.83,58.45,39.46,completed
CHG0003600,EV000457,ST004,2026-04-26T21:00:00Z,86.5,40.79,93.57,66.03,40.99,completed
CHG0003601,EV000102,ST004,2026-04-27T00:00:00Z,39.9,39.98,89.62,65.24,43.74,completed
CHG0003602,EV000127,ST001,2026-04-27T03:00:00Z,56.5,22.6,91.52,51.88,47.81,completed
CHG0003603,EV000054,ST002,2026-04-27T06:00:00Z,40.4,36.35,71.22,54.88,45.43,completed
CHG0003604,EV000234,ST003,2026-04-27T09:00:00Z,41.8,29.08,86.08,46.69,41.31,completed
CHG0003605,EV000492,ST004,2026-04-27T12:00:00Z,35.6,23.3,89.99,66.58,32.21,completed
CHG0003606,EV000195,ST002,2026-04-27T15:00:00Z,58.9,37.31,78.91,47.22,51.32,completed
CHG0003607,EV000270,ST002,2026-04-27T18:00:00Z,50.8,22.26,89.17,52.98,34.08,completed
CHG0003608,EV000016,ST004,2026-04-27T21:00:00Z,103.9,16.36,74.92,52.85,39.69,completed
CHG0003609,EV000494,ST001,2026-04-28T00:00:00Z,52.7,39.88,93.29,49.0,50.8,completed
CHG0003610,EV000272,ST001,2026-04-28T03:00:00Z,30.1,44.31,74.23,60.54,38.17,completed
CHG0003611,EV000018,ST003,2026-04-28T06:00:00Z,56.2,14.37,81.18,58.59,40.83,completed
CHG0003612,EV000016,ST003,2026-04-28T09:00:00Z,115.9,12.65,83.03,46.83,39.5,completed
CHG0003613,EV000050,ST003,2026-04-28T12:00:00Z,44.6,28.36,75.58,63.18,39.68,completed
CHG0003614,EV000365,ST002,2026-04-28T15:00:00Z,57.0,20.46,78.37,65.74,41.73,completed
CHG0003615,EV000051,ST003,2026-04-28T18:00:00Z,56.9,26.91,76.16,57.73,53.01,completed
CHG0003616,EV000224,ST004,2026-04-28T21:00:00Z,45.6,35.44,87.11,45.16,43.18,completed
CHG0003617,EV000032,ST002,2026-04-29T00:00:00Z,86.3,16.49,74.93,51.46,30.76,completed
CHG0003618,EV000369,ST004,2026-04-29T03:00:00Z,41.7,16.74,97.07,58.15,39.44,completed
CHG0003619,EV000126,ST003,2026-04-29T06:00:00Z,31.3,29.8,78.52,54.64,33.89,completed
CHG0003620,EV000367,ST003,2026-04-29T09:00:00Z,94.4,33.86,87.23,46.52,36.45,completed
CHG0003621,EV000263,ST003,2026-04-29T12:00:00Z,52.8,16.22,93.37,49.15,38.35,completed
CHG0003622,EV000275,ST004,2026-04-29T15:00:00Z,62.0,26.96,95.04,47.26,39.61,completed
CHG0003623,EV000125,ST003,2026-04-29T18:00:00Z,37.0,36.68,71.01,56.37,35.94,completed
CHG0003624,EV000460,ST004,2026-04-29T21:00:00Z,48.3,30.36,74.33,57.42,42.61,completed
CHG0003625,EV000215,ST001,2026-04-30T00:00:00Z,52.6,41.16,74.46,53.19,38.12,completed
CHG0003626,EV000319,ST003,2026-04-30T03:00:00Z,51.2,21.41,73.74,64.42,34.69,completed
CHG0003627,EV000080,ST001,2026-04-30T06:00:00Z,66.7,24.83,74.21,62.5,34.53,completed
CHG0003628,EV000134,ST003,2026-04-30T09:00:00Z,101.5,28.19,95.71,50.23,35.67,completed
CHG0003629,EV000430,ST004,2026-04-30T12:00:00Z,92.9,17.46,72.6,43.28,33.54,completed
CHG0003630,EV000235,ST001,2026-04-30T15:00:00Z,56.3,31.92,89.5,51.75,27.78,completed
CHG0003631,EV000059,ST002,2026-04-30T18:00:00Z,49.6,20.16,74.17,66.22,34.3,completed
CHG0003632,EV000079,ST004,2026-04-30T21:00:00Z,58.3,29.62,92.09,55.49,37.02,completed
CHG0003633,EV000280,ST003,2026-05-01T00:00:00Z,49.9,22.0,72.01,52.56,40.43,completed
CHG0003634,EV000484,ST001,2026-05-01T03:00:00Z,39.5,13.04,74.95,56.14,34.94,completed
CHG0003635,EV000068,ST004,2026-05-01T06:00:00Z,50.1,36.87,87.96,70.22,43.09,completed
CHG0003636,EV000082,ST001,2026-05-01T09:00:00Z,47.7,18.1,95.56,52.44,54.25,completed
CHG0003637,EV000164,ST002,2026-05-01T12:00:00Z,52.9,33.74,93.51,57.74,34.77,completed
CHG0003638,EV000448,ST002,2026-05-01T15:00:00Z,49.4,18.83,88.82,62.03,36.87,completed
CHG0003639,EV000317,ST003,2026-05-01T18:00:00Z,32.9,24.4,81.64,70.21,29.96,completed
CHG0003640,EV000158,ST001,2026-05-01T21:00:00Z,47.9,14.44,86.91,50.95,38.98,completed
CHG0003641,EV000431,ST004,2026-05-02T00:00:00Z,40.6,23.31,97.72,63.12,50.95,completed
CHG0003642,EV000423,ST003,2026-05-02T03:00:00Z,42.6,32.43,72.28,66.29,53.14,completed
CHG0003643,EV000022,ST004,2026-05-02T06:00:00Z,52.5,27.41,71.38,50.65,41.72,completed
CHG0003644,EV000293,ST002,2026-05-02T09:00:00Z,92.3,24.59,86.9,53.68,36.59,completed
CHG0003645,EV000307,ST003,2026-05-02T12:00:00Z,61.0,44.39,74.76,43.05,41.26,completed
CHG0003646,EV000402,ST001,2026-05-02T15:00:00Z,57.0,15.68,82.1,62.91,36.32,completed
CHG0003647,EV000021,ST001,2026-05-02T18:00:00Z,59.1,33.65,77.86,48.53,32.58,completed
CHG0003648,EV000124,ST004,2026-05-02T21:00:00Z,67.1,36.4,94.28,36.5,41.74,completed
CHG0003649,EV000460,ST003,2026-05-03T00:00:00Z,52.2,36.63,85.07,53.61,34.88,completed
CHG0003650,EV000094,ST002,2026-05-03T03:00:00Z,48.1,12.62,80.19,53.31,40.0,completed
CHG0003651,EV000283,ST001,2026-05-03T06:00:00Z,49.8,28.88,92.91,42.07,41.52,completed
CHG0003652,EV000364,ST002,2026-05-03T09:00:00Z,42.8,21.15,86.25,46.1,35.1,completed
CHG0003653,EV000165,ST003,2026-05-03T12:00:00Z,47.3,19.3,87.33,59.55,35.39,completed
CHG0003654,EV000444,ST004,2026-05-03T15:00:00Z,49.2,44.12,74.01,46.62,43.45,completed
CHG0003655,EV000410,ST002,2026-05-03T18:00:00Z,49.0,27.1,89.51,49.11,41.68,completed
CHG0003656,EV000196,ST004,2026-05-03T21:00:00Z,45.5,32.09,79.63,53.68,30.95,completed
CHG0003657,EV000482,ST004,2026-05-04T00:00:00Z,70.5,13.52,86.6,42.39,38.09,completed
CHG0003658,EV000291,ST004,2026-05-04T03:00:00Z,44.9,10.02,85.34,63.3,37.2,completed
CHG0003659,EV000073,ST001,2026-05-04T06:00:00Z,39.3,34.87,81.85,72.15,35.15,completed
CHG0003660,EV000174,ST001,2026-05-04T09:00:00Z,54.2,13.79,78.33,54.71,39.92,completed
CHG0003661,EV000305,ST004,2026-05-04T12:00:00Z,48.9,33.85,79.23,47.97,35.74,completed
CHG0003662,EV000268,ST003,2026-05-04T15:00:00Z,57.2,10.69,90.45,53.52,36.19,completed
CHG0003663,EV000468,ST001,2026-05-04T18:00:00Z,49.9,19.93,83.28,41.58,47.15,completed
CHG0003664,EV000012,ST002,2026-05-04T21:00:00Z,59.0,27.51,87.02,68.73,34.97,completed
CHG0003665,EV000368,ST004,2026-05-05T00:00:00Z,51.0,16.97,90.85,46.84,32.37,completed
CHG0003666,EV000137,ST002,2026-05-05T03:00:00Z,51.1,15.62,95.47,50.48,50.93,completed
CHG0003667,EV000017,ST002,2026-05-05T06:00:00Z,49.3,37.45,95.88,38.0,40.28,completed
CHG0003668,EV000046,ST003,2026-05-05T09:00:00Z,37.3,36.84,74.3,45.54,43.78,completed
CHG0003669,EV000188,ST003,2026-05-05T12:00:00Z,51.1,26.0,76.2,52.51,34.5,completed
CHG0003670,EV000483,ST001,2026-05-05T15:00:00Z,46.7,38.88,95.42,48.2,44.07,completed
CHG0003671,EV000341,ST002,2026-05-05T18:00:00Z,78.7,34.54,72.42,38.74,38.1,completed
CHG0003672,EV000013,ST001,2026-05-05T21:00:00Z,59.1,21.68,84.5,58.56,54.28,completed
CHG0003673,EV000076,ST004,2026-05-06T00:00:00Z,49.1,33.34,80.16,55.97,53.42,completed
CHG0003674,EV000468,ST003,2026-05-06T03:00:00Z,44.8,36.58,85.54,36.77,60.63,completed
CHG0003675,EV000010,ST001,2026-05-06T06:00:00Z,39.3,30.32,81.51,37.15,39.09,completed
CHG0003676,EV000193,ST004,2026-05-06T09:00:00Z,40.3,11.4,92.36,64.45,36.65,completed
CHG0003677,EV000132,ST004,2026-05-06T12:00:00Z,50.4,11.46,89.93,39.07,53.25,completed
CHG0003678,EV000172,ST001,2026-05-06T15:00:00Z,51.9,13.86,76.13,41.04,36.33,completed
CHG0003679,EV000420,ST003,2026-05-06T18:00:00Z,53.3,38.66,73.67,56.81,46.44,completed
CHG0003680,EV000447,ST003,2026-05-06T21:00:00Z,42.3,13.3,78.29,57.43,38.93,completed
CHG0003681,EV000439,ST002,2026-05-07T00:00:00Z,42.3,30.12,82.82,60.38,41.65,completed
CHG0003682,EV000203,ST004,2026-05-07T03:00:00Z,49.4,23.28,83.51,45.28,38.16,completed
CHG0003683,EV000047,ST004,2026-05-07T06:00:00Z,43.1,27.27,73.95,49.04,39.94,completed
CHG0003684,EV000366,ST004,2026-05-07T09:00:00Z,40.5,34.08,70.58,54.93,38.24,completed
CHG0003685,EV000326,ST002,2026-05-07T12:00:00Z,49.8,23.08,88.53,66.51,35.18,completed
CHG0003686,EV000401,ST001,2026-05-07T15:00:00Z,55.7,15.19,77.1,54.84,37.79,completed
CHG0003687,EV000129,ST004,2026-05-07T18:00:00Z,48.2,12.32,84.99,64.89,35.3,completed
CHG0003688,EV000399,ST001,2026-05-07T21:00:00Z,48.4,30.68,78.83,53.56,49.7,completed
CHG0003689,EV000296,ST001,2026-05-08T00:00:00Z,59.5,15.44,86.01,51.11,39.07,completed
CHG0003690,EV000237,ST004,2026-05-08T03:00:00Z,44.4,36.12,82.43,53.85,39.5,completed
CHG0003691,EV000207,ST003,2026-05-08T06:00:00Z,49.0,12.02,72.08,57.7,37.6,completed
CHG0003692,EV000412,ST002,2026-05-08T09:00:00Z,113.8,11.52,73.74,62.31,42.72,completed
CHG0003693,EV000015,ST002,2026-05-08T12:00:00Z,40.6,22.93,94.53,60.02,36.77,completed
CHG0003694,EV000141,ST002,2026-05-08T15:00:00Z,51.4,40.46,84.6,73.93,49.52,completed
CHG0003695,EV000339,ST004,2026-05-08T18:00:00Z,48.3,35.67,79.35,62.46,42.25,completed
CHG0003696,EV000109,ST002,2026-05-08T21:00:00Z,48.7,22.43,96.71,50.39,50.49,completed
CHG0003697,EV000104,ST002,2026-05-09T00:00:00Z,44.8,33.35,90.28,51.8,34.73,completed
CHG0003698,EV000152,ST003,2026-05-09T03:00:00Z,55.0,23.35,85.29,58.78,37.2,completed
CHG0003699,EV000313,ST001,2026-05-09T06:00:00Z,50.8,29.79,70.62,55.06,42.93,completed
CHG0003700,EV000299,ST002,2026-05-09T09:00:00Z,43.0,21.42,74.14,67.46,42.36,completed
CHG0003701,EV000347,ST002,2026-05-09T12:00:00Z,39.9,10.96,87.37,70.13,36.43,completed
CHG0003702,EV000458,ST004,2026-05-09T15:00:00Z,38.1,20.56,74.39,62.08,37.73,completed
CHG0003703,EV000405,ST004,2026-05-09T18:00:00Z,56.8,19.03,81.35,63.73,36.43,completed
CHG0003704,EV000348,ST003,2026-05-09T21:00:00Z,52.4,18.98,76.79,47.74,44.68,completed
CHG0003705,EV000268,ST001,2026-05-10T00:00:00Z,45.3,14.22,75.73,56.9,35.73,completed
CHG0003706,EV000142,ST003,2026-05-10T03:00:00Z,43.6,24.05,70.6,55.16,41.45,completed
CHG0003707,EV000048,ST003,2026-05-10T06:00:00Z,66.9,33.48,95.02,56.18,33.38,completed
CHG0003708,EV000474,ST003,2026-05-10T09:00:00Z,83.9,40.29,96.08,45.74,43.6,completed
CHG0003709,EV000099,ST004,2026-05-10T12:00:00Z,43.8,33.79,82.81,74.81,42.49,completed
CHG0003710,EV000053,ST001,2026-05-10T15:00:00Z,50.7,36.7,96.33,53.87,38.1,completed
CHG0003711,EV000293,ST002,2026-05-10T18:00:00Z,84.0,11.67,81.85,55.4,42.12,completed
CHG0003712,EV000381,ST004,2026-05-10T21:00:00Z,38.3,42.85,85.98,50.73,40.85,completed
CHG0003713,EV000399,ST002,2026-05-11T00:00:00Z,47.9,34.93,72.62,60.13,47.84,completed
CHG0003714,EV000254,ST004,2026-05-11T03:00:00Z,96.8,36.96,95.83,27.59,43.99,completed
CHG0003715,EV000113,ST003,2026-05-11T06:00:00Z,53.6,36.21,86.62,57.77,45.4,completed
CHG0003716,EV000246,ST002,2026-05-11T09:00:00Z,45.4,36.55,70.39,31.58,43.62,completed
CHG0003717,EV000211,ST004,2026-05-11T12:00:00Z,51.9,19.88,73.45,74.06,34.94,completed
CHG0003718,EV000255,ST001,2026-05-11T15:00:00Z,53.3,35.84,75.32,70.24,48.73,completed
CHG0003719,EV000318,ST001,2026-05-11T18:00:00Z,43.3,22.43,80.29,58.06,41.48,completed
CHG0003720,EV000381,ST001,2026-05-11T21:00:00Z,34.0,19.87,94.26,46.16,42.36,completed
CHG0003721,EV000089,ST003,2026-05-12T00:00:00Z,40.1,35.41,78.42,55.11,38.9,completed
CHG0003722,EV000420,ST004,2026-05-12T03:00:00Z,53.6,15.8,87.7,44.47,37.93,completed
CHG0003723,EV000052,ST002,2026-05-12T06:00:00Z,55.6,41.04,83.14,58.01,38.58,completed
CHG0003724,EV000325,ST002,2026-05-12T09:00:00Z,41.8,17.66,93.09,67.39,36.01,completed
CHG0003725,EV000185,ST004,2026-05-12T12:00:00Z,34.4,25.76,91.88,62.83,38.6,completed
CHG0003726,EV000051,ST002,2026-05-12T15:00:00Z,32.0,41.88,80.05,71.42,51.29,completed
CHG0003727,EV000065,ST003,2026-05-12T18:00:00Z,124.6,19.81,70.51,65.28,40.43,completed
CHG0003728,EV000465,ST003,2026-05-12T21:00:00Z,42.8,29.5,87.17,42.68,33.68,completed
CHG0003729,EV000217,ST004,2026-05-13T00:00:00Z,46.1,12.4,91.74,66.53,43.48,completed
CHG0003730,EV000128,ST002,2026-05-13T03:00:00Z,51.5,22.8,95.71,74.73,43.67,completed
CHG0003731,EV000278,ST003,2026-05-13T06:00:00Z,53.4,10.16,84.08,32.01,40.25,completed
CHG0003732,EV000450,ST003,2026-05-13T09:00:00Z,55.6,10.48,93.42,56.38,53.21,completed
CHG0003733,EV000448,ST004,2026-05-13T12:00:00Z,67.4,39.7,80.12,47.23,50.15,completed
CHG0003734,EV000304,ST002,2026-05-13T15:00:00Z,67.2,21.55,86.78,68.63,36.24,completed
CHG0003735,EV000225,ST001,2026-05-13T18:00:00Z,49.0,28.56,92.22,63.11,36.64,completed
CHG0003736,EV000182,ST004,2026-05-13T21:00:00Z,62.8,24.67,90.54,62.29,48.34,completed
CHG0003737,EV000190,ST002,2026-05-14T00:00:00Z,44.3,44.37,83.14,65.09,36.61,completed
CHG0003738,EV000487,ST001,2026-05-14T03:00:00Z,66.2,37.52,78.06,49.13,44.81,completed
CHG0003739,EV000207,ST001,2026-05-14T06:00:00Z,46.3,34.47,91.39,59.72,33.35,completed
CHG0003740,EV000081,ST003,2026-05-14T09:00:00Z,41.5,23.12,93.4,43.62,35.58,completed
CHG0003741,EV000010,ST004,2026-05-14T12:00:00Z,61.1,26.55,87.11,62.23,33.83,completed
CHG0003742,EV000383,ST004,2026-05-14T15:00:00Z,45.9,20.13,74.22,57.25,38.99,completed
CHG0003743,EV000165,ST004,2026-05-14T18:00:00Z,46.9,39.93,70.34,45.67,37.03,completed
CHG0003744,EV000210,ST003,2026-05-14T21:00:00Z,86.0,24.21,90.23,43.33,40.3,completed
CHG0003745,EV000445,ST003,2026-05-15T00:00:00Z,56.7,30.46,78.11,57.59,39.72,completed
CHG0003746,EV000120,ST003,2026-05-15T03:00:00Z,58.0,42.19,72.2,55.26,33.59,completed
CHG0003747,EV000271,ST003,2026-05-15T06:00:00Z,39.8,44.95,82.04,53.23,40.47,completed
CHG0003748,EV000386,ST002,2026-05-15T09:00:00Z,57.2,26.27,87.85,50.03,39.63,completed
CHG0003749,EV000232,ST004,2026-05-15T12:00:00Z,44.7,35.93,95.37,31.14,34.39,completed
CHG0003750,EV000268,ST002,2026-05-15T15:00:00Z,47.2,40.52,83.95,63.1,39.45,completed
CHG0003751,EV000372,ST001,2026-05-15T18:00:00Z,46.8,34.05,71.97,57.51,38.18,completed
CHG0003752,EV000225,ST004,2026-05-15T21:00:00Z,50.2,39.48,82.56,55.76,40.11,completed
CHG0003753,EV000443,ST002,2026-05-16T00:00:00Z,50.8,23.05,72.21,64.94,39.72,completed
CHG0003754,EV000132,ST003,2026-05-16T03:00:00Z,47.1,11.63,96.63,49.36,49.59,completed
CHG0003755,EV000178,ST001,2026-05-16T06:00:00Z,50.2,14.55,93.15,54.41,41.45,completed
CHG0003756,EV000449,ST002,2026-05-16T09:00:00Z,50.3,41.77,89.88,55.45,47.38,completed
CHG0003757,EV000287,ST003,2026-05-16T12:00:00Z,56.9,39.32,70.38,56.17,40.13,completed
CHG0003758,EV000097,ST001,2026-05-16T15:00:00Z,57.0,18.2,70.48,52.92,39.91,completed
CHG0003759,EV000307,ST002,2026-05-16T18:00:00Z,40.7,44.43,70.83,53.0,40.42,completed
CHG0003760,EV000290,ST003,2026-05-16T21:00:00Z,47.9,26.04,70.28,52.42,38.37,completed
CHG0003761,EV000457,ST002,2026-05-17T00:00:00Z,88.6,24.42,80.59,59.12,31.98,completed
CHG0003762,EV000198,ST002,2026-05-17T03:00:00Z,44.2,26.8,88.1,53.01,39.38,completed
CHG0003763,EV000075,ST004,2026-05-17T06:00:00Z,91.1,15.68,74.87,64.64,42.66,completed
CHG0003764,EV000482,ST004,2026-05-17T09:00:00Z,38.4,15.54,95.09,46.28,34.41,completed
CHG0003765,EV000125,ST004,2026-05-17T12:00:00Z,57.3,37.39,70.82,40.43,33.81,completed
CHG0003766,EV000074,ST002,2026-05-17T15:00:00Z,60.0,43.24,71.8,36.5,37.92,completed
CHG0003767,EV000393,ST004,2026-05-17T18:00:00Z,60.3,33.55,90.41,50.96,35.05,completed
CHG0003768,EV000190,ST004,2026-05-17T21:00:00Z,45.1,10.26,76.64,52.85,33.1,completed
CHG0003769,EV000169,ST001,2026-05-18T00:00:00Z,48.4,16.64,71.69,70.35,39.87,completed
CHG0003770,EV000086,ST003,2026-05-18T03:00:00Z,45.5,44.65,70.39,64.08,55.22,completed
CHG0003771,EV000077,ST001,2026-05-18T06:00:00Z,51.1,10.02,89.53,57.8,38.45,completed
CHG0003772,EV000254,ST002,2026-05-18T09:00:00Z,91.8,19.65,77.7,75.02,37.94,completed
CHG0003773,EV000356,ST004,2026-05-18T12:00:00Z,52.9,13.95,90.2,51.4,47.64,completed
CHG0003774,EV000088,ST002,2026-05-18T15:00:00Z,27.6,42.01,78.16,65.39,50.66,completed
CHG0003775,EV000252,ST003,2026-05-18T18:00:00Z,42.5,39.26,96.15,71.29,38.37,completed
CHG0003776,EV000330,ST004,2026-05-18T21:00:00Z,44.0,36.4,97.42,62.07,40.17,completed
CHG0003777,EV000138,ST003,2026-05-19T00:00:00Z,96.0,37.41,94.05,41.09,39.97,completed
CHG0003778,EV000274,ST004,2026-05-19T03:00:00Z,46.8,37.83,87.2,58.52,38.81,completed
CHG0003779,EV000187,ST001,2026-05-19T06:00:00Z,41.5,31.34,73.8,63.02,40.47,completed
CHG0003780,EV000240,ST001,2026-05-19T09:00:00Z,52.9,12.03,70.63,57.92,41.18,completed
CHG0003781,EV000384,ST001,2026-05-19T12:00:00Z,46.7,10.65,92.69,61.25,34.84,completed
CHG0003782,EV000450,ST001,2026-05-19T15:00:00Z,37.1,22.05,86.84,64.46,46.92,completed
CHG0003783,EV000035,ST001,2026-05-19T18:00:00Z,54.6,33.31,81.3,49.83,29.26,completed
CHG0003784,EV000387,ST001,2026-05-19T21:00:00Z,51.1,29.05,86.03,47.9,39.68,completed
CHG0003785,EV000306,ST003,2026-05-20T00:00:00Z,60.9,25.34,84.26,56.17,39.1,completed
CHG0003786,EV000023,ST002,2026-05-20T03:00:00Z,44.0,33.41,97.41,75.49,51.35,completed
CHG0003787,EV000134,ST001,2026-05-20T06:00:00Z,92.6,12.18,91.15,60.12,41.56,completed
CHG0003788,EV000495,ST003,2026-05-20T09:00:00Z,87.8,25.14,84.41,56.05,40.16,completed
CHG0003789,EV000457,ST003,2026-05-20T12:00:00Z,90.3,44.26,76.88,46.61,33.01,completed
CHG0003790,EV000339,ST001,2026-05-20T15:00:00Z,44.6,33.41,70.0,52.04,30.56,completed
CHG0003791,EV000238,ST004,2026-05-20T18:00:00Z,54.5,16.52,81.81,45.33,51.6,completed
CHG0003792,EV000007,ST004,2026-05-20T21:00:00Z,79.3,37.11,70.32,64.4,43.31,completed
CHG0003793,EV000283,ST001,2026-05-21T00:00:00Z,52.9,35.34,95.02,59.96,40.72,completed
CHG0003794,EV000367,ST002,2026-05-21T03:00:00Z,85.2,11.75,72.51,56.79,41.34,completed
CHG0003795,EV000452,ST002,2026-05-21T06:00:00Z,38.9,15.81,96.88,61.35,33.05,completed
CHG0003796,EV000159,ST004,2026-05-21T09:00:00Z,44.6,20.6,87.02,62.34,45.36,completed
CHG0003797,EV000334,ST001,2026-05-21T12:00:00Z,55.9,17.61,95.71,48.13,53.02,completed
CHG0003798,EV000035,ST002,2026-05-21T15:00:00Z,33.3,23.37,90.09,49.69,39.3,completed
CHG0003799,EV000236,ST002,2026-05-21T18:00:00Z,58.4,12.61,87.79,57.53,36.04,completed
CHG0003800,EV000413,ST004,2026-05-21T21:00:00Z,72.4,36.23,93.88,50.77,47.48,completed
CHG0003801,EV000426,ST004,2026-05-22T00:00:00Z,41.1,20.24,85.55,48.36,43.03,completed
CHG0003802,EV000482,ST003,2026-05-22T03:00:00Z,41.8,35.96,83.84,72.36,37.0,completed
CHG0003803,EV000369,ST001,2026-05-22T06:00:00Z,53.3,27.42,78.54,55.45,39.53,completed
CHG0003804,EV000343,ST002,2026-05-22T09:00:00Z,47.1,38.38,96.61,58.07,34.31,completed
CHG0003805,EV000436,ST003,2026-05-22T12:00:00Z,48.1,26.39,88.7,57.51,37.1,completed
CHG0003806,EV000373,ST002,2026-05-22T15:00:00Z,93.3,21.56,81.89,36.65,36.28,completed
CHG0003807,EV000358,ST004,2026-05-22T18:00:00Z,40.4,23.92,84.05,47.86,40.98,completed
CHG0003808,EV000028,ST002,2026-05-22T21:00:00Z,36.8,12.41,97.49,48.87,37.54,completed
CHG0003809,EV000061,ST002,2026-05-23T00:00:00Z,44.5,12.01,71.8,53.23,41.42,completed
CHG0003810,EV000276,ST003,2026-05-23T03:00:00Z,55.8,42.27,74.33,64.3,45.42,completed
CHG0003811,EV000170,ST001,2026-05-23T06:00:00Z,54.0,16.79,87.03,39.44,38.96,completed
CHG0003812,EV000279,ST002,2026-05-23T09:00:00Z,48.5,11.13,72.24,62.52,36.13,completed
CHG0003813,EV000143,ST002,2026-05-23T12:00:00Z,50.4,15.94,87.72,55.58,37.62,completed
CHG0003814,EV000337,ST003,2026-05-23T15:00:00Z,108.4,19.62,86.98,44.55,36.77,completed
CHG0003815,EV000465,ST001,2026-05-23T18:00:00Z,37.4,30.06,83.26,50.4,32.85,completed
CHG0003816,EV000337,ST004,2026-05-23T21:00:00Z,106.1,37.56,77.5,56.11,40.69,completed
CHG0003817,EV000105,ST001,2026-05-24T00:00:00Z,48.6,26.35,94.03,57.54,45.28,completed
CHG0003818,EV000362,ST003,2026-05-24T03:00:00Z,41.0,39.19,96.95,55.95,38.03,completed
CHG0003819,EV000283,ST004,2026-05-24T06:00:00Z,53.0,18.56,87.55,52.73,33.92,completed
CHG0003820,EV000102,ST004,2026-05-24T09:00:00Z,54.6,17.4,82.36,67.35,40.07,completed
CHG0003821,EV000367,ST001,2026-05-24T12:00:00Z,96.4,21.58,75.2,62.25,29.92,completed
CHG0003822,EV000142,ST003,2026-05-24T15:00:00Z,37.9,31.6,96.45,50.71,44.83,completed
CHG0003823,EV000177,ST003,2026-05-24T18:00:00Z,100.1,27.06,85.82,67.67,40.14,completed
CHG0003824,EV000380,ST001,2026-05-24T21:00:00Z,54.5,28.2,90.24,54.17,46.83,completed
CHG0003825,EV000312,ST004,2026-05-25T00:00:00Z,103.4,33.05,90.55,30.44,41.47,completed
CHG0003826,EV000369,ST001,2026-05-25T03:00:00Z,33.3,37.82,81.51,53.8,39.69,completed
CHG0003827,EV000362,ST004,2026-05-25T06:00:00Z,47.0,40.5,97.39,47.99,31.46,completed
CHG0003828,EV000065,ST002,2026-05-25T09:00:00Z,87.4,18.35,84.44,52.39,37.84,completed
CHG0003829,EV000292,ST002,2026-05-25T12:00:00Z,43.0,10.2,76.08,64.94,38.48,completed
CHG0003830,EV000451,ST003,2026-05-25T15:00:00Z,63.7,31.16,90.47,41.87,34.11,completed
CHG0003831,EV000196,ST003,2026-05-25T18:00:00Z,44.1,24.86,80.96,55.32,38.76,completed
CHG0003832,EV000490,ST003,2026-05-25T21:00:00Z,46.3,17.83,87.22,55.42,38.75,completed
CHG0003833,EV000473,ST002,2026-05-26T00:00:00Z,53.8,33.21,80.27,57.68,45.81,completed
CHG0003834,EV000087,ST001,2026-05-26T03:00:00Z,47.3,29.11,83.12,44.82,37.14,completed
CHG0003835,EV000221,ST002,2026-05-26T06:00:00Z,56.8,20.54,74.42,60.01,39.42,completed
CHG0003836,EV000088,ST002,2026-05-26T09:00:00Z,42.2,23.68,74.25,49.05,43.97,completed
CHG0003837,EV000303,ST003,2026-05-26T12:00:00Z,48.0,35.39,72.7,62.85,40.28,completed
CHG0003838,EV000001,ST003,2026-05-26T15:00:00Z,48.1,12.0,93.51,49.97,44.81,completed
CHG0003839,EV000121,ST004,2026-05-26T18:00:00Z,59.3,35.36,72.56,64.27,51.86,completed
CHG0003840,EV000072,ST001,2026-05-26T21:00:00Z,45.3,19.15,92.98,47.2,41.31,completed
CHG0003841,EV000306,ST003,2026-05-27T00:00:00Z,61.2,12.87,71.11,59.01,32.03,completed
CHG0003842,EV000274,ST001,2026-05-27T03:00:00Z,53.3,37.84,88.88,61.45,47.95,completed
CHG0003843,EV000080,ST001,2026-05-27T06:00:00Z,60.7,15.84,96.81,45.54,37.35,completed
CHG0003844,EV000359,ST003,2026-05-27T09:00:00Z,38.6,41.78,92.25,33.8,35.38,completed
CHG0003845,EV000410,ST001,2026-05-27T12:00:00Z,37.7,31.54,73.88,38.35,34.86,completed
CHG0003846,EV000138,ST001,2026-05-27T15:00:00Z,113.8,18.86,80.98,41.71,31.78,completed
CHG0003847,EV000459,ST001,2026-05-27T18:00:00Z,55.3,22.9,92.62,51.11,33.37,completed
CHG0003848,EV000494,ST002,2026-05-27T21:00:00Z,37.6,24.87,78.06,36.72,50.39,completed
CHG0003849,EV000017,ST003,2026-05-28T00:00:00Z,63.0,35.8,90.23,37.55,42.17,completed
CHG0003850,EV000421,ST004,2026-05-28T03:00:00Z,50.5,21.65,86.81,49.17,37.48,completed
CHG0003851,EV000364,ST002,2026-05-28T06:00:00Z,47.7,22.36,70.58,49.59,41.61,completed
CHG0003852,EV000150,ST002,2026-05-28T09:00:00Z,56.2,12.49,74.69,48.57,32.49,completed
CHG0003853,EV000010,ST002,2026-05-28T12:00:00Z,35.1,28.28,91.92,50.08,38.77,completed
CHG0003854,EV000173,ST003,2026-05-28T15:00:00Z,27.0,23.2,77.02,32.03,39.63,completed
CHG0003855,EV000380,ST001,2026-05-28T18:00:00Z,50.3,43.52,93.27,48.04,48.6,completed
CHG0003856,EV000231,ST002,2026-05-28T21:00:00Z,66.8,35.48,95.99,57.19,36.94,completed
CHG0003857,EV000164,ST004,2026-05-29T00:00:00Z,49.9,13.63,82.32,45.77,42.9,completed
CHG0003858,EV000092,ST002,2026-05-29T03:00:00Z,36.8,29.92,81.55,54.29,37.15,completed
CHG0003859,EV000205,ST003,2026-05-29T06:00:00Z,44.4,23.74,94.25,51.64,32.59,completed
CHG0003860,EV000346,ST001,2026-05-29T09:00:00Z,50.9,12.92,88.99,59.78,32.47,completed
CHG0003861,EV000339,ST004,2026-05-29T12:00:00Z,53.7,13.04,72.99,54.88,35.59,completed
CHG0003862,EV000374,ST003,2026-05-29T15:00:00Z,51.0,35.89,94.97,65.08,34.5,completed
CHG0003863,EV000288,ST004,2026-05-29T18:00:00Z,52.3,44.01,97.7,62.06,34.51,completed
CHG0003864,EV000075,ST002,2026-05-29T21:00:00Z,100.8,21.02,82.07,57.88,43.47,completed
CHG0003865,EV000366,ST003,2026-05-30T00:00:00Z,52.4,16.53,72.62,53.82,35.19,completed
CHG0003866,EV000348,ST004,2026-05-30T03:00:00Z,35.5,25.91,70.27,44.53,37.22,completed
CHG0003867,EV000209,ST001,2026-05-30T06:00:00Z,100.0,19.93,74.63,50.83,45.3,completed
CHG0003868,EV000243,ST002,2026-05-30T09:00:00Z,49.9,30.66,91.79,51.23,36.04,completed
CHG0003869,EV000375,ST003,2026-05-30T12:00:00Z,42.4,38.06,71.5,71.92,31.53,completed
CHG0003870,EV000132,ST004,2026-05-30T15:00:00Z,47.3,39.65,89.68,55.15,50.01,completed
CHG0003871,EV000028,ST002,2026-05-30T18:00:00Z,53.9,16.07,71.85,56.43,38.83,completed
CHG0003872,EV000302,ST004,2026-05-30T21:00:00Z,57.7,32.87,78.24,69.45,37.42,completed
CHG0003873,EV000486,ST002,2026-05-31T00:00:00Z,54.7,26.72,96.69,49.65,39.84,completed
CHG0003874,EV000280,ST004,2026-05-31T03:00:00Z,48.3,43.34,86.17,43.29,37.9,completed
CHG0003875,EV000142,ST003,2026-05-31T06:00:00Z,43.2,39.5,82.85,73.77,34.12,completed
CHG0003876,EV000418,ST004,2026-05-31T09:00:00Z,46.4,31.75,89.46,51.98,37.26,completed
CHG0003877,EV000410,ST003,2026-05-31T12:00:00Z,58.1,19.91,81.36,64.04,38.71,completed
CHG0003878,EV000218,ST003,2026-05-31T15:00:00Z,88.6,14.57,89.05,63.47,42.23,completed
CHG0003879,EV000160,ST001,2026-05-31T18:00:00Z,45.0,11.67,81.49,60.8,43.25,completed
CHG0003880,EV000079,ST004,2026-05-31T21:00:00Z,62.9,25.07,75.94,67.01,41.06,completed
CHG0003881,EV000135,ST002,2026-06-01T00:00:00Z,54.6,43.77,83.63,56.59,35.44,completed
CHG0003882,EV000490,ST001,2026-06-01T03:00:00Z,50.1,44.32,97.51,55.98,35.73,completed
CHG0003883,EV000368,ST004,2026-06-01T06:00:00Z,61.5,34.95,95.29,56.43,46.76,completed
CHG0003884,EV000347,ST004,2026-06-01T09:00:00Z,48.7,43.54,83.44,53.49,37.93,completed
CHG0003885,EV000346,ST003,2026-06-01T12:00:00Z,46.0,31.71,86.73,49.52,38.75,completed
CHG0003886,EV000182,ST001,2026-06-01T15:00:00Z,50.5,25.82,93.71,47.06,53.85,completed
CHG0003887,EV000216,ST004,2026-06-01T18:00:00Z,45.6,43.2,92.26,58.72,35.31,completed
CHG0003888,EV000131,ST004,2026-06-01T21:00:00Z,47.5,22.94,85.16,78.29,35.32,completed
CHG0003889,EV000376,ST003,2026-06-02T00:00:00Z,50.8,37.44,71.77,49.36,37.0,completed
CHG0003890,EV000323,ST003,2026-06-02T03:00:00Z,59.6,22.92,77.36,61.87,42.11,completed
CHG0003891,EV000294,ST002,2026-06-02T06:00:00Z,47.7,38.94,71.15,54.58,34.5,completed
CHG0003892,EV000124,ST002,2026-06-02T09:00:00Z,52.4,38.03,89.32,44.07,35.22,completed
CHG0003893,EV000030,ST004,2026-06-02T12:00:00Z,41.9,34.74,89.24,73.48,46.65,completed
CHG0003894,EV000115,ST001,2026-06-02T15:00:00Z,59.9,25.44,81.21,66.68,37.44,completed
CHG0003895,EV000100,ST001,2026-06-02T18:00:00Z,35.5,17.07,71.64,48.21,36.93,completed
CHG0003896,EV000491,ST004,2026-06-02T21:00:00Z,51.1,34.44,71.46,64.08,34.94,completed
CHG0003897,EV000029,ST004,2026-06-03T00:00:00Z,51.3,12.03,76.35,47.94,41.01,completed
CHG0003898,EV000101,ST004,2026-06-03T03:00:00Z,49.5,38.63,81.26,58.15,36.59,completed
CHG0003899,EV000398,ST003,2026-06-03T06:00:00Z,86.5,26.24,81.55,45.91,36.67,completed
CHG0003900,EV000120,ST003,2026-06-03T09:00:00Z,54.6,13.25,95.55,65.22,34.07,completed
CHG0003901,EV000017,ST002,2026-06-03T12:00:00Z,41.8,22.51,94.9,46.44,44.57,completed
CHG0003902,EV000432,ST004,2026-06-03T15:00:00Z,47.4,34.93,78.36,65.26,49.28,completed
CHG0003903,EV000344,ST001,2026-06-03T18:00:00Z,44.6,31.04,75.92,43.47,55.71,completed
CHG0003904,EV000420,ST004,2026-06-03T21:00:00Z,48.7,24.42,73.41,62.74,35.9,completed
CHG0003905,EV000006,ST001,2026-06-04T00:00:00Z,56.2,35.49,95.87,68.64,40.32,completed
CHG0003906,EV000491,ST004,2026-06-04T03:00:00Z,52.1,26.66,70.34,48.9,38.11,completed
CHG0003907,EV000454,ST002,2026-06-04T06:00:00Z,50.4,25.4,90.84,73.95,48.59,completed
CHG0003908,EV000225,ST003,2026-06-04T09:00:00Z,49.6,37.09,89.51,36.73,38.65,completed
CHG0003909,EV000461,ST001,2026-06-04T12:00:00Z,95.5,24.01,87.94,64.23,43.49,completed
CHG0003910,EV000320,ST002,2026-06-04T15:00:00Z,55.2,14.05,86.72,56.72,30.68,completed
CHG0003911,EV000242,ST001,2026-06-04T18:00:00Z,64.5,10.97,70.41,52.01,40.1,completed
CHG0003912,EV000322,ST001,2026-06-04T21:00:00Z,91.3,25.97,87.84,41.95,33.61,completed
CHG0003913,EV000262,ST003,2026-06-05T00:00:00Z,38.0,24.25,80.95,32.3,40.52,completed
CHG0003914,EV000299,ST002,2026-06-05T03:00:00Z,54.0,42.55,73.01,58.91,34.37,completed
CHG0003915,EV000408,ST002,2026-06-05T06:00:00Z,31.4,30.55,78.11,57.91,39.4,completed
CHG0003916,EV000446,ST003,2026-06-05T09:00:00Z,55.7,21.32,71.71,51.79,39.34,completed
CHG0003917,EV000118,ST002,2026-06-05T12:00:00Z,47.3,33.8,91.22,77.06,41.35,completed
CHG0003918,EV000359,ST002,2026-06-05T15:00:00Z,39.8,39.6,88.55,48.11,34.66,completed
CHG0003919,EV000365,ST001,2026-06-05T18:00:00Z,28.0,25.38,73.43,76.7,51.53,completed
CHG0003920,EV000144,ST004,2026-06-05T21:00:00Z,55.6,23.2,72.32,66.59,32.88,completed
CHG0003921,EV000365,ST003,2026-06-06T00:00:00Z,45.2,41.19,71.71,59.88,37.19,completed
CHG0003922,EV000208,ST004,2026-06-06T03:00:00Z,49.1,24.19,93.28,65.22,35.41,completed
CHG0003923,EV000189,ST003,2026-06-06T06:00:00Z,28.4,12.99,88.5,46.88,55.97,completed
CHG0003924,EV000331,ST004,2026-06-06T09:00:00Z,48.9,20.66,81.83,43.04,38.28,completed
CHG0003925,EV000199,ST004,2026-06-06T12:00:00Z,49.8,29.67,94.61,52.04,34.06,completed
CHG0003926,EV000423,ST004,2026-06-06T15:00:00Z,51.1,28.27,83.93,43.27,49.78,completed
CHG0003927,EV000111,ST004,2026-06-06T18:00:00Z,36.5,15.16,73.36,51.8,47.0,completed
CHG0003928,EV000435,ST003,2026-06-06T21:00:00Z,45.4,18.55,77.38,55.4,27.79,completed
CHG0003929,EV000222,ST004,2026-06-07T00:00:00Z,35.9,39.56,78.22,47.17,38.81,completed
CHG0003930,EV000267,ST002,2026-06-07T03:00:00Z,60.2,20.15,94.16,49.05,36.7,completed
CHG0003931,EV000225,ST002,2026-06-07T06:00:00Z,42.3,43.54,96.61,35.87,36.3,completed
CHG0003932,EV000280,ST003,2026-06-07T09:00:00Z,50.4,35.9,71.97,51.31,39.19,completed
CHG0003933,EV000289,ST002,2026-06-07T12:00:00Z,38.2,25.03,90.09,46.3,32.25,completed
CHG0003934,EV000286,ST004,2026-06-07T15:00:00Z,92.7,34.26,75.93,40.72,39.63,completed
CHG0003935,EV000333,ST002,2026-06-07T18:00:00Z,55.1,35.21,75.86,55.29,34.34,completed
CHG0003936,EV000004,ST004,2026-06-07T21:00:00Z,61.0,11.54,80.27,32.21,39.14,completed
CHG0003937,EV000027,ST002,2026-06-08T00:00:00Z,48.3,41.54,85.86,43.3,40.02,completed
CHG0003938,EV000034,ST004,2026-06-08T03:00:00Z,50.8,12.44,77.42,55.1,53.37,completed
CHG0003939,EV000243,ST004,2026-06-08T06:00:00Z,38.9,11.07,74.77,45.29,44.86,completed
CHG0003940,EV000412,ST001,2026-06-08T09:00:00Z,77.8,19.44,81.51,53.91,45.93,completed
CHG0003941,EV000365,ST004,2026-06-08T12:00:00Z,43.7,28.02,94.74,71.13,34.42,completed
CHG0003942,EV000388,ST003,2026-06-08T15:00:00Z,47.2,21.02,92.93,71.5,38.82,completed
CHG0003943,EV000015,ST001,2026-06-08T18:00:00Z,47.6,36.47,71.4,45.62,39.21,completed
CHG0003944,EV000304,ST003,2026-06-08T21:00:00Z,45.9,15.71,77.9,56.82,47.54,completed
CHG0003945,EV000477,ST003,2026-06-09T00:00:00Z,98.8,35.19,94.98,67.06,45.25,completed
CHG0003946,EV000041,ST003,2026-06-09T03:00:00Z,49.1,24.47,78.77,50.53,54.04,completed
CHG0003947,EV000208,ST002,2026-06-09T06:00:00Z,50.8,28.83,81.49,61.2,41.93,completed
CHG0003948,EV000152,ST001,2026-06-09T09:00:00Z,33.1,30.47,83.23,58.46,34.3,completed
CHG0003949,EV000263,ST003,2026-06-09T12:00:00Z,43.8,18.73,82.12,55.8,37.77,completed
CHG0003950,EV000074,ST001,2026-06-09T15:00:00Z,45.9,16.85,77.72,51.2,41.99,completed
CHG0003951,EV000333,ST004,2026-06-09T18:00:00Z,60.1,18.3,92.47,61.46,43.04,completed
CHG0003952,EV000321,ST004,2026-06-09T21:00:00Z,83.9,41.23,85.58,38.78,39.68,completed
CHG0003953,EV000363,ST004,2026-06-10T00:00:00Z,54.7,13.57,91.24,51.95,35.35,completed
CHG0003954,EV000031,ST003,2026-06-10T03:00:00Z,44.5,29.62,74.7,50.2,36.4,completed
CHG0003955,EV000468,ST002,2026-06-10T06:00:00Z,34.8,41.61,80.6,44.33,50.29,completed
CHG0003956,EV000287,ST003,2026-06-10T09:00:00Z,37.6,38.57,70.92,65.34,40.91,completed
CHG0003957,EV000252,ST003,2026-06-10T12:00:00Z,51.3,35.93,80.72,47.26,40.5,completed
CHG0003958,EV000361,ST003,2026-06-10T15:00:00Z,40.7,28.0,97.05,66.2,51.8,completed
CHG0003959,EV000333,ST001,2026-06-10T18:00:00Z,37.3,34.66,84.66,56.6,44.92,completed
CHG0003960,EV000113,ST002,2026-06-10T21:00:00Z,57.6,28.94,84.82,46.92,51.46,completed
CHG0003961,EV000032,ST003,2026-06-11T00:00:00Z,108.9,28.29,89.34,52.08,32.34,completed
CHG0003962,EV000432,ST003,2026-06-11T03:00:00Z,44.9,43.86,95.33,67.96,42.79,completed
CHG0003963,EV000137,ST003,2026-06-11T06:00:00Z,52.8,13.25,79.97,59.17,51.47,completed
CHG0003964,EV000241,ST004,2026-06-11T09:00:00Z,51.7,41.28,84.25,54.25,34.97,completed
CHG0003965,EV000264,ST001,2026-06-11T12:00:00Z,33.1,14.77,83.29,58.61,40.77,completed
CHG0003966,EV000458,ST004,2026-06-11T15:00:00Z,57.3,15.49,75.98,51.07,38.24,completed
CHG0003967,EV000148,ST003,2026-06-11T18:00:00Z,53.8,36.42,84.86,51.72,35.49,completed
CHG0003968,EV000227,ST002,2026-06-11T21:00:00Z,55.5,30.88,76.39,60.21,43.07,completed
CHG0003969,EV000455,ST002,2026-06-12T00:00:00Z,52.6,23.69,84.78,52.84,41.7,completed
CHG0003970,EV000179,ST004,2026-06-12T03:00:00Z,64.6,26.32,71.34,55.94,36.49,completed
CHG0003971,EV000377,ST003,2026-06-12T06:00:00Z,90.8,17.94,85.5,48.61,34.4,completed
CHG0003972,EV000058,ST001,2026-06-12T09:00:00Z,50.8,15.58,76.3,58.82,40.29,completed
CHG0003973,EV000063,ST003,2026-06-12T12:00:00Z,39.5,15.52,97.76,57.12,35.7,completed
CHG0003974,EV000302,ST003,2026-06-12T15:00:00Z,63.6,14.59,77.9,58.41,38.43,completed
CHG0003975,EV000431,ST003,2026-06-12T18:00:00Z,53.7,39.73,76.96,52.45,49.92,completed
CHG0003976,EV000245,ST003,2026-06-12T21:00:00Z,57.6,17.12,91.6,68.86,46.51,completed
CHG0003977,EV000388,ST004,2026-06-13T00:00:00Z,56.4,18.28,78.93,61.95,41.7,completed
CHG0003978,EV000148,ST003,2026-06-13T03:00:00Z,59.8,36.08,87.89,61.37,38.47,completed
CHG0003979,EV000493,ST002,2026-06-13T06:00:00Z,41.6,14.87,90.6,71.99,40.05,completed
CHG0003980,EV000166,ST004,2026-06-13T09:00:00Z,64.0,35.91,95.3,48.82,34.54,completed
CHG0003981,EV000014,ST003,2026-06-13T12:00:00Z,33.4,27.9,83.24,60.79,28.73,completed
CHG0003982,EV000088,ST002,2026-06-13T15:00:00Z,41.5,19.92,75.52,50.01,48.57,completed
CHG0003983,EV000289,ST002,2026-06-13T18:00:00Z,52.4,20.76,90.29,57.05,39.25,completed
CHG0003984,EV000214,ST004,2026-06-13T21:00:00Z,59.4,19.96,85.0,54.91,39.73,completed
CHG0003985,EV000184,ST002,2026-06-14T00:00:00Z,51.9,36.45,82.58,58.98,39.91,completed
CHG0003986,EV000283,ST001,2026-06-14T03:00:00Z,39.7,40.35,77.8,70.99,35.99,completed
CHG0003987,EV000443,ST002,2026-06-14T06:00:00Z,54.4,37.84,70.22,66.62,33.79,completed
CHG0003988,EV000361,ST003,2026-06-14T09:00:00Z,65.0,32.13,75.27,55.92,53.95,completed
CHG0003989,EV000274,ST004,2026-06-14T12:00:00Z,34.6,21.52,70.03,50.49,42.9,completed
CHG0003990,EV000297,ST003,2026-06-14T15:00:00Z,43.5,17.57,83.43,48.31,35.43,completed
CHG0003991,EV000121,ST004,2026-06-14T18:00:00Z,51.4,23.57,81.67,56.43,55.7,completed
CHG0003992,EV000201,ST003,2026-06-14T21:00:00Z,50.6,35.68,85.93,55.28,36.89,completed
CHG0003993,EV000232,ST004,2026-06-15T00:00:00Z,49.1,23.38,84.5,62.47,43.09,completed
CHG0003994,EV000486,ST003,2026-06-15T03:00:00Z,38.5,15.11,81.29,28.8,37.1,completed
CHG0003995,EV000083,ST002,2026-06-15T06:00:00Z,51.8,40.47,71.44,49.2,43.81,completed
CHG0003996,EV000384,ST001,2026-06-15T09:00:00Z,44.3,26.23,91.36,50.96,33.65,completed
CHG0003997,EV000126,ST002,2026-06-15T12:00:00Z,56.4,41.35,82.83,70.15,36.31,completed
CHG0003998,EV000050,ST001,2026-06-15T15:00:00Z,58.9,40.6,84.8,64.85,33.09,completed
CHG0003999,EV000023,ST001,2026-06-15T18:00:00Z,43.9,11.28,79.71,40.96,53.07,completed
CHG0004000,EV000483,ST004,2026-06-15T21:00:00Z,37.5,22.34,94.72,56.45,35.0,completed
